[2025-12-31 21:03:43 +0000] [12560] [INFO] Starting gunicorn 23.0.0
[2025-12-31 21:03:43 +0000] [12560] [INFO] Listening at: unix:/home/ptahuser/ptah-studios/ptah-studios.sock (12560)
[2025-12-31 21:03:43 +0000] [12560] [INFO] Using worker: sync
[2025-12-31 21:03:43 +0000] [12561] [INFO] Booting worker with pid: 12561
[2025-12-31 21:03:43 +0000] [12562] [INFO] Booting worker with pid: 12562
[2025-12-31 21:03:43 +0000] [12563] [INFO] Booting worker with pid: 12563
[2025-12-31 21:33:35 +0000] [12560] [INFO] Handling signal: term
[2025-12-31 21:33:35 +0000] [12561] [INFO] Worker exiting (pid: 12561)
[2025-12-31 21:33:35 +0000] [12562] [INFO] Worker exiting (pid: 12562)
[2025-12-31 21:33:35 +0000] [12563] [INFO] Worker exiting (pid: 12563)
[2025-12-31 21:33:35 +0000] [12560] [ERROR] Worker (pid:12563) was sent SIGTERM!
[2025-12-31 21:33:35 +0000] [12560] [ERROR] Worker (pid:12562) was sent SIGTERM!
[2025-12-31 21:33:35 +0000] [12560] [INFO] Shutting down: Master
[2025-12-31 21:33:35 +0000] [13705] [INFO] Starting gunicorn 23.0.0
[2025-12-31 21:33:35 +0000] [13705] [INFO] Listening at: unix:/home/ptahuser/ptah-studios/ptah-studios.sock (13705)
[2025-12-31 21:33:35 +0000] [13705] [INFO] Using worker: sync
[2025-12-31 21:33:35 +0000] [13706] [INFO] Booting worker with pid: 13706
[2025-12-31 21:33:35 +0000] [13707] [INFO] Booting worker with pid: 13707
[2025-12-31 21:33:35 +0000] [13708] [INFO] Booting worker with pid: 13708
[2025-12-31 21:35:00 +0000] [13705] [INFO] Handling signal: term
[2025-12-31 21:35:00 +0000] [13706] [INFO] Worker exiting (pid: 13706)
[2025-12-31 21:35:00 +0000] [13708] [INFO] Worker exiting (pid: 13708)
[2025-12-31 21:35:00 +0000] [13707] [INFO] Worker exiting (pid: 13707)
[2025-12-31 21:35:00 +0000] [13705] [ERROR] Worker (pid:13708) was sent SIGTERM!
[2025-12-31 21:35:00 +0000] [13705] [ERROR] Worker (pid:13706) was sent SIGTERM!
[2025-12-31 21:35:00 +0000] [13705] [ERROR] Worker (pid:13707) was sent SIGTERM!
[2025-12-31 21:35:00 +0000] [13705] [INFO] Shutting down: Master
[2025-12-31 21:35:00 +0000] [13716] [INFO] Starting gunicorn 23.0.0
[2025-12-31 21:35:00 +0000] [13716] [INFO] Listening at: unix:/home/ptahuser/ptah-studios/ptah-studios.sock (13716)
[2025-12-31 21:35:00 +0000] [13716] [INFO] Using worker: sync
[2025-12-31 21:35:00 +0000] [13717] [INFO] Booting worker with pid: 13717
[2025-12-31 21:35:00 +0000] [13718] [INFO] Booting worker with pid: 13718
[2025-12-31 21:35:00 +0000] [13719] [INFO] Booting worker with pid: 13719
[2025-12-31 21:35:49 +0000] [13716] [INFO] Handling signal: term
[2025-12-31 21:35:49 +0000] [13717] [INFO] Worker exiting (pid: 13717)
[2025-12-31 21:35:49 +0000] [13718] [INFO] Worker exiting (pid: 13718)
[2025-12-31 21:35:49 +0000] [13719] [INFO] Worker exiting (pid: 13719)
[2025-12-31 21:35:49 +0000] [13716] [ERROR] Worker (pid:13718) was sent SIGTERM!
[2025-12-31 21:35:49 +0000] [13716] [ERROR] Worker (pid:13717) was sent SIGTERM!
[2025-12-31 21:35:49 +0000] [13716] [ERROR] Worker (pid:13719) was sent SIGTERM!
[2025-12-31 21:35:49 +0000] [13716] [INFO] Shutting down: Master
[2025-12-31 21:35:49 +0000] [13728] [INFO] Starting gunicorn 23.0.0
[2025-12-31 21:35:49 +0000] [13728] [INFO] Listening at: unix:/home/ptahuser/ptah-studios/ptah-studios.sock (13728)
[2025-12-31 21:35:49 +0000] [13728] [INFO] Using worker: sync
[2025-12-31 21:35:49 +0000] [13729] [INFO] Booting worker with pid: 13729
[2025-12-31 21:35:49 +0000] [13730] [INFO] Booting worker with pid: 13730
[2025-12-31 21:35:49 +0000] [13731] [INFO] Booting worker with pid: 13731
[2025-12-31 21:39:13 +0000] [13728] [INFO] Handling signal: term
[2025-12-31 21:39:13 +0000] [13729] [INFO] Worker exiting (pid: 13729)
[2025-12-31 21:39:13 +0000] [13730] [INFO] Worker exiting (pid: 13730)
[2025-12-31 21:39:13 +0000] [13731] [INFO] Worker exiting (pid: 13731)
[2025-12-31 21:39:13 +0000] [13728] [ERROR] Worker (pid:13730) was sent SIGTERM!
[2025-12-31 21:39:13 +0000] [13728] [ERROR] Worker (pid:13729) was sent SIGTERM!
[2025-12-31 21:39:13 +0000] [13728] [INFO] Shutting down: Master
[2025-12-31 21:39:13 +0000] [13738] [INFO] Starting gunicorn 23.0.0
[2025-12-31 21:39:13 +0000] [13738] [INFO] Listening at: unix:/home/ptahuser/ptah-studios/ptah-studios.sock (13738)
[2025-12-31 21:39:13 +0000] [13738] [INFO] Using worker: sync
[2025-12-31 21:39:13 +0000] [13740] [INFO] Booting worker with pid: 13740
[2025-12-31 21:39:13 +0000] [13741] [INFO] Booting worker with pid: 13741
[2025-12-31 21:39:13 +0000] [13742] [INFO] Booting worker with pid: 13742
[2026-01-01 03:37:28 +0000] [13740] [INFO] Worker exiting (pid: 13740)
[2026-01-01 03:37:28 +0000] [13741] [INFO] Worker exiting (pid: 13741)
[2026-01-01 03:37:28 +0000] [13742] [INFO] Worker exiting (pid: 13742)
[2026-01-01 03:37:28 +0000] [13738] [INFO] Handling signal: term
[2026-01-01 03:37:29 +0000] [13738] [ERROR] Worker (pid:13740) was sent SIGTERM!
[2026-01-01 03:37:29 +0000] [13738] [ERROR] Worker (pid:13741) was sent SIGTERM!
[2026-01-01 03:37:29 +0000] [13738] [ERROR] Worker (pid:13742) was sent SIGTERM!
[2026-01-01 03:37:29 +0000] [13738] [INFO] Shutting down: Master
[2026-01-01 03:37:29 +0000] [14522] [INFO] Starting gunicorn 23.0.0
[2026-01-01 03:37:29 +0000] [14522] [INFO] Listening at: unix:/home/ptahuser/ptah-studios/ptah-studios.sock (14522)
[2026-01-01 03:37:29 +0000] [14522] [INFO] Using worker: sync
[2026-01-01 03:37:29 +0000] [14524] [INFO] Booting worker with pid: 14524
[2026-01-01 03:37:29 +0000] [14525] [INFO] Booting worker with pid: 14525
[2026-01-01 03:37:29 +0000] [14526] [INFO] Booting worker with pid: 14526
[2026-01-03 13:39:40,190] ERROR in app: Exception on /admin/inquiries [GET]
Traceback (most recent call last):
  File "/home/ptahuser/ptah-studios/venv/lib/python3.10/site-packages/flask/app.py", line 1511, in wsgi_app
    response = self.full_dispatch_request()
  File "/home/ptahuser/ptah-studios/venv/lib/python3.10/site-packages/flask/app.py", line 919, in full_dispatch_request
    rv = self.handle_user_exception(e)
  File "/home/ptahuser/ptah-studios/venv/lib/python3.10/site-packages/flask/app.py", line 917, in full_dispatch_request
    rv = self.dispatch_request()
  File "/home/ptahuser/ptah-studios/venv/lib/python3.10/site-packages/flask/app.py", line 902, in dispatch_request
    return self.ensure_sync(self.view_functions[rule.endpoint])(**view_args)  # type: ignore[no-any-return]
  File "/home/ptahuser/ptah-studios/app.py", line 132, in decorated_function
    return f(*args, **kwargs)
  File "/home/ptahuser/ptah-studios/app.py", line 1276, in admin_inquiries
    return render_template('admin/inquiries.html', inquiries=inquiries, new_inquiries=new_inquiries)
  File "/home/ptahuser/ptah-studios/venv/lib/python3.10/site-packages/flask/templating.py", line 149, in render_template
    template = app.jinja_env.get_or_select_template(template_name_or_list)
  File "/home/ptahuser/ptah-studios/venv/lib/python3.10/site-packages/jinja2/environment.py", line 1087, in get_or_select_template
    return self.get_template(template_name_or_list, parent, globals)
  File "/home/ptahuser/ptah-studios/venv/lib/python3.10/site-packages/jinja2/environment.py", line 1016, in get_template
    return self._load_template(name, globals)
  File "/home/ptahuser/ptah-studios/venv/lib/python3.10/site-packages/jinja2/environment.py", line 975, in _load_template
    template = self.loader.load(self, name, self.make_globals(globals))
  File "/home/ptahuser/ptah-studios/venv/lib/python3.10/site-packages/jinja2/loaders.py", line 126, in load
    source, filename, uptodate = self.get_source(environment, name)
  File "/home/ptahuser/ptah-studios/venv/lib/python3.10/site-packages/flask/templating.py", line 65, in get_source
    return self._get_source_fast(environment, template)
  File "/home/ptahuser/ptah-studios/venv/lib/python3.10/site-packages/flask/templating.py", line 99, in _get_source_fast
    raise TemplateNotFound(template)
jinja2.exceptions.TemplateNotFound: admin/inquiries.html
[2026-01-04 03:48:10 +0000] [14524] [INFO] Worker exiting (pid: 14524)
[2026-01-04 03:48:10 +0000] [14525] [INFO] Worker exiting (pid: 14525)
[2026-01-04 03:48:10 +0000] [14526] [INFO] Worker exiting (pid: 14526)
[2026-01-04 03:48:10 +0000] [14522] [INFO] Handling signal: term
[2026-01-04 03:48:10 +0000] [14522] [ERROR] Worker (pid:14524) was sent SIGTERM!
[2026-01-04 03:48:10 +0000] [14522] [ERROR] Worker (pid:14525) was sent SIGTERM!
[2026-01-04 03:48:10 +0000] [14522] [ERROR] Worker (pid:14526) was sent SIGTERM!
[2026-01-04 03:48:10 +0000] [14522] [INFO] Shutting down: Master
[2026-01-04 03:48:11 +0000] [21464] [INFO] Starting gunicorn 23.0.0
[2026-01-04 03:48:11 +0000] [21464] [INFO] Listening at: unix:/home/ptahuser/ptah-studios/ptah-studios.sock (21464)
[2026-01-04 03:48:11 +0000] [21464] [INFO] Using worker: sync
[2026-01-04 03:48:11 +0000] [21466] [INFO] Booting worker with pid: 21466
[2026-01-04 03:48:11 +0000] [21467] [INFO] Booting worker with pid: 21467
[2026-01-04 03:48:11 +0000] [21468] [INFO] Booting worker with pid: 21468
[2026-01-05 00:44:06 +0000] [21468] [INFO] Worker exiting (pid: 21468)
[2026-01-05 00:44:06 +0000] [21466] [INFO] Worker exiting (pid: 21466)
[2026-01-05 00:44:06 +0000] [21467] [INFO] Worker exiting (pid: 21467)
[2026-01-05 00:44:06 +0000] [21464] [INFO] Handling signal: term
[2026-01-05 00:44:06 +0000] [21464] [ERROR] Worker (pid:21467) was sent SIGTERM!
[2026-01-05 00:44:06 +0000] [21464] [ERROR] Worker (pid:21466) was sent SIGTERM!
[2026-01-05 00:44:06 +0000] [21464] [ERROR] Worker (pid:21468) was sent SIGTERM!
[2026-01-05 00:44:06 +0000] [21464] [INFO] Shutting down: Master
[2026-01-05 00:44:06 +0000] [23772] [INFO] Starting gunicorn 23.0.0
[2026-01-05 00:44:06 +0000] [23772] [INFO] Listening at: unix:/home/ptahuser/ptah-studios/ptah-studios.sock (23772)
[2026-01-05 00:44:06 +0000] [23772] [INFO] Using worker: sync
[2026-01-05 00:44:06 +0000] [23773] [INFO] Booting worker with pid: 23773
[2026-01-05 00:44:06 +0000] [23774] [INFO] Booting worker with pid: 23774
[2026-01-05 00:44:06 +0000] [23775] [INFO] Booting worker with pid: 23775
[2026-01-05 00:53:30 +0000] [23773] [INFO] Worker exiting (pid: 23773)
[2026-01-05 00:53:30 +0000] [23775] [INFO] Worker exiting (pid: 23775)
[2026-01-05 00:53:30 +0000] [23774] [INFO] Worker exiting (pid: 23774)
[2026-01-05 00:53:30 +0000] [23772] [INFO] Handling signal: term
[2026-01-05 00:53:30 +0000] [23772] [ERROR] Worker (pid:23775) was sent SIGTERM!
[2026-01-05 00:53:30 +0000] [23772] [ERROR] Worker (pid:23774) was sent SIGTERM!
[2026-01-05 00:53:30 +0000] [23772] [ERROR] Worker (pid:23773) was sent SIGTERM!
[2026-01-05 00:53:31 +0000] [23772] [INFO] Shutting down: Master
[2026-01-05 00:53:31 +0000] [23967] [INFO] Starting gunicorn 23.0.0
[2026-01-05 00:53:31 +0000] [23967] [INFO] Listening at: unix:/home/ptahuser/ptah-studios/ptah-studios.sock (23967)
[2026-01-05 00:53:31 +0000] [23967] [INFO] Using worker: sync
[2026-01-05 00:53:31 +0000] [23969] [INFO] Booting worker with pid: 23969
[2026-01-05 00:53:31 +0000] [23970] [INFO] Booting worker with pid: 23970
[2026-01-05 00:53:31 +0000] [23971] [INFO] Booting worker with pid: 23971
[2026-01-05 00:54:10,056] ERROR in app: Exception on /portfolio/digital-whiteboard [GET]
Traceback (most recent call last):
  File "/home/ptahuser/ptah-studios/venv/lib/python3.10/site-packages/flask/app.py", line 1511, in wsgi_app
    response = self.full_dispatch_request()
  File "/home/ptahuser/ptah-studios/venv/lib/python3.10/site-packages/flask/app.py", line 919, in full_dispatch_request
    rv = self.handle_user_exception(e)
  File "/home/ptahuser/ptah-studios/venv/lib/python3.10/site-packages/flask/app.py", line 917, in full_dispatch_request
    rv = self.dispatch_request()
  File "/home/ptahuser/ptah-studios/venv/lib/python3.10/site-packages/flask/app.py", line 902, in dispatch_request
    return self.ensure_sync(self.view_functions[rule.endpoint])(**view_args)  # type: ignore[no-any-return]
  File "/home/ptahuser/ptah-studios/app.py", line 684, in portfolio_item
    return render_template('public/portfolio_item.html', item=item)
  File "/home/ptahuser/ptah-studios/venv/lib/python3.10/site-packages/flask/templating.py", line 149, in render_template
    template = app.jinja_env.get_or_select_template(template_name_or_list)
  File "/home/ptahuser/ptah-studios/venv/lib/python3.10/site-packages/jinja2/environment.py", line 1087, in get_or_select_template
    return self.get_template(template_name_or_list, parent, globals)
  File "/home/ptahuser/ptah-studios/venv/lib/python3.10/site-packages/jinja2/environment.py", line 1016, in get_template
    return self._load_template(name, globals)
  File "/home/ptahuser/ptah-studios/venv/lib/python3.10/site-packages/jinja2/environment.py", line 975, in _load_template
    template = self.loader.load(self, name, self.make_globals(globals))
  File "/home/ptahuser/ptah-studios/venv/lib/python3.10/site-packages/jinja2/loaders.py", line 138, in load
    code = environment.compile(source, name, filename)
  File "/home/ptahuser/ptah-studios/venv/lib/python3.10/site-packages/jinja2/environment.py", line 771, in compile
    self.handle_exception(source=source_hint)
  File "/home/ptahuser/ptah-studios/venv/lib/python3.10/site-packages/jinja2/environment.py", line 942, in handle_exception
    raise rewrite_traceback_stack(source=source)
  File "/home/ptahuser/ptah-studios/templates/public/portfolio_item.html", line 1597, in template
    {% endblock %}
jinja2.exceptions.TemplateSyntaxError: Encountered unknown tag 'endblock'.
[2026-01-05 00:56:57,893] ERROR in app: Exception on /portfolio/digital-whiteboard [GET]
Traceback (most recent call last):
  File "/home/ptahuser/ptah-studios/venv/lib/python3.10/site-packages/flask/app.py", line 1511, in wsgi_app
    response = self.full_dispatch_request()
  File "/home/ptahuser/ptah-studios/venv/lib/python3.10/site-packages/flask/app.py", line 919, in full_dispatch_request
    rv = self.handle_user_exception(e)
  File "/home/ptahuser/ptah-studios/venv/lib/python3.10/site-packages/flask/app.py", line 917, in full_dispatch_request
    rv = self.dispatch_request()
  File "/home/ptahuser/ptah-studios/venv/lib/python3.10/site-packages/flask/app.py", line 902, in dispatch_request
    return self.ensure_sync(self.view_functions[rule.endpoint])(**view_args)  # type: ignore[no-any-return]
  File "/home/ptahuser/ptah-studios/app.py", line 684, in portfolio_item
    return render_template('public/portfolio_item.html', item=item)
  File "/home/ptahuser/ptah-studios/venv/lib/python3.10/site-packages/flask/templating.py", line 149, in render_template
    template = app.jinja_env.get_or_select_template(template_name_or_list)
  File "/home/ptahuser/ptah-studios/venv/lib/python3.10/site-packages/jinja2/environment.py", line 1087, in get_or_select_template
    return self.get_template(template_name_or_list, parent, globals)
  File "/home/ptahuser/ptah-studios/venv/lib/python3.10/site-packages/jinja2/environment.py", line 1016, in get_template
    return self._load_template(name, globals)
  File "/home/ptahuser/ptah-studios/venv/lib/python3.10/site-packages/jinja2/environment.py", line 975, in _load_template
    template = self.loader.load(self, name, self.make_globals(globals))
  File "/home/ptahuser/ptah-studios/venv/lib/python3.10/site-packages/jinja2/loaders.py", line 138, in load
    code = environment.compile(source, name, filename)
  File "/home/ptahuser/ptah-studios/venv/lib/python3.10/site-packages/jinja2/environment.py", line 771, in compile
    self.handle_exception(source=source_hint)
  File "/home/ptahuser/ptah-studios/venv/lib/python3.10/site-packages/jinja2/environment.py", line 942, in handle_exception
    raise rewrite_traceback_stack(source=source)
  File "/home/ptahuser/ptah-studios/templates/public/portfolio_item.html", line 1597, in template
    {% endblock %}
jinja2.exceptions.TemplateSyntaxError: Encountered unknown tag 'endblock'.
[2026-01-05 00:57:15,836] ERROR in app: Exception on /portfolio/digital-whiteboard [GET]
Traceback (most recent call last):
  File "/home/ptahuser/ptah-studios/venv/lib/python3.10/site-packages/flask/app.py", line 1511, in wsgi_app
    response = self.full_dispatch_request()
  File "/home/ptahuser/ptah-studios/venv/lib/python3.10/site-packages/flask/app.py", line 919, in full_dispatch_request
    rv = self.handle_user_exception(e)
  File "/home/ptahuser/ptah-studios/venv/lib/python3.10/site-packages/flask/app.py", line 917, in full_dispatch_request
    rv = self.dispatch_request()
  File "/home/ptahuser/ptah-studios/venv/lib/python3.10/site-packages/flask/app.py", line 902, in dispatch_request
    return self.ensure_sync(self.view_functions[rule.endpoint])(**view_args)  # type: ignore[no-any-return]
  File "/home/ptahuser/ptah-studios/app.py", line 684, in portfolio_item
    return render_template('public/portfolio_item.html', item=item)
  File "/home/ptahuser/ptah-studios/venv/lib/python3.10/site-packages/flask/templating.py", line 149, in render_template
    template = app.jinja_env.get_or_select_template(template_name_or_list)
  File "/home/ptahuser/ptah-studios/venv/lib/python3.10/site-packages/jinja2/environment.py", line 1087, in get_or_select_template
    return self.get_template(template_name_or_list, parent, globals)
  File "/home/ptahuser/ptah-studios/venv/lib/python3.10/site-packages/jinja2/environment.py", line 1016, in get_template
    return self._load_template(name, globals)
  File "/home/ptahuser/ptah-studios/venv/lib/python3.10/site-packages/jinja2/environment.py", line 975, in _load_template
    template = self.loader.load(self, name, self.make_globals(globals))
  File "/home/ptahuser/ptah-studios/venv/lib/python3.10/site-packages/jinja2/loaders.py", line 138, in load
    code = environment.compile(source, name, filename)
  File "/home/ptahuser/ptah-studios/venv/lib/python3.10/site-packages/jinja2/environment.py", line 771, in compile
    self.handle_exception(source=source_hint)
  File "/home/ptahuser/ptah-studios/venv/lib/python3.10/site-packages/jinja2/environment.py", line 942, in handle_exception
    raise rewrite_traceback_stack(source=source)
  File "/home/ptahuser/ptah-studios/templates/public/portfolio_item.html", line 1597, in template
    {% endblock %}
jinja2.exceptions.TemplateSyntaxError: Encountered unknown tag 'endblock'.
[2026-01-05 00:57:19,732] ERROR in app: Exception on /portfolio/modern-kitchen [GET]
Traceback (most recent call last):
  File "/home/ptahuser/ptah-studios/venv/lib/python3.10/site-packages/flask/app.py", line 1511, in wsgi_app
    response = self.full_dispatch_request()
  File "/home/ptahuser/ptah-studios/venv/lib/python3.10/site-packages/flask/app.py", line 919, in full_dispatch_request
    rv = self.handle_user_exception(e)
  File "/home/ptahuser/ptah-studios/venv/lib/python3.10/site-packages/flask/app.py", line 917, in full_dispatch_request
    rv = self.dispatch_request()
  File "/home/ptahuser/ptah-studios/venv/lib/python3.10/site-packages/flask/app.py", line 902, in dispatch_request
    return self.ensure_sync(self.view_functions[rule.endpoint])(**view_args)  # type: ignore[no-any-return]
  File "/home/ptahuser/ptah-studios/app.py", line 684, in portfolio_item
    return render_template('public/portfolio_item.html', item=item)
  File "/home/ptahuser/ptah-studios/venv/lib/python3.10/site-packages/flask/templating.py", line 149, in render_template
    template = app.jinja_env.get_or_select_template(template_name_or_list)
  File "/home/ptahuser/ptah-studios/venv/lib/python3.10/site-packages/jinja2/environment.py", line 1087, in get_or_select_template
    return self.get_template(template_name_or_list, parent, globals)
  File "/home/ptahuser/ptah-studios/venv/lib/python3.10/site-packages/jinja2/environment.py", line 1016, in get_template
    return self._load_template(name, globals)
  File "/home/ptahuser/ptah-studios/venv/lib/python3.10/site-packages/jinja2/environment.py", line 975, in _load_template
    template = self.loader.load(self, name, self.make_globals(globals))
  File "/home/ptahuser/ptah-studios/venv/lib/python3.10/site-packages/jinja2/loaders.py", line 138, in load
    code = environment.compile(source, name, filename)
  File "/home/ptahuser/ptah-studios/venv/lib/python3.10/site-packages/jinja2/environment.py", line 771, in compile
    self.handle_exception(source=source_hint)
  File "/home/ptahuser/ptah-studios/venv/lib/python3.10/site-packages/jinja2/environment.py", line 942, in handle_exception
    raise rewrite_traceback_stack(source=source)
  File "/home/ptahuser/ptah-studios/templates/public/portfolio_item.html", line 1597, in template
    {% endblock %}
jinja2.exceptions.TemplateSyntaxError: Encountered unknown tag 'endblock'.
[2026-01-05 01:08:34,856] ERROR in app: Exception on /portfolio/digital-whiteboard [GET]
Traceback (most recent call last):
  File "/home/ptahuser/ptah-studios/venv/lib/python3.10/site-packages/flask/app.py", line 1511, in wsgi_app
    response = self.full_dispatch_request()
  File "/home/ptahuser/ptah-studios/venv/lib/python3.10/site-packages/flask/app.py", line 919, in full_dispatch_request
    rv = self.handle_user_exception(e)
  File "/home/ptahuser/ptah-studios/venv/lib/python3.10/site-packages/flask/app.py", line 917, in full_dispatch_request
    rv = self.dispatch_request()
  File "/home/ptahuser/ptah-studios/venv/lib/python3.10/site-packages/flask/app.py", line 902, in dispatch_request
    return self.ensure_sync(self.view_functions[rule.endpoint])(**view_args)  # type: ignore[no-any-return]
  File "/home/ptahuser/ptah-studios/app.py", line 684, in portfolio_item
    return render_template('public/portfolio_item.html', item=item)
  File "/home/ptahuser/ptah-studios/venv/lib/python3.10/site-packages/flask/templating.py", line 149, in render_template
    template = app.jinja_env.get_or_select_template(template_name_or_list)
  File "/home/ptahuser/ptah-studios/venv/lib/python3.10/site-packages/jinja2/environment.py", line 1087, in get_or_select_template
    return self.get_template(template_name_or_list, parent, globals)
  File "/home/ptahuser/ptah-studios/venv/lib/python3.10/site-packages/jinja2/environment.py", line 1016, in get_template
    return self._load_template(name, globals)
  File "/home/ptahuser/ptah-studios/venv/lib/python3.10/site-packages/jinja2/environment.py", line 975, in _load_template
    template = self.loader.load(self, name, self.make_globals(globals))
  File "/home/ptahuser/ptah-studios/venv/lib/python3.10/site-packages/jinja2/loaders.py", line 138, in load
    code = environment.compile(source, name, filename)
  File "/home/ptahuser/ptah-studios/venv/lib/python3.10/site-packages/jinja2/environment.py", line 771, in compile
    self.handle_exception(source=source_hint)
  File "/home/ptahuser/ptah-studios/venv/lib/python3.10/site-packages/jinja2/environment.py", line 942, in handle_exception
    raise rewrite_traceback_stack(source=source)
  File "/home/ptahuser/ptah-studios/templates/public/portfolio_item.html", line 1597, in template
    {% endblock %}
jinja2.exceptions.TemplateSyntaxError: Encountered unknown tag 'endblock'.
[2026-01-05 01:08:35,321] ERROR in app: Exception on /portfolio/modern-kitchen [GET]
Traceback (most recent call last):
  File "/home/ptahuser/ptah-studios/venv/lib/python3.10/site-packages/flask/app.py", line 1511, in wsgi_app
    response = self.full_dispatch_request()
  File "/home/ptahuser/ptah-studios/venv/lib/python3.10/site-packages/flask/app.py", line 919, in full_dispatch_request
    rv = self.handle_user_exception(e)
  File "/home/ptahuser/ptah-studios/venv/lib/python3.10/site-packages/flask/app.py", line 917, in full_dispatch_request
    rv = self.dispatch_request()
  File "/home/ptahuser/ptah-studios/venv/lib/python3.10/site-packages/flask/app.py", line 902, in dispatch_request
    return self.ensure_sync(self.view_functions[rule.endpoint])(**view_args)  # type: ignore[no-any-return]
  File "/home/ptahuser/ptah-studios/app.py", line 684, in portfolio_item
    return render_template('public/portfolio_item.html', item=item)
  File "/home/ptahuser/ptah-studios/venv/lib/python3.10/site-packages/flask/templating.py", line 149, in render_template
    template = app.jinja_env.get_or_select_template(template_name_or_list)
  File "/home/ptahuser/ptah-studios/venv/lib/python3.10/site-packages/jinja2/environment.py", line 1087, in get_or_select_template
    return self.get_template(template_name_or_list, parent, globals)
  File "/home/ptahuser/ptah-studios/venv/lib/python3.10/site-packages/jinja2/environment.py", line 1016, in get_template
    return self._load_template(name, globals)
  File "/home/ptahuser/ptah-studios/venv/lib/python3.10/site-packages/jinja2/environment.py", line 975, in _load_template
    template = self.loader.load(self, name, self.make_globals(globals))
  File "/home/ptahuser/ptah-studios/venv/lib/python3.10/site-packages/jinja2/loaders.py", line 138, in load
    code = environment.compile(source, name, filename)
  File "/home/ptahuser/ptah-studios/venv/lib/python3.10/site-packages/jinja2/environment.py", line 771, in compile
    self.handle_exception(source=source_hint)
  File "/home/ptahuser/ptah-studios/venv/lib/python3.10/site-packages/jinja2/environment.py", line 942, in handle_exception
    raise rewrite_traceback_stack(source=source)
  File "/home/ptahuser/ptah-studios/templates/public/portfolio_item.html", line 1597, in template
    {% endblock %}
jinja2.exceptions.TemplateSyntaxError: Encountered unknown tag 'endblock'.
[2026-01-05 01:09:01,390] ERROR in app: Exception on /portfolio/modern-kitchen [GET]
Traceback (most recent call last):
  File "/home/ptahuser/ptah-studios/venv/lib/python3.10/site-packages/flask/app.py", line 1511, in wsgi_app
    response = self.full_dispatch_request()
  File "/home/ptahuser/ptah-studios/venv/lib/python3.10/site-packages/flask/app.py", line 919, in full_dispatch_request
    rv = self.handle_user_exception(e)
  File "/home/ptahuser/ptah-studios/venv/lib/python3.10/site-packages/flask/app.py", line 917, in full_dispatch_request
    rv = self.dispatch_request()
  File "/home/ptahuser/ptah-studios/venv/lib/python3.10/site-packages/flask/app.py", line 902, in dispatch_request
    return self.ensure_sync(self.view_functions[rule.endpoint])(**view_args)  # type: ignore[no-any-return]
  File "/home/ptahuser/ptah-studios/app.py", line 684, in portfolio_item
    return render_template('public/portfolio_item.html', item=item)
  File "/home/ptahuser/ptah-studios/venv/lib/python3.10/site-packages/flask/templating.py", line 149, in render_template
    template = app.jinja_env.get_or_select_template(template_name_or_list)
  File "/home/ptahuser/ptah-studios/venv/lib/python3.10/site-packages/jinja2/environment.py", line 1087, in get_or_select_template
    return self.get_template(template_name_or_list, parent, globals)
  File "/home/ptahuser/ptah-studios/venv/lib/python3.10/site-packages/jinja2/environment.py", line 1016, in get_template
    return self._load_template(name, globals)
  File "/home/ptahuser/ptah-studios/venv/lib/python3.10/site-packages/jinja2/environment.py", line 975, in _load_template
    template = self.loader.load(self, name, self.make_globals(globals))
  File "/home/ptahuser/ptah-studios/venv/lib/python3.10/site-packages/jinja2/loaders.py", line 138, in load
    code = environment.compile(source, name, filename)
  File "/home/ptahuser/ptah-studios/venv/lib/python3.10/site-packages/jinja2/environment.py", line 771, in compile
    self.handle_exception(source=source_hint)
  File "/home/ptahuser/ptah-studios/venv/lib/python3.10/site-packages/jinja2/environment.py", line 942, in handle_exception
    raise rewrite_traceback_stack(source=source)
  File "/home/ptahuser/ptah-studios/templates/public/portfolio_item.html", line 1597, in template
    {% endblock %}
jinja2.exceptions.TemplateSyntaxError: Encountered unknown tag 'endblock'.
[2026-01-05 01:09:01,757] ERROR in app: Exception on /portfolio/digital-whiteboard [GET]
Traceback (most recent call last):
  File "/home/ptahuser/ptah-studios/venv/lib/python3.10/site-packages/flask/app.py", line 1511, in wsgi_app
    response = self.full_dispatch_request()
  File "/home/ptahuser/ptah-studios/venv/lib/python3.10/site-packages/flask/app.py", line 919, in full_dispatch_request
    rv = self.handle_user_exception(e)
  File "/home/ptahuser/ptah-studios/venv/lib/python3.10/site-packages/flask/app.py", line 917, in full_dispatch_request
    rv = self.dispatch_request()
  File "/home/ptahuser/ptah-studios/venv/lib/python3.10/site-packages/flask/app.py", line 902, in dispatch_request
    return self.ensure_sync(self.view_functions[rule.endpoint])(**view_args)  # type: ignore[no-any-return]
  File "/home/ptahuser/ptah-studios/app.py", line 684, in portfolio_item
    return render_template('public/portfolio_item.html', item=item)
  File "/home/ptahuser/ptah-studios/venv/lib/python3.10/site-packages/flask/templating.py", line 149, in render_template
    template = app.jinja_env.get_or_select_template(template_name_or_list)
  File "/home/ptahuser/ptah-studios/venv/lib/python3.10/site-packages/jinja2/environment.py", line 1087, in get_or_select_template
    return self.get_template(template_name_or_list, parent, globals)
  File "/home/ptahuser/ptah-studios/venv/lib/python3.10/site-packages/jinja2/environment.py", line 1016, in get_template
    return self._load_template(name, globals)
  File "/home/ptahuser/ptah-studios/venv/lib/python3.10/site-packages/jinja2/environment.py", line 975, in _load_template
    template = self.loader.load(self, name, self.make_globals(globals))
  File "/home/ptahuser/ptah-studios/venv/lib/python3.10/site-packages/jinja2/loaders.py", line 138, in load
    code = environment.compile(source, name, filename)
  File "/home/ptahuser/ptah-studios/venv/lib/python3.10/site-packages/jinja2/environment.py", line 771, in compile
    self.handle_exception(source=source_hint)
  File "/home/ptahuser/ptah-studios/venv/lib/python3.10/site-packages/jinja2/environment.py", line 942, in handle_exception
    raise rewrite_traceback_stack(source=source)
  File "/home/ptahuser/ptah-studios/templates/public/portfolio_item.html", line 1597, in template
    {% endblock %}
jinja2.exceptions.TemplateSyntaxError: Encountered unknown tag 'endblock'.
[2026-01-05 01:09:41,007] ERROR in app: Exception on /portfolio/modern-kitchen [GET]
Traceback (most recent call last):
  File "/home/ptahuser/ptah-studios/venv/lib/python3.10/site-packages/flask/app.py", line 1511, in wsgi_app
    response = self.full_dispatch_request()
  File "/home/ptahuser/ptah-studios/venv/lib/python3.10/site-packages/flask/app.py", line 919, in full_dispatch_request
    rv = self.handle_user_exception(e)
  File "/home/ptahuser/ptah-studios/venv/lib/python3.10/site-packages/flask/app.py", line 917, in full_dispatch_request
    rv = self.dispatch_request()
  File "/home/ptahuser/ptah-studios/venv/lib/python3.10/site-packages/flask/app.py", line 902, in dispatch_request
    return self.ensure_sync(self.view_functions[rule.endpoint])(**view_args)  # type: ignore[no-any-return]
  File "/home/ptahuser/ptah-studios/app.py", line 684, in portfolio_item
    return render_template('public/portfolio_item.html', item=item)
  File "/home/ptahuser/ptah-studios/venv/lib/python3.10/site-packages/flask/templating.py", line 149, in render_template
    template = app.jinja_env.get_or_select_template(template_name_or_list)
  File "/home/ptahuser/ptah-studios/venv/lib/python3.10/site-packages/jinja2/environment.py", line 1087, in get_or_select_template
    return self.get_template(template_name_or_list, parent, globals)
  File "/home/ptahuser/ptah-studios/venv/lib/python3.10/site-packages/jinja2/environment.py", line 1016, in get_template
    return self._load_template(name, globals)
  File "/home/ptahuser/ptah-studios/venv/lib/python3.10/site-packages/jinja2/environment.py", line 975, in _load_template
    template = self.loader.load(self, name, self.make_globals(globals))
  File "/home/ptahuser/ptah-studios/venv/lib/python3.10/site-packages/jinja2/loaders.py", line 138, in load
    code = environment.compile(source, name, filename)
  File "/home/ptahuser/ptah-studios/venv/lib/python3.10/site-packages/jinja2/environment.py", line 771, in compile
    self.handle_exception(source=source_hint)
  File "/home/ptahuser/ptah-studios/venv/lib/python3.10/site-packages/jinja2/environment.py", line 942, in handle_exception
    raise rewrite_traceback_stack(source=source)
  File "/home/ptahuser/ptah-studios/templates/public/portfolio_item.html", line 1597, in template
    {% endblock %}
jinja2.exceptions.TemplateSyntaxError: Encountered unknown tag 'endblock'.
[2026-01-05 01:09:41,446] ERROR in app: Exception on /portfolio/digital-whiteboard [GET]
Traceback (most recent call last):
  File "/home/ptahuser/ptah-studios/venv/lib/python3.10/site-packages/flask/app.py", line 1511, in wsgi_app
    response = self.full_dispatch_request()
  File "/home/ptahuser/ptah-studios/venv/lib/python3.10/site-packages/flask/app.py", line 919, in full_dispatch_request
    rv = self.handle_user_exception(e)
  File "/home/ptahuser/ptah-studios/venv/lib/python3.10/site-packages/flask/app.py", line 917, in full_dispatch_request
    rv = self.dispatch_request()
  File "/home/ptahuser/ptah-studios/venv/lib/python3.10/site-packages/flask/app.py", line 902, in dispatch_request
    return self.ensure_sync(self.view_functions[rule.endpoint])(**view_args)  # type: ignore[no-any-return]
  File "/home/ptahuser/ptah-studios/app.py", line 684, in portfolio_item
    return render_template('public/portfolio_item.html', item=item)
  File "/home/ptahuser/ptah-studios/venv/lib/python3.10/site-packages/flask/templating.py", line 149, in render_template
    template = app.jinja_env.get_or_select_template(template_name_or_list)
  File "/home/ptahuser/ptah-studios/venv/lib/python3.10/site-packages/jinja2/environment.py", line 1087, in get_or_select_template
    return self.get_template(template_name_or_list, parent, globals)
  File "/home/ptahuser/ptah-studios/venv/lib/python3.10/site-packages/jinja2/environment.py", line 1016, in get_template
    return self._load_template(name, globals)
  File "/home/ptahuser/ptah-studios/venv/lib/python3.10/site-packages/jinja2/environment.py", line 975, in _load_template
    template = self.loader.load(self, name, self.make_globals(globals))
  File "/home/ptahuser/ptah-studios/venv/lib/python3.10/site-packages/jinja2/loaders.py", line 138, in load
    code = environment.compile(source, name, filename)
  File "/home/ptahuser/ptah-studios/venv/lib/python3.10/site-packages/jinja2/environment.py", line 771, in compile
    self.handle_exception(source=source_hint)
  File "/home/ptahuser/ptah-studios/venv/lib/python3.10/site-packages/jinja2/environment.py", line 942, in handle_exception
    raise rewrite_traceback_stack(source=source)
  File "/home/ptahuser/ptah-studios/templates/public/portfolio_item.html", line 1597, in template
    {% endblock %}
jinja2.exceptions.TemplateSyntaxError: Encountered unknown tag 'endblock'.
[2026-01-05 01:10:31,842] ERROR in app: Exception on /portfolio/modern-kitchen [GET]
Traceback (most recent call last):
  File "/home/ptahuser/ptah-studios/venv/lib/python3.10/site-packages/flask/app.py", line 1511, in wsgi_app
    response = self.full_dispatch_request()
  File "/home/ptahuser/ptah-studios/venv/lib/python3.10/site-packages/flask/app.py", line 919, in full_dispatch_request
    rv = self.handle_user_exception(e)
  File "/home/ptahuser/ptah-studios/venv/lib/python3.10/site-packages/flask/app.py", line 917, in full_dispatch_request
    rv = self.dispatch_request()
  File "/home/ptahuser/ptah-studios/venv/lib/python3.10/site-packages/flask/app.py", line 902, in dispatch_request
    return self.ensure_sync(self.view_functions[rule.endpoint])(**view_args)  # type: ignore[no-any-return]
  File "/home/ptahuser/ptah-studios/app.py", line 684, in portfolio_item
    return render_template('public/portfolio_item.html', item=item)
  File "/home/ptahuser/ptah-studios/venv/lib/python3.10/site-packages/flask/templating.py", line 149, in render_template
    template = app.jinja_env.get_or_select_template(template_name_or_list)
  File "/home/ptahuser/ptah-studios/venv/lib/python3.10/site-packages/jinja2/environment.py", line 1087, in get_or_select_template
    return self.get_template(template_name_or_list, parent, globals)
  File "/home/ptahuser/ptah-studios/venv/lib/python3.10/site-packages/jinja2/environment.py", line 1016, in get_template
    return self._load_template(name, globals)
  File "/home/ptahuser/ptah-studios/venv/lib/python3.10/site-packages/jinja2/environment.py", line 975, in _load_template
    template = self.loader.load(self, name, self.make_globals(globals))
  File "/home/ptahuser/ptah-studios/venv/lib/python3.10/site-packages/jinja2/loaders.py", line 138, in load
    code = environment.compile(source, name, filename)
  File "/home/ptahuser/ptah-studios/venv/lib/python3.10/site-packages/jinja2/environment.py", line 771, in compile
    self.handle_exception(source=source_hint)
  File "/home/ptahuser/ptah-studios/venv/lib/python3.10/site-packages/jinja2/environment.py", line 942, in handle_exception
    raise rewrite_traceback_stack(source=source)
  File "/home/ptahuser/ptah-studios/templates/public/portfolio_item.html", line 1597, in template
    {% endblock %}
jinja2.exceptions.TemplateSyntaxError: Encountered unknown tag 'endblock'.
[2026-01-05 01:10:32,545] ERROR in app: Exception on /portfolio/digital-whiteboard [GET]
Traceback (most recent call last):
  File "/home/ptahuser/ptah-studios/venv/lib/python3.10/site-packages/flask/app.py", line 1511, in wsgi_app
    response = self.full_dispatch_request()
  File "/home/ptahuser/ptah-studios/venv/lib/python3.10/site-packages/flask/app.py", line 919, in full_dispatch_request
    rv = self.handle_user_exception(e)
  File "/home/ptahuser/ptah-studios/venv/lib/python3.10/site-packages/flask/app.py", line 917, in full_dispatch_request
    rv = self.dispatch_request()
  File "/home/ptahuser/ptah-studios/venv/lib/python3.10/site-packages/flask/app.py", line 902, in dispatch_request
    return self.ensure_sync(self.view_functions[rule.endpoint])(**view_args)  # type: ignore[no-any-return]
  File "/home/ptahuser/ptah-studios/app.py", line 684, in portfolio_item
    return render_template('public/portfolio_item.html', item=item)
  File "/home/ptahuser/ptah-studios/venv/lib/python3.10/site-packages/flask/templating.py", line 149, in render_template
    template = app.jinja_env.get_or_select_template(template_name_or_list)
  File "/home/ptahuser/ptah-studios/venv/lib/python3.10/site-packages/jinja2/environment.py", line 1087, in get_or_select_template
    return self.get_template(template_name_or_list, parent, globals)
  File "/home/ptahuser/ptah-studios/venv/lib/python3.10/site-packages/jinja2/environment.py", line 1016, in get_template
    return self._load_template(name, globals)
  File "/home/ptahuser/ptah-studios/venv/lib/python3.10/site-packages/jinja2/environment.py", line 975, in _load_template
    template = self.loader.load(self, name, self.make_globals(globals))
  File "/home/ptahuser/ptah-studios/venv/lib/python3.10/site-packages/jinja2/loaders.py", line 138, in load
    code = environment.compile(source, name, filename)
  File "/home/ptahuser/ptah-studios/venv/lib/python3.10/site-packages/jinja2/environment.py", line 771, in compile
    self.handle_exception(source=source_hint)
  File "/home/ptahuser/ptah-studios/venv/lib/python3.10/site-packages/jinja2/environment.py", line 942, in handle_exception
    raise rewrite_traceback_stack(source=source)
  File "/home/ptahuser/ptah-studios/templates/public/portfolio_item.html", line 1597, in template
    {% endblock %}
jinja2.exceptions.TemplateSyntaxError: Encountered unknown tag 'endblock'.
[2026-01-05 01:12:11,405] ERROR in app: Exception on /portfolio/modern-kitchen [GET]
Traceback (most recent call last):
  File "/home/ptahuser/ptah-studios/venv/lib/python3.10/site-packages/flask/app.py", line 1511, in wsgi_app
    response = self.full_dispatch_request()
  File "/home/ptahuser/ptah-studios/venv/lib/python3.10/site-packages/flask/app.py", line 919, in full_dispatch_request
    rv = self.handle_user_exception(e)
  File "/home/ptahuser/ptah-studios/venv/lib/python3.10/site-packages/flask/app.py", line 917, in full_dispatch_request
    rv = self.dispatch_request()
  File "/home/ptahuser/ptah-studios/venv/lib/python3.10/site-packages/flask/app.py", line 902, in dispatch_request
    return self.ensure_sync(self.view_functions[rule.endpoint])(**view_args)  # type: ignore[no-any-return]
  File "/home/ptahuser/ptah-studios/app.py", line 684, in portfolio_item
    return render_template('public/portfolio_item.html', item=item)
  File "/home/ptahuser/ptah-studios/venv/lib/python3.10/site-packages/flask/templating.py", line 149, in render_template
    template = app.jinja_env.get_or_select_template(template_name_or_list)
  File "/home/ptahuser/ptah-studios/venv/lib/python3.10/site-packages/jinja2/environment.py", line 1087, in get_or_select_template
    return self.get_template(template_name_or_list, parent, globals)
  File "/home/ptahuser/ptah-studios/venv/lib/python3.10/site-packages/jinja2/environment.py", line 1016, in get_template
    return self._load_template(name, globals)
  File "/home/ptahuser/ptah-studios/venv/lib/python3.10/site-packages/jinja2/environment.py", line 975, in _load_template
    template = self.loader.load(self, name, self.make_globals(globals))
  File "/home/ptahuser/ptah-studios/venv/lib/python3.10/site-packages/jinja2/loaders.py", line 138, in load
    code = environment.compile(source, name, filename)
  File "/home/ptahuser/ptah-studios/venv/lib/python3.10/site-packages/jinja2/environment.py", line 771, in compile
    self.handle_exception(source=source_hint)
  File "/home/ptahuser/ptah-studios/venv/lib/python3.10/site-packages/jinja2/environment.py", line 942, in handle_exception
    raise rewrite_traceback_stack(source=source)
  File "/home/ptahuser/ptah-studios/templates/public/portfolio_item.html", line 1597, in template
    {% endblock %}
jinja2.exceptions.TemplateSyntaxError: Encountered unknown tag 'endblock'.
[2026-01-05 01:12:11,862] ERROR in app: Exception on /portfolio/digital-whiteboard [GET]
Traceback (most recent call last):
  File "/home/ptahuser/ptah-studios/venv/lib/python3.10/site-packages/flask/app.py", line 1511, in wsgi_app
    response = self.full_dispatch_request()
  File "/home/ptahuser/ptah-studios/venv/lib/python3.10/site-packages/flask/app.py", line 919, in full_dispatch_request
    rv = self.handle_user_exception(e)
  File "/home/ptahuser/ptah-studios/venv/lib/python3.10/site-packages/flask/app.py", line 917, in full_dispatch_request
    rv = self.dispatch_request()
  File "/home/ptahuser/ptah-studios/venv/lib/python3.10/site-packages/flask/app.py", line 902, in dispatch_request
    return self.ensure_sync(self.view_functions[rule.endpoint])(**view_args)  # type: ignore[no-any-return]
  File "/home/ptahuser/ptah-studios/app.py", line 684, in portfolio_item
    return render_template('public/portfolio_item.html', item=item)
  File "/home/ptahuser/ptah-studios/venv/lib/python3.10/site-packages/flask/templating.py", line 149, in render_template
    template = app.jinja_env.get_or_select_template(template_name_or_list)
  File "/home/ptahuser/ptah-studios/venv/lib/python3.10/site-packages/jinja2/environment.py", line 1087, in get_or_select_template
    return self.get_template(template_name_or_list, parent, globals)
  File "/home/ptahuser/ptah-studios/venv/lib/python3.10/site-packages/jinja2/environment.py", line 1016, in get_template
    return self._load_template(name, globals)
  File "/home/ptahuser/ptah-studios/venv/lib/python3.10/site-packages/jinja2/environment.py", line 975, in _load_template
    template = self.loader.load(self, name, self.make_globals(globals))
  File "/home/ptahuser/ptah-studios/venv/lib/python3.10/site-packages/jinja2/loaders.py", line 138, in load
    code = environment.compile(source, name, filename)
  File "/home/ptahuser/ptah-studios/venv/lib/python3.10/site-packages/jinja2/environment.py", line 771, in compile
    self.handle_exception(source=source_hint)
  File "/home/ptahuser/ptah-studios/venv/lib/python3.10/site-packages/jinja2/environment.py", line 942, in handle_exception
    raise rewrite_traceback_stack(source=source)
  File "/home/ptahuser/ptah-studios/templates/public/portfolio_item.html", line 1597, in template
    {% endblock %}
jinja2.exceptions.TemplateSyntaxError: Encountered unknown tag 'endblock'.
[2026-01-05 01:15:12,144] ERROR in app: Exception on /portfolio/digital-whiteboard [GET]
Traceback (most recent call last):
  File "/home/ptahuser/ptah-studios/venv/lib/python3.10/site-packages/flask/app.py", line 1511, in wsgi_app
    response = self.full_dispatch_request()
  File "/home/ptahuser/ptah-studios/venv/lib/python3.10/site-packages/flask/app.py", line 919, in full_dispatch_request
    rv = self.handle_user_exception(e)
  File "/home/ptahuser/ptah-studios/venv/lib/python3.10/site-packages/flask/app.py", line 917, in full_dispatch_request
    rv = self.dispatch_request()
  File "/home/ptahuser/ptah-studios/venv/lib/python3.10/site-packages/flask/app.py", line 902, in dispatch_request
    return self.ensure_sync(self.view_functions[rule.endpoint])(**view_args)  # type: ignore[no-any-return]
  File "/home/ptahuser/ptah-studios/app.py", line 684, in portfolio_item
    return render_template('public/portfolio_item.html', item=item)
  File "/home/ptahuser/ptah-studios/venv/lib/python3.10/site-packages/flask/templating.py", line 149, in render_template
    template = app.jinja_env.get_or_select_template(template_name_or_list)
  File "/home/ptahuser/ptah-studios/venv/lib/python3.10/site-packages/jinja2/environment.py", line 1087, in get_or_select_template
    return self.get_template(template_name_or_list, parent, globals)
  File "/home/ptahuser/ptah-studios/venv/lib/python3.10/site-packages/jinja2/environment.py", line 1016, in get_template
    return self._load_template(name, globals)
  File "/home/ptahuser/ptah-studios/venv/lib/python3.10/site-packages/jinja2/environment.py", line 975, in _load_template
    template = self.loader.load(self, name, self.make_globals(globals))
  File "/home/ptahuser/ptah-studios/venv/lib/python3.10/site-packages/jinja2/loaders.py", line 138, in load
    code = environment.compile(source, name, filename)
  File "/home/ptahuser/ptah-studios/venv/lib/python3.10/site-packages/jinja2/environment.py", line 771, in compile
    self.handle_exception(source=source_hint)
  File "/home/ptahuser/ptah-studios/venv/lib/python3.10/site-packages/jinja2/environment.py", line 942, in handle_exception
    raise rewrite_traceback_stack(source=source)
  File "/home/ptahuser/ptah-studios/templates/public/portfolio_item.html", line 1597, in template
    {% endblock %}
jinja2.exceptions.TemplateSyntaxError: Encountered unknown tag 'endblock'.
[2026-01-05 01:15:32,358] ERROR in app: Exception on /portfolio/modern-kitchen [GET]
Traceback (most recent call last):
  File "/home/ptahuser/ptah-studios/venv/lib/python3.10/site-packages/flask/app.py", line 1511, in wsgi_app
    response = self.full_dispatch_request()
  File "/home/ptahuser/ptah-studios/venv/lib/python3.10/site-packages/flask/app.py", line 919, in full_dispatch_request
    rv = self.handle_user_exception(e)
  File "/home/ptahuser/ptah-studios/venv/lib/python3.10/site-packages/flask/app.py", line 917, in full_dispatch_request
    rv = self.dispatch_request()
  File "/home/ptahuser/ptah-studios/venv/lib/python3.10/site-packages/flask/app.py", line 902, in dispatch_request
    return self.ensure_sync(self.view_functions[rule.endpoint])(**view_args)  # type: ignore[no-any-return]
  File "/home/ptahuser/ptah-studios/app.py", line 684, in portfolio_item
    return render_template('public/portfolio_item.html', item=item)
  File "/home/ptahuser/ptah-studios/venv/lib/python3.10/site-packages/flask/templating.py", line 149, in render_template
    template = app.jinja_env.get_or_select_template(template_name_or_list)
  File "/home/ptahuser/ptah-studios/venv/lib/python3.10/site-packages/jinja2/environment.py", line 1087, in get_or_select_template
    return self.get_template(template_name_or_list, parent, globals)
  File "/home/ptahuser/ptah-studios/venv/lib/python3.10/site-packages/jinja2/environment.py", line 1016, in get_template
    return self._load_template(name, globals)
  File "/home/ptahuser/ptah-studios/venv/lib/python3.10/site-packages/jinja2/environment.py", line 975, in _load_template
    template = self.loader.load(self, name, self.make_globals(globals))
  File "/home/ptahuser/ptah-studios/venv/lib/python3.10/site-packages/jinja2/loaders.py", line 138, in load
    code = environment.compile(source, name, filename)
  File "/home/ptahuser/ptah-studios/venv/lib/python3.10/site-packages/jinja2/environment.py", line 771, in compile
    self.handle_exception(source=source_hint)
  File "/home/ptahuser/ptah-studios/venv/lib/python3.10/site-packages/jinja2/environment.py", line 942, in handle_exception
    raise rewrite_traceback_stack(source=source)
  File "/home/ptahuser/ptah-studios/templates/public/portfolio_item.html", line 1597, in template
    {% endblock %}
jinja2.exceptions.TemplateSyntaxError: Encountered unknown tag 'endblock'.
[2026-01-05 01:17:23,417] ERROR in app: Exception on /portfolio/digital-whiteboard [GET]
Traceback (most recent call last):
  File "/home/ptahuser/ptah-studios/venv/lib/python3.10/site-packages/flask/app.py", line 1511, in wsgi_app
    response = self.full_dispatch_request()
  File "/home/ptahuser/ptah-studios/venv/lib/python3.10/site-packages/flask/app.py", line 919, in full_dispatch_request
    rv = self.handle_user_exception(e)
  File "/home/ptahuser/ptah-studios/venv/lib/python3.10/site-packages/flask/app.py", line 917, in full_dispatch_request
    rv = self.dispatch_request()
  File "/home/ptahuser/ptah-studios/venv/lib/python3.10/site-packages/flask/app.py", line 902, in dispatch_request
    return self.ensure_sync(self.view_functions[rule.endpoint])(**view_args)  # type: ignore[no-any-return]
  File "/home/ptahuser/ptah-studios/app.py", line 684, in portfolio_item
    return render_template('public/portfolio_item.html', item=item)
  File "/home/ptahuser/ptah-studios/venv/lib/python3.10/site-packages/flask/templating.py", line 149, in render_template
    template = app.jinja_env.get_or_select_template(template_name_or_list)
  File "/home/ptahuser/ptah-studios/venv/lib/python3.10/site-packages/jinja2/environment.py", line 1087, in get_or_select_template
    return self.get_template(template_name_or_list, parent, globals)
  File "/home/ptahuser/ptah-studios/venv/lib/python3.10/site-packages/jinja2/environment.py", line 1016, in get_template
    return self._load_template(name, globals)
  File "/home/ptahuser/ptah-studios/venv/lib/python3.10/site-packages/jinja2/environment.py", line 975, in _load_template
    template = self.loader.load(self, name, self.make_globals(globals))
  File "/home/ptahuser/ptah-studios/venv/lib/python3.10/site-packages/jinja2/loaders.py", line 138, in load
    code = environment.compile(source, name, filename)
  File "/home/ptahuser/ptah-studios/venv/lib/python3.10/site-packages/jinja2/environment.py", line 771, in compile
    self.handle_exception(source=source_hint)
  File "/home/ptahuser/ptah-studios/venv/lib/python3.10/site-packages/jinja2/environment.py", line 942, in handle_exception
    raise rewrite_traceback_stack(source=source)
  File "/home/ptahuser/ptah-studios/templates/public/portfolio_item.html", line 1597, in template
    {% endblock %}
jinja2.exceptions.TemplateSyntaxError: Encountered unknown tag 'endblock'.
[2026-01-05 01:19:52,362] ERROR in app: Exception on /portfolio/digital-whiteboard [GET]
Traceback (most recent call last):
  File "/home/ptahuser/ptah-studios/venv/lib/python3.10/site-packages/flask/app.py", line 1511, in wsgi_app
    response = self.full_dispatch_request()
  File "/home/ptahuser/ptah-studios/venv/lib/python3.10/site-packages/flask/app.py", line 919, in full_dispatch_request
    rv = self.handle_user_exception(e)
  File "/home/ptahuser/ptah-studios/venv/lib/python3.10/site-packages/flask/app.py", line 917, in full_dispatch_request
    rv = self.dispatch_request()
  File "/home/ptahuser/ptah-studios/venv/lib/python3.10/site-packages/flask/app.py", line 902, in dispatch_request
    return self.ensure_sync(self.view_functions[rule.endpoint])(**view_args)  # type: ignore[no-any-return]
  File "/home/ptahuser/ptah-studios/app.py", line 684, in portfolio_item
    return render_template('public/portfolio_item.html', item=item)
  File "/home/ptahuser/ptah-studios/venv/lib/python3.10/site-packages/flask/templating.py", line 149, in render_template
    template = app.jinja_env.get_or_select_template(template_name_or_list)
  File "/home/ptahuser/ptah-studios/venv/lib/python3.10/site-packages/jinja2/environment.py", line 1087, in get_or_select_template
    return self.get_template(template_name_or_list, parent, globals)
  File "/home/ptahuser/ptah-studios/venv/lib/python3.10/site-packages/jinja2/environment.py", line 1016, in get_template
    return self._load_template(name, globals)
  File "/home/ptahuser/ptah-studios/venv/lib/python3.10/site-packages/jinja2/environment.py", line 975, in _load_template
    template = self.loader.load(self, name, self.make_globals(globals))
  File "/home/ptahuser/ptah-studios/venv/lib/python3.10/site-packages/jinja2/loaders.py", line 138, in load
    code = environment.compile(source, name, filename)
  File "/home/ptahuser/ptah-studios/venv/lib/python3.10/site-packages/jinja2/environment.py", line 771, in compile
    self.handle_exception(source=source_hint)
  File "/home/ptahuser/ptah-studios/venv/lib/python3.10/site-packages/jinja2/environment.py", line 942, in handle_exception
    raise rewrite_traceback_stack(source=source)
  File "/home/ptahuser/ptah-studios/templates/public/portfolio_item.html", line 1597, in template
    {% endblock %}
jinja2.exceptions.TemplateSyntaxError: Encountered unknown tag 'endblock'.
[2026-01-05 01:21:54 +0000] [23967] [INFO] Handling signal: term
[2026-01-05 01:21:54 +0000] [23969] [INFO] Worker exiting (pid: 23969)
[2026-01-05 01:21:54 +0000] [23970] [INFO] Worker exiting (pid: 23970)
[2026-01-05 01:21:54 +0000] [23971] [INFO] Worker exiting (pid: 23971)
[2026-01-05 01:21:54 +0000] [23967] [ERROR] Worker (pid:23969) was sent SIGTERM!
[2026-01-05 01:21:54 +0000] [23967] [ERROR] Worker (pid:23971) was sent SIGTERM!
[2026-01-05 01:21:54 +0000] [23967] [ERROR] Worker (pid:23970) was sent SIGTERM!
[2026-01-05 01:21:54 +0000] [23967] [INFO] Shutting down: Master
[2026-01-05 01:21:54 +0000] [24336] [INFO] Starting gunicorn 23.0.0
[2026-01-05 01:21:54 +0000] [24336] [INFO] Listening at: unix:/home/ptahuser/ptah-studios/ptah-studios.sock (24336)
[2026-01-05 01:21:54 +0000] [24336] [INFO] Using worker: sync
[2026-01-05 01:21:54 +0000] [24338] [INFO] Booting worker with pid: 24338
[2026-01-05 01:21:54 +0000] [24339] [INFO] Booting worker with pid: 24339
[2026-01-05 01:21:55 +0000] [24340] [INFO] Booting worker with pid: 24340
[2026-01-05 01:21:58 +0000] [24336] [INFO] Handling signal: term
[2026-01-05 01:21:58 +0000] [24338] [INFO] Worker exiting (pid: 24338)
[2026-01-05 01:21:58 +0000] [24339] [INFO] Worker exiting (pid: 24339)
[2026-01-05 01:21:58 +0000] [24340] [INFO] Worker exiting (pid: 24340)
[2026-01-05 01:21:58 +0000] [24336] [ERROR] Worker (pid:24338) was sent SIGTERM!
[2026-01-05 01:21:58 +0000] [24336] [ERROR] Worker (pid:24339) was sent SIGTERM!
[2026-01-05 01:21:58 +0000] [24336] [INFO] Shutting down: Master
[2026-01-05 01:21:58 +0000] [24352] [INFO] Starting gunicorn 23.0.0
[2026-01-05 01:21:58 +0000] [24352] [INFO] Listening at: unix:/home/ptahuser/ptah-studios/ptah-studios.sock (24352)
[2026-01-05 01:21:58 +0000] [24352] [INFO] Using worker: sync
[2026-01-05 01:21:58 +0000] [24353] [INFO] Booting worker with pid: 24353
[2026-01-05 01:21:58 +0000] [24354] [INFO] Booting worker with pid: 24354
[2026-01-05 01:21:58 +0000] [24355] [INFO] Booting worker with pid: 24355
[2026-01-05 01:58:17 +0000] [24352] [INFO] Handling signal: term
[2026-01-05 01:58:17 +0000] [24353] [INFO] Worker exiting (pid: 24353)
[2026-01-05 01:58:17 +0000] [24355] [INFO] Worker exiting (pid: 24355)
[2026-01-05 01:58:17 +0000] [24354] [INFO] Worker exiting (pid: 24354)
[2026-01-05 01:58:17 +0000] [24352] [ERROR] Worker (pid:24353) was sent SIGTERM!
[2026-01-05 01:58:17 +0000] [24352] [ERROR] Worker (pid:24354) was sent SIGTERM!
[2026-01-05 01:58:17 +0000] [24352] [ERROR] Worker (pid:24355) was sent SIGTERM!
[2026-01-05 01:58:18 +0000] [24352] [INFO] Shutting down: Master
[2026-01-05 01:58:18 +0000] [24401] [INFO] Starting gunicorn 23.0.0
[2026-01-05 01:58:18 +0000] [24401] [INFO] Listening at: unix:/home/ptahuser/ptah-studios/ptah-studios.sock (24401)
[2026-01-05 01:58:18 +0000] [24401] [INFO] Using worker: sync
[2026-01-05 01:58:18 +0000] [24402] [INFO] Booting worker with pid: 24402
[2026-01-05 01:58:18 +0000] [24403] [INFO] Booting worker with pid: 24403
[2026-01-05 01:58:18 +0000] [24404] [INFO] Booting worker with pid: 24404
[2026-01-05 01:58:41 +0000] [24401] [INFO] Handling signal: term
[2026-01-05 01:58:41 +0000] [24402] [INFO] Worker exiting (pid: 24402)
[2026-01-05 01:58:41 +0000] [24403] [INFO] Worker exiting (pid: 24403)
[2026-01-05 01:58:41 +0000] [24404] [INFO] Worker exiting (pid: 24404)
[2026-01-05 01:58:41 +0000] [24401] [ERROR] Worker (pid:24403) was sent SIGTERM!
[2026-01-05 01:58:41 +0000] [24401] [ERROR] Worker (pid:24402) was sent SIGTERM!
[2026-01-05 01:58:41 +0000] [24401] [ERROR] Worker (pid:24404) was sent SIGTERM!
[2026-01-05 01:58:41 +0000] [24401] [INFO] Shutting down: Master
[2026-01-05 01:58:41 +0000] [24416] [INFO] Starting gunicorn 23.0.0
[2026-01-05 01:58:41 +0000] [24416] [INFO] Listening at: unix:/home/ptahuser/ptah-studios/ptah-studios.sock (24416)
[2026-01-05 01:58:41 +0000] [24416] [INFO] Using worker: sync
[2026-01-05 01:58:41 +0000] [24417] [INFO] Booting worker with pid: 24417
[2026-01-05 01:58:41 +0000] [24418] [INFO] Booting worker with pid: 24418
[2026-01-05 01:58:41 +0000] [24419] [INFO] Booting worker with pid: 24419
[2026-01-05 02:01:46,269] ERROR in app: Exception on /booking [GET]
Traceback (most recent call last):
  File "/home/ptahuser/ptah-studios/venv/lib/python3.10/site-packages/flask/app.py", line 1511, in wsgi_app
    response = self.full_dispatch_request()
  File "/home/ptahuser/ptah-studios/venv/lib/python3.10/site-packages/flask/app.py", line 919, in full_dispatch_request
    rv = self.handle_user_exception(e)
  File "/home/ptahuser/ptah-studios/venv/lib/python3.10/site-packages/flask/app.py", line 917, in full_dispatch_request
    rv = self.dispatch_request()
  File "/home/ptahuser/ptah-studios/venv/lib/python3.10/site-packages/flask/app.py", line 902, in dispatch_request
    return self.ensure_sync(self.view_functions[rule.endpoint])(**view_args)  # type: ignore[no-any-return]
  File "/home/ptahuser/ptah-studios/app.py", line 1026, in booking
    return render_template('public/booking.html',
  File "/home/ptahuser/ptah-studios/venv/lib/python3.10/site-packages/flask/templating.py", line 150, in render_template
    return _render(app, template, context)
  File "/home/ptahuser/ptah-studios/venv/lib/python3.10/site-packages/flask/templating.py", line 131, in _render
    rv = template.render(context)
  File "/home/ptahuser/ptah-studios/venv/lib/python3.10/site-packages/jinja2/environment.py", line 1295, in render
    self.environment.handle_exception()
  File "/home/ptahuser/ptah-studios/venv/lib/python3.10/site-packages/jinja2/environment.py", line 942, in handle_exception
    raise rewrite_traceback_stack(source=source)
  File "/home/ptahuser/ptah-studios/templates/public/booking.html", line 7, in top-level template code
    {% extends "base.html" %}
  File "/home/ptahuser/ptah-studios/templates/base.html", line 89, in top-level template code
    {% block content %}{% endblock %}
  File "/home/ptahuser/ptah-studios/templates/public/booking.html", line 827, in block 'content'
    <a href="{{ url_for('portfolio_item', slug=studio.slug) }}" target="_blank" class="view-studio-btn" onclick="event.stopPropagation()">
  File "/home/ptahuser/ptah-studios/venv/lib/python3.10/site-packages/flask/app.py", line 1121, in url_for
    return self.handle_url_build_error(error, endpoint, values)
  File "/home/ptahuser/ptah-studios/venv/lib/python3.10/site-packages/flask/app.py", line 1110, in url_for
    rv = url_adapter.build(  # type: ignore[union-attr]
  File "/home/ptahuser/ptah-studios/venv/lib/python3.10/site-packages/werkzeug/routing/map.py", line 924, in build
    raise BuildError(endpoint, values, method, self)
werkzeug.routing.exceptions.BuildError: Could not build url for endpoint 'portfolio_item'. Did you forget to specify values ['slug']?
[2026-01-05 02:17:06,415] ERROR in app: Exception on /booking [GET]
Traceback (most recent call last):
  File "/home/ptahuser/ptah-studios/venv/lib/python3.10/site-packages/flask/app.py", line 1511, in wsgi_app
    response = self.full_dispatch_request()
  File "/home/ptahuser/ptah-studios/venv/lib/python3.10/site-packages/flask/app.py", line 919, in full_dispatch_request
    rv = self.handle_user_exception(e)
  File "/home/ptahuser/ptah-studios/venv/lib/python3.10/site-packages/flask/app.py", line 917, in full_dispatch_request
    rv = self.dispatch_request()
  File "/home/ptahuser/ptah-studios/venv/lib/python3.10/site-packages/flask/app.py", line 902, in dispatch_request
    return self.ensure_sync(self.view_functions[rule.endpoint])(**view_args)  # type: ignore[no-any-return]
  File "/home/ptahuser/ptah-studios/app.py", line 1026, in booking
    return render_template('public/booking.html',
  File "/home/ptahuser/ptah-studios/venv/lib/python3.10/site-packages/flask/templating.py", line 150, in render_template
    return _render(app, template, context)
  File "/home/ptahuser/ptah-studios/venv/lib/python3.10/site-packages/flask/templating.py", line 131, in _render
    rv = template.render(context)
  File "/home/ptahuser/ptah-studios/venv/lib/python3.10/site-packages/jinja2/environment.py", line 1295, in render
    self.environment.handle_exception()
  File "/home/ptahuser/ptah-studios/venv/lib/python3.10/site-packages/jinja2/environment.py", line 942, in handle_exception
    raise rewrite_traceback_stack(source=source)
  File "/home/ptahuser/ptah-studios/templates/public/booking.html", line 7, in top-level template code
    {% extends "base.html" %}
  File "/home/ptahuser/ptah-studios/templates/base.html", line 89, in top-level template code
    {% block content %}{% endblock %}
  File "/home/ptahuser/ptah-studios/templates/public/booking.html", line 827, in block 'content'
    <a href="{{ url_for('portfolio_item', slug=studio.slug) }}" target="_blank" class="view-studio-btn" onclick="event.stopPropagation()">
  File "/home/ptahuser/ptah-studios/venv/lib/python3.10/site-packages/flask/app.py", line 1121, in url_for
    return self.handle_url_build_error(error, endpoint, values)
  File "/home/ptahuser/ptah-studios/venv/lib/python3.10/site-packages/flask/app.py", line 1110, in url_for
    rv = url_adapter.build(  # type: ignore[union-attr]
  File "/home/ptahuser/ptah-studios/venv/lib/python3.10/site-packages/werkzeug/routing/map.py", line 924, in build
    raise BuildError(endpoint, values, method, self)
werkzeug.routing.exceptions.BuildError: Could not build url for endpoint 'portfolio_item'. Did you forget to specify values ['slug']?
[2026-01-05 02:17:10,571] ERROR in app: Exception on /booking [GET]
Traceback (most recent call last):
  File "/home/ptahuser/ptah-studios/venv/lib/python3.10/site-packages/flask/app.py", line 1511, in wsgi_app
    response = self.full_dispatch_request()
  File "/home/ptahuser/ptah-studios/venv/lib/python3.10/site-packages/flask/app.py", line 919, in full_dispatch_request
    rv = self.handle_user_exception(e)
  File "/home/ptahuser/ptah-studios/venv/lib/python3.10/site-packages/flask/app.py", line 917, in full_dispatch_request
    rv = self.dispatch_request()
  File "/home/ptahuser/ptah-studios/venv/lib/python3.10/site-packages/flask/app.py", line 902, in dispatch_request
    return self.ensure_sync(self.view_functions[rule.endpoint])(**view_args)  # type: ignore[no-any-return]
  File "/home/ptahuser/ptah-studios/app.py", line 1026, in booking
    return render_template('public/booking.html',
  File "/home/ptahuser/ptah-studios/venv/lib/python3.10/site-packages/flask/templating.py", line 150, in render_template
    return _render(app, template, context)
  File "/home/ptahuser/ptah-studios/venv/lib/python3.10/site-packages/flask/templating.py", line 131, in _render
    rv = template.render(context)
  File "/home/ptahuser/ptah-studios/venv/lib/python3.10/site-packages/jinja2/environment.py", line 1295, in render
    self.environment.handle_exception()
  File "/home/ptahuser/ptah-studios/venv/lib/python3.10/site-packages/jinja2/environment.py", line 942, in handle_exception
    raise rewrite_traceback_stack(source=source)
  File "/home/ptahuser/ptah-studios/templates/public/booking.html", line 7, in top-level template code
    {% extends "base.html" %}
  File "/home/ptahuser/ptah-studios/templates/base.html", line 89, in top-level template code
    {% block content %}{% endblock %}
  File "/home/ptahuser/ptah-studios/templates/public/booking.html", line 827, in block 'content'
    <a href="{{ url_for('portfolio_item', slug=studio.slug) }}" target="_blank" class="view-studio-btn" onclick="event.stopPropagation()">
  File "/home/ptahuser/ptah-studios/venv/lib/python3.10/site-packages/flask/app.py", line 1121, in url_for
    return self.handle_url_build_error(error, endpoint, values)
  File "/home/ptahuser/ptah-studios/venv/lib/python3.10/site-packages/flask/app.py", line 1110, in url_for
    rv = url_adapter.build(  # type: ignore[union-attr]
  File "/home/ptahuser/ptah-studios/venv/lib/python3.10/site-packages/werkzeug/routing/map.py", line 924, in build
    raise BuildError(endpoint, values, method, self)
werkzeug.routing.exceptions.BuildError: Could not build url for endpoint 'portfolio_item'. Did you forget to specify values ['slug']?
[2026-01-05 02:30:47 +0000] [24416] [INFO] Handling signal: term
[2026-01-05 02:30:47 +0000] [24417] [INFO] Worker exiting (pid: 24417)
[2026-01-05 02:30:47 +0000] [24419] [INFO] Worker exiting (pid: 24419)
[2026-01-05 02:30:47 +0000] [24418] [INFO] Worker exiting (pid: 24418)
[2026-01-05 02:30:47 +0000] [24416] [ERROR] Worker (pid:24418) was sent SIGTERM!
[2026-01-05 02:30:47 +0000] [24416] [ERROR] Worker (pid:24417) was sent SIGTERM!
[2026-01-05 02:30:47 +0000] [24416] [ERROR] Worker (pid:24419) was sent SIGTERM!
[2026-01-05 02:30:47 +0000] [24416] [INFO] Shutting down: Master
[2026-01-05 02:30:47 +0000] [24492] [INFO] Starting gunicorn 23.0.0
[2026-01-05 02:30:47 +0000] [24492] [INFO] Listening at: unix:/home/ptahuser/ptah-studios/ptah-studios.sock (24492)
[2026-01-05 02:30:47 +0000] [24492] [INFO] Using worker: sync
[2026-01-05 02:30:47 +0000] [24494] [INFO] Booting worker with pid: 24494
[2026-01-05 02:30:47 +0000] [24495] [INFO] Booting worker with pid: 24495
[2026-01-05 02:30:48 +0000] [24496] [INFO] Booting worker with pid: 24496
[2026-01-05 02:32:04,578] ERROR in app: Exception on /booking [GET]
Traceback (most recent call last):
  File "/home/ptahuser/ptah-studios/venv/lib/python3.10/site-packages/flask/app.py", line 1511, in wsgi_app
    response = self.full_dispatch_request()
  File "/home/ptahuser/ptah-studios/venv/lib/python3.10/site-packages/flask/app.py", line 919, in full_dispatch_request
    rv = self.handle_user_exception(e)
  File "/home/ptahuser/ptah-studios/venv/lib/python3.10/site-packages/flask/app.py", line 917, in full_dispatch_request
    rv = self.dispatch_request()
  File "/home/ptahuser/ptah-studios/venv/lib/python3.10/site-packages/flask/app.py", line 902, in dispatch_request
    return self.ensure_sync(self.view_functions[rule.endpoint])(**view_args)  # type: ignore[no-any-return]
  File "/home/ptahuser/ptah-studios/app.py", line 1026, in booking
    return render_template('public/booking.html',
  File "/home/ptahuser/ptah-studios/venv/lib/python3.10/site-packages/flask/templating.py", line 150, in render_template
    return _render(app, template, context)
  File "/home/ptahuser/ptah-studios/venv/lib/python3.10/site-packages/flask/templating.py", line 131, in _render
    rv = template.render(context)
  File "/home/ptahuser/ptah-studios/venv/lib/python3.10/site-packages/jinja2/environment.py", line 1295, in render
    self.environment.handle_exception()
  File "/home/ptahuser/ptah-studios/venv/lib/python3.10/site-packages/jinja2/environment.py", line 942, in handle_exception
    raise rewrite_traceback_stack(source=source)
  File "/home/ptahuser/ptah-studios/templates/public/booking.html", line 7, in top-level template code
    {% extends "base.html" %}
  File "/home/ptahuser/ptah-studios/templates/base.html", line 89, in top-level template code
    {% block content %}{% endblock %}
  File "/home/ptahuser/ptah-studios/templates/public/booking.html", line 829, in block 'content'
    <a href="{{ url_for('portfolio_item', slug=studio.slug) }}" target="_blank" class="view-studio-btn" onclick="event.stopPropagation()">
  File "/home/ptahuser/ptah-studios/venv/lib/python3.10/site-packages/flask/app.py", line 1121, in url_for
    return self.handle_url_build_error(error, endpoint, values)
  File "/home/ptahuser/ptah-studios/venv/lib/python3.10/site-packages/flask/app.py", line 1110, in url_for
    rv = url_adapter.build(  # type: ignore[union-attr]
  File "/home/ptahuser/ptah-studios/venv/lib/python3.10/site-packages/werkzeug/routing/map.py", line 924, in build
    raise BuildError(endpoint, values, method, self)
werkzeug.routing.exceptions.BuildError: Could not build url for endpoint 'portfolio_item'. Did you forget to specify values ['slug']?
[2026-01-05 02:32:29,255] ERROR in app: Exception on /booking [GET]
Traceback (most recent call last):
  File "/home/ptahuser/ptah-studios/venv/lib/python3.10/site-packages/flask/app.py", line 1511, in wsgi_app
    response = self.full_dispatch_request()
  File "/home/ptahuser/ptah-studios/venv/lib/python3.10/site-packages/flask/app.py", line 919, in full_dispatch_request
    rv = self.handle_user_exception(e)
  File "/home/ptahuser/ptah-studios/venv/lib/python3.10/site-packages/flask/app.py", line 917, in full_dispatch_request
    rv = self.dispatch_request()
  File "/home/ptahuser/ptah-studios/venv/lib/python3.10/site-packages/flask/app.py", line 902, in dispatch_request
    return self.ensure_sync(self.view_functions[rule.endpoint])(**view_args)  # type: ignore[no-any-return]
  File "/home/ptahuser/ptah-studios/app.py", line 1026, in booking
    return render_template('public/booking.html',
  File "/home/ptahuser/ptah-studios/venv/lib/python3.10/site-packages/flask/templating.py", line 150, in render_template
    return _render(app, template, context)
  File "/home/ptahuser/ptah-studios/venv/lib/python3.10/site-packages/flask/templating.py", line 131, in _render
    rv = template.render(context)
  File "/home/ptahuser/ptah-studios/venv/lib/python3.10/site-packages/jinja2/environment.py", line 1295, in render
    self.environment.handle_exception()
  File "/home/ptahuser/ptah-studios/venv/lib/python3.10/site-packages/jinja2/environment.py", line 942, in handle_exception
    raise rewrite_traceback_stack(source=source)
  File "/home/ptahuser/ptah-studios/templates/public/booking.html", line 7, in top-level template code
    {% extends "base.html" %}
  File "/home/ptahuser/ptah-studios/templates/base.html", line 89, in top-level template code
    {% block content %}{% endblock %}
  File "/home/ptahuser/ptah-studios/templates/public/booking.html", line 829, in block 'content'
    <a href="{{ url_for('portfolio_item', slug=studio.slug) }}" target="_blank" class="view-studio-btn" onclick="event.stopPropagation()">
  File "/home/ptahuser/ptah-studios/venv/lib/python3.10/site-packages/flask/app.py", line 1121, in url_for
    return self.handle_url_build_error(error, endpoint, values)
  File "/home/ptahuser/ptah-studios/venv/lib/python3.10/site-packages/flask/app.py", line 1110, in url_for
    rv = url_adapter.build(  # type: ignore[union-attr]
  File "/home/ptahuser/ptah-studios/venv/lib/python3.10/site-packages/werkzeug/routing/map.py", line 924, in build
    raise BuildError(endpoint, values, method, self)
werkzeug.routing.exceptions.BuildError: Could not build url for endpoint 'portfolio_item'. Did you forget to specify values ['slug']?
[2026-01-05 02:32:58,961] ERROR in app: Exception on /booking [GET]
Traceback (most recent call last):
  File "/home/ptahuser/ptah-studios/venv/lib/python3.10/site-packages/flask/app.py", line 1511, in wsgi_app
    response = self.full_dispatch_request()
  File "/home/ptahuser/ptah-studios/venv/lib/python3.10/site-packages/flask/app.py", line 919, in full_dispatch_request
    rv = self.handle_user_exception(e)
  File "/home/ptahuser/ptah-studios/venv/lib/python3.10/site-packages/flask/app.py", line 917, in full_dispatch_request
    rv = self.dispatch_request()
  File "/home/ptahuser/ptah-studios/venv/lib/python3.10/site-packages/flask/app.py", line 902, in dispatch_request
    return self.ensure_sync(self.view_functions[rule.endpoint])(**view_args)  # type: ignore[no-any-return]
  File "/home/ptahuser/ptah-studios/app.py", line 1026, in booking
    return render_template('public/booking.html',
  File "/home/ptahuser/ptah-studios/venv/lib/python3.10/site-packages/flask/templating.py", line 150, in render_template
    return _render(app, template, context)
  File "/home/ptahuser/ptah-studios/venv/lib/python3.10/site-packages/flask/templating.py", line 131, in _render
    rv = template.render(context)
  File "/home/ptahuser/ptah-studios/venv/lib/python3.10/site-packages/jinja2/environment.py", line 1295, in render
    self.environment.handle_exception()
  File "/home/ptahuser/ptah-studios/venv/lib/python3.10/site-packages/jinja2/environment.py", line 942, in handle_exception
    raise rewrite_traceback_stack(source=source)
  File "/home/ptahuser/ptah-studios/templates/public/booking.html", line 7, in top-level template code
    {% extends "base.html" %}
  File "/home/ptahuser/ptah-studios/templates/base.html", line 89, in top-level template code
    {% block content %}{% endblock %}
  File "/home/ptahuser/ptah-studios/templates/public/booking.html", line 829, in block 'content'
    <a href="{{ url_for('portfolio_item', slug=studio.slug) }}" target="_blank" class="view-studio-btn" onclick="event.stopPropagation()">
  File "/home/ptahuser/ptah-studios/venv/lib/python3.10/site-packages/flask/app.py", line 1121, in url_for
    return self.handle_url_build_error(error, endpoint, values)
  File "/home/ptahuser/ptah-studios/venv/lib/python3.10/site-packages/flask/app.py", line 1110, in url_for
    rv = url_adapter.build(  # type: ignore[union-attr]
  File "/home/ptahuser/ptah-studios/venv/lib/python3.10/site-packages/werkzeug/routing/map.py", line 924, in build
    raise BuildError(endpoint, values, method, self)
werkzeug.routing.exceptions.BuildError: Could not build url for endpoint 'portfolio_item'. Did you forget to specify values ['slug']?
[2026-01-05 02:33:39,379] ERROR in app: Exception on /booking [GET]
Traceback (most recent call last):
  File "/home/ptahuser/ptah-studios/venv/lib/python3.10/site-packages/flask/app.py", line 1511, in wsgi_app
    response = self.full_dispatch_request()
  File "/home/ptahuser/ptah-studios/venv/lib/python3.10/site-packages/flask/app.py", line 919, in full_dispatch_request
    rv = self.handle_user_exception(e)
  File "/home/ptahuser/ptah-studios/venv/lib/python3.10/site-packages/flask/app.py", line 917, in full_dispatch_request
    rv = self.dispatch_request()
  File "/home/ptahuser/ptah-studios/venv/lib/python3.10/site-packages/flask/app.py", line 902, in dispatch_request
    return self.ensure_sync(self.view_functions[rule.endpoint])(**view_args)  # type: ignore[no-any-return]
  File "/home/ptahuser/ptah-studios/app.py", line 1026, in booking
    return render_template('public/booking.html',
  File "/home/ptahuser/ptah-studios/venv/lib/python3.10/site-packages/flask/templating.py", line 150, in render_template
    return _render(app, template, context)
  File "/home/ptahuser/ptah-studios/venv/lib/python3.10/site-packages/flask/templating.py", line 131, in _render
    rv = template.render(context)
  File "/home/ptahuser/ptah-studios/venv/lib/python3.10/site-packages/jinja2/environment.py", line 1295, in render
    self.environment.handle_exception()
  File "/home/ptahuser/ptah-studios/venv/lib/python3.10/site-packages/jinja2/environment.py", line 942, in handle_exception
    raise rewrite_traceback_stack(source=source)
  File "/home/ptahuser/ptah-studios/templates/public/booking.html", line 7, in top-level template code
    {% extends "base.html" %}
  File "/home/ptahuser/ptah-studios/templates/base.html", line 89, in top-level template code
    {% block content %}{% endblock %}
  File "/home/ptahuser/ptah-studios/templates/public/booking.html", line 829, in block 'content'
    <a href="{{ url_for('portfolio_item', slug=studio.slug) }}" target="_blank" class="view-studio-btn" onclick="event.stopPropagation()">
  File "/home/ptahuser/ptah-studios/venv/lib/python3.10/site-packages/flask/app.py", line 1121, in url_for
    return self.handle_url_build_error(error, endpoint, values)
  File "/home/ptahuser/ptah-studios/venv/lib/python3.10/site-packages/flask/app.py", line 1110, in url_for
    rv = url_adapter.build(  # type: ignore[union-attr]
  File "/home/ptahuser/ptah-studios/venv/lib/python3.10/site-packages/werkzeug/routing/map.py", line 924, in build
    raise BuildError(endpoint, values, method, self)
werkzeug.routing.exceptions.BuildError: Could not build url for endpoint 'portfolio_item'. Did you forget to specify values ['slug']?
[2026-01-05 02:34:39,469] ERROR in app: Exception on /booking [GET]
Traceback (most recent call last):
  File "/home/ptahuser/ptah-studios/venv/lib/python3.10/site-packages/flask/app.py", line 1511, in wsgi_app
    response = self.full_dispatch_request()
  File "/home/ptahuser/ptah-studios/venv/lib/python3.10/site-packages/flask/app.py", line 919, in full_dispatch_request
    rv = self.handle_user_exception(e)
  File "/home/ptahuser/ptah-studios/venv/lib/python3.10/site-packages/flask/app.py", line 917, in full_dispatch_request
    rv = self.dispatch_request()
  File "/home/ptahuser/ptah-studios/venv/lib/python3.10/site-packages/flask/app.py", line 902, in dispatch_request
    return self.ensure_sync(self.view_functions[rule.endpoint])(**view_args)  # type: ignore[no-any-return]
  File "/home/ptahuser/ptah-studios/app.py", line 1026, in booking
    return render_template('public/booking.html',
  File "/home/ptahuser/ptah-studios/venv/lib/python3.10/site-packages/flask/templating.py", line 150, in render_template
    return _render(app, template, context)
  File "/home/ptahuser/ptah-studios/venv/lib/python3.10/site-packages/flask/templating.py", line 131, in _render
    rv = template.render(context)
  File "/home/ptahuser/ptah-studios/venv/lib/python3.10/site-packages/jinja2/environment.py", line 1295, in render
    self.environment.handle_exception()
  File "/home/ptahuser/ptah-studios/venv/lib/python3.10/site-packages/jinja2/environment.py", line 942, in handle_exception
    raise rewrite_traceback_stack(source=source)
  File "/home/ptahuser/ptah-studios/templates/public/booking.html", line 7, in top-level template code
    {% extends "base.html" %}
  File "/home/ptahuser/ptah-studios/templates/base.html", line 89, in top-level template code
    {% block content %}{% endblock %}
  File "/home/ptahuser/ptah-studios/templates/public/booking.html", line 829, in block 'content'
    <a href="{{ url_for('portfolio_item', slug=studio.slug) }}" target="_blank" class="view-studio-btn" onclick="event.stopPropagation()">
  File "/home/ptahuser/ptah-studios/venv/lib/python3.10/site-packages/flask/app.py", line 1121, in url_for
    return self.handle_url_build_error(error, endpoint, values)
  File "/home/ptahuser/ptah-studios/venv/lib/python3.10/site-packages/flask/app.py", line 1110, in url_for
    rv = url_adapter.build(  # type: ignore[union-attr]
  File "/home/ptahuser/ptah-studios/venv/lib/python3.10/site-packages/werkzeug/routing/map.py", line 924, in build
    raise BuildError(endpoint, values, method, self)
werkzeug.routing.exceptions.BuildError: Could not build url for endpoint 'portfolio_item'. Did you forget to specify values ['slug']?
[2026-01-05 02:44:14 +0000] [24492] [INFO] Handling signal: term
[2026-01-05 02:44:14 +0000] [24496] [INFO] Worker exiting (pid: 24496)
[2026-01-05 02:44:14 +0000] [24495] [INFO] Worker exiting (pid: 24495)
[2026-01-05 02:44:14 +0000] [24494] [INFO] Worker exiting (pid: 24494)
[2026-01-05 02:44:14 +0000] [24492] [ERROR] Worker (pid:24496) was sent SIGTERM!
[2026-01-05 02:44:14 +0000] [24492] [ERROR] Worker (pid:24495) was sent SIGTERM!
[2026-01-05 02:44:14 +0000] [24492] [INFO] Shutting down: Master
[2026-01-05 02:44:14 +0000] [25273] [INFO] Starting gunicorn 23.0.0
[2026-01-05 02:44:14 +0000] [25273] [INFO] Listening at: unix:/home/ptahuser/ptah-studios/ptah-studios.sock (25273)
[2026-01-05 02:44:14 +0000] [25273] [INFO] Using worker: sync
[2026-01-05 02:44:14 +0000] [25275] [INFO] Booting worker with pid: 25275
[2026-01-05 02:44:15 +0000] [25276] [INFO] Booting worker with pid: 25276
[2026-01-05 02:44:15 +0000] [25277] [INFO] Booting worker with pid: 25277
[2026-01-05 02:46:51 +0000] [25273] [INFO] Handling signal: term
[2026-01-05 02:46:51 +0000] [25275] [INFO] Worker exiting (pid: 25275)
[2026-01-05 02:46:51 +0000] [25277] [INFO] Worker exiting (pid: 25277)
[2026-01-05 02:46:51 +0000] [25276] [INFO] Worker exiting (pid: 25276)
[2026-01-05 02:46:51 +0000] [25273] [ERROR] Worker (pid:25277) was sent SIGTERM!
[2026-01-05 02:46:51 +0000] [25273] [ERROR] Worker (pid:25275) was sent SIGTERM!
[2026-01-05 02:46:51 +0000] [25273] [INFO] Shutting down: Master
[2026-01-05 02:46:51 +0000] [25288] [INFO] Starting gunicorn 23.0.0
[2026-01-05 02:46:51 +0000] [25288] [INFO] Listening at: unix:/home/ptahuser/ptah-studios/ptah-studios.sock (25288)
[2026-01-05 02:46:51 +0000] [25288] [INFO] Using worker: sync
[2026-01-05 02:46:51 +0000] [25289] [INFO] Booting worker with pid: 25289
[2026-01-05 02:46:51 +0000] [25290] [INFO] Booting worker with pid: 25290
[2026-01-05 02:46:52 +0000] [25291] [INFO] Booting worker with pid: 25291
[2026-01-05 02:48:15 +0000] [25288] [INFO] Handling signal: term
[2026-01-05 02:48:15 +0000] [25289] [INFO] Worker exiting (pid: 25289)
[2026-01-05 02:48:15 +0000] [25290] [INFO] Worker exiting (pid: 25290)
[2026-01-05 02:48:15 +0000] [25291] [INFO] Worker exiting (pid: 25291)
[2026-01-05 02:48:15 +0000] [25288] [ERROR] Worker (pid:25289) was sent SIGTERM!
[2026-01-05 02:48:15 +0000] [25288] [INFO] Shutting down: Master
[2026-01-05 02:48:16 +0000] [25298] [INFO] Starting gunicorn 23.0.0
[2026-01-05 02:48:16 +0000] [25298] [INFO] Listening at: unix:/home/ptahuser/ptah-studios/ptah-studios.sock (25298)
[2026-01-05 02:48:16 +0000] [25298] [INFO] Using worker: sync
[2026-01-05 02:48:16 +0000] [25299] [INFO] Booting worker with pid: 25299
[2026-01-05 02:48:16 +0000] [25300] [INFO] Booting worker with pid: 25300
[2026-01-05 02:48:16 +0000] [25301] [INFO] Booting worker with pid: 25301
[2026-01-05 02:58:57 +0000] [25298] [INFO] Handling signal: term
[2026-01-05 02:58:57 +0000] [25299] [INFO] Worker exiting (pid: 25299)
[2026-01-05 02:58:57 +0000] [25300] [INFO] Worker exiting (pid: 25300)
[2026-01-05 02:58:57 +0000] [25301] [INFO] Worker exiting (pid: 25301)
[2026-01-05 02:58:57 +0000] [25298] [ERROR] Worker (pid:25299) was sent SIGTERM!
[2026-01-05 02:58:57 +0000] [25298] [ERROR] Worker (pid:25300) was sent SIGTERM!
[2026-01-05 02:58:57 +0000] [25298] [ERROR] Worker (pid:25301) was sent SIGTERM!
[2026-01-05 02:58:57 +0000] [25298] [INFO] Shutting down: Master
[2026-01-05 02:58:57 +0000] [25322] [INFO] Starting gunicorn 23.0.0
[2026-01-05 02:58:57 +0000] [25322] [INFO] Listening at: unix:/home/ptahuser/ptah-studios/ptah-studios.sock (25322)
[2026-01-05 02:58:57 +0000] [25322] [INFO] Using worker: sync
[2026-01-05 02:58:57 +0000] [25324] [INFO] Booting worker with pid: 25324
[2026-01-05 02:58:57 +0000] [25325] [INFO] Booting worker with pid: 25325
[2026-01-05 02:58:57 +0000] [25326] [INFO] Booting worker with pid: 25326
[2026-01-05 03:05:52 +0000] [25324] [INFO] Worker exiting (pid: 25324)
[2026-01-05 03:05:52 +0000] [25326] [INFO] Worker exiting (pid: 25326)
[2026-01-05 03:05:52 +0000] [25325] [INFO] Worker exiting (pid: 25325)
[2026-01-05 03:05:52 +0000] [25322] [INFO] Handling signal: term
[2026-01-05 03:05:52 +0000] [25322] [ERROR] Worker (pid:25325) was sent SIGTERM!
[2026-01-05 03:05:52 +0000] [25322] [ERROR] Worker (pid:25326) was sent SIGTERM!
[2026-01-05 03:05:52 +0000] [25322] [ERROR] Worker (pid:25324) was sent SIGTERM!
[2026-01-05 03:05:52 +0000] [25322] [INFO] Shutting down: Master
[2026-01-05 03:05:52 +0000] [25339] [INFO] Starting gunicorn 23.0.0
[2026-01-05 03:05:52 +0000] [25339] [INFO] Listening at: unix:/home/ptahuser/ptah-studios/ptah-studios.sock (25339)
[2026-01-05 03:05:52 +0000] [25339] [INFO] Using worker: sync
[2026-01-05 03:05:52 +0000] [25341] [INFO] Booting worker with pid: 25341
[2026-01-05 03:05:52 +0000] [25342] [INFO] Booting worker with pid: 25342
[2026-01-05 03:05:53 +0000] [25343] [INFO] Booting worker with pid: 25343
[2026-01-05 03:06:01,451] ERROR in app: Exception on /booking [GET]
Traceback (most recent call last):
  File "/home/ptahuser/ptah-studios/venv/lib/python3.10/site-packages/flask/app.py", line 1511, in wsgi_app
    response = self.full_dispatch_request()
  File "/home/ptahuser/ptah-studios/venv/lib/python3.10/site-packages/flask/app.py", line 919, in full_dispatch_request
    rv = self.handle_user_exception(e)
  File "/home/ptahuser/ptah-studios/venv/lib/python3.10/site-packages/flask/app.py", line 917, in full_dispatch_request
    rv = self.dispatch_request()
  File "/home/ptahuser/ptah-studios/venv/lib/python3.10/site-packages/flask/app.py", line 902, in dispatch_request
    return self.ensure_sync(self.view_functions[rule.endpoint])(**view_args)  # type: ignore[no-any-return]
  File "/home/ptahuser/ptah-studios/app.py", line 1026, in booking
    return render_template('public/booking.html',
  File "/home/ptahuser/ptah-studios/venv/lib/python3.10/site-packages/flask/templating.py", line 149, in render_template
    template = app.jinja_env.get_or_select_template(template_name_or_list)
  File "/home/ptahuser/ptah-studios/venv/lib/python3.10/site-packages/jinja2/environment.py", line 1087, in get_or_select_template
    return self.get_template(template_name_or_list, parent, globals)
  File "/home/ptahuser/ptah-studios/venv/lib/python3.10/site-packages/jinja2/environment.py", line 1016, in get_template
    return self._load_template(name, globals)
  File "/home/ptahuser/ptah-studios/venv/lib/python3.10/site-packages/jinja2/environment.py", line 975, in _load_template
    template = self.loader.load(self, name, self.make_globals(globals))
  File "/home/ptahuser/ptah-studios/venv/lib/python3.10/site-packages/jinja2/loaders.py", line 138, in load
    code = environment.compile(source, name, filename)
  File "/home/ptahuser/ptah-studios/venv/lib/python3.10/site-packages/jinja2/environment.py", line 771, in compile
    self.handle_exception(source=source_hint)
  File "/home/ptahuser/ptah-studios/venv/lib/python3.10/site-packages/jinja2/environment.py", line 942, in handle_exception
    raise rewrite_traceback_stack(source=source)
  File "/home/ptahuser/ptah-studios/templates/public/booking.html", line 1255, in template
    {{ form.email(class="form-input", placeholder="<a href="/cdn-cgi/l/email-protection" class="__cf_email__" data-cfemail="0f656067614f6a776e627f636a216c6062">[email&#160;protected]</a>") }}
jinja2.exceptions.TemplateSyntaxError: expected token ',', got 'string'
[2026-01-05 03:06:15,708] ERROR in app: Exception on /booking [GET]
Traceback (most recent call last):
  File "/home/ptahuser/ptah-studios/venv/lib/python3.10/site-packages/flask/app.py", line 1511, in wsgi_app
    response = self.full_dispatch_request()
  File "/home/ptahuser/ptah-studios/venv/lib/python3.10/site-packages/flask/app.py", line 919, in full_dispatch_request
    rv = self.handle_user_exception(e)
  File "/home/ptahuser/ptah-studios/venv/lib/python3.10/site-packages/flask/app.py", line 917, in full_dispatch_request
    rv = self.dispatch_request()
  File "/home/ptahuser/ptah-studios/venv/lib/python3.10/site-packages/flask/app.py", line 902, in dispatch_request
    return self.ensure_sync(self.view_functions[rule.endpoint])(**view_args)  # type: ignore[no-any-return]
  File "/home/ptahuser/ptah-studios/app.py", line 1026, in booking
    return render_template('public/booking.html',
  File "/home/ptahuser/ptah-studios/venv/lib/python3.10/site-packages/flask/templating.py", line 149, in render_template
    template = app.jinja_env.get_or_select_template(template_name_or_list)
  File "/home/ptahuser/ptah-studios/venv/lib/python3.10/site-packages/jinja2/environment.py", line 1087, in get_or_select_template
    return self.get_template(template_name_or_list, parent, globals)
  File "/home/ptahuser/ptah-studios/venv/lib/python3.10/site-packages/jinja2/environment.py", line 1016, in get_template
    return self._load_template(name, globals)
  File "/home/ptahuser/ptah-studios/venv/lib/python3.10/site-packages/jinja2/environment.py", line 975, in _load_template
    template = self.loader.load(self, name, self.make_globals(globals))
  File "/home/ptahuser/ptah-studios/venv/lib/python3.10/site-packages/jinja2/loaders.py", line 138, in load
    code = environment.compile(source, name, filename)
  File "/home/ptahuser/ptah-studios/venv/lib/python3.10/site-packages/jinja2/environment.py", line 771, in compile
    self.handle_exception(source=source_hint)
  File "/home/ptahuser/ptah-studios/venv/lib/python3.10/site-packages/jinja2/environment.py", line 942, in handle_exception
    raise rewrite_traceback_stack(source=source)
  File "/home/ptahuser/ptah-studios/templates/public/booking.html", line 1255, in template
    {{ form.email(class="form-input", placeholder="<a href="/cdn-cgi/l/email-protection" class="__cf_email__" data-cfemail="0f656067614f6a776e627f636a216c6062">[email&#160;protected]</a>") }}
jinja2.exceptions.TemplateSyntaxError: expected token ',', got 'string'
[2026-01-05 03:10:52 +0000] [25339] [INFO] Handling signal: term
[2026-01-05 03:10:52 +0000] [25341] [INFO] Worker exiting (pid: 25341)
[2026-01-05 03:10:52 +0000] [25342] [INFO] Worker exiting (pid: 25342)
[2026-01-05 03:10:52 +0000] [25343] [INFO] Worker exiting (pid: 25343)
[2026-01-05 03:10:52 +0000] [25339] [ERROR] Worker (pid:25341) was sent SIGTERM!
[2026-01-05 03:10:52 +0000] [25339] [ERROR] Worker (pid:25342) was sent SIGTERM!
[2026-01-05 03:10:52 +0000] [25339] [ERROR] Worker (pid:25343) was sent SIGTERM!
[2026-01-05 03:10:52 +0000] [25339] [INFO] Shutting down: Master
[2026-01-05 03:10:53 +0000] [25353] [INFO] Starting gunicorn 23.0.0
[2026-01-05 03:10:53 +0000] [25353] [INFO] Listening at: unix:/home/ptahuser/ptah-studios/ptah-studios.sock (25353)
[2026-01-05 03:10:53 +0000] [25353] [INFO] Using worker: sync
[2026-01-05 03:10:53 +0000] [25354] [INFO] Booting worker with pid: 25354
[2026-01-05 03:10:53 +0000] [25355] [INFO] Booting worker with pid: 25355
[2026-01-05 03:10:53 +0000] [25356] [INFO] Booting worker with pid: 25356
[2026-01-05 03:24:03 +0000] [25353] [INFO] Handling signal: term
[2026-01-05 03:24:03 +0000] [25355] [INFO] Worker exiting (pid: 25355)
[2026-01-05 03:24:03 +0000] [25356] [INFO] Worker exiting (pid: 25356)
[2026-01-05 03:24:03 +0000] [25354] [INFO] Worker exiting (pid: 25354)
[2026-01-05 03:24:03 +0000] [25353] [ERROR] Worker (pid:25355) was sent SIGTERM!
[2026-01-05 03:24:03 +0000] [25353] [ERROR] Worker (pid:25356) was sent SIGTERM!
[2026-01-05 03:24:03 +0000] [25353] [INFO] Shutting down: Master
[2026-01-05 03:24:03 +0000] [27649] [INFO] Starting gunicorn 23.0.0
[2026-01-05 03:24:03 +0000] [27649] [INFO] Listening at: unix:/home/ptahuser/ptah-studios/ptah-studios.sock (27649)
[2026-01-05 03:24:03 +0000] [27649] [INFO] Using worker: sync
[2026-01-05 03:24:03 +0000] [27651] [INFO] Booting worker with pid: 27651
[2026-01-05 03:24:03 +0000] [27652] [INFO] Booting worker with pid: 27652
[2026-01-05 03:24:03 +0000] [27653] [INFO] Booting worker with pid: 27653
[2026-01-05 03:27:41 +0000] [27649] [INFO] Handling signal: term
[2026-01-05 03:27:41 +0000] [27651] [INFO] Worker exiting (pid: 27651)
[2026-01-05 03:27:41 +0000] [27652] [INFO] Worker exiting (pid: 27652)
[2026-01-05 03:27:41 +0000] [27649] [ERROR] Worker (pid:27652) was sent SIGTERM!
[2026-01-05 03:27:41 +0000] [27653] [INFO] Worker exiting (pid: 27653)
[2026-01-05 03:27:41 +0000] [27649] [ERROR] Worker (pid:27651) was sent SIGTERM!
[2026-01-05 03:27:41 +0000] [27649] [INFO] Shutting down: Master
[2026-01-05 03:27:41 +0000] [27661] [INFO] Starting gunicorn 23.0.0
[2026-01-05 03:27:41 +0000] [27661] [INFO] Listening at: unix:/home/ptahuser/ptah-studios/ptah-studios.sock (27661)
[2026-01-05 03:27:41 +0000] [27661] [INFO] Using worker: sync
[2026-01-05 03:27:41 +0000] [27662] [INFO] Booting worker with pid: 27662
[2026-01-05 03:27:41 +0000] [27663] [INFO] Booting worker with pid: 27663
[2026-01-05 03:27:41 +0000] [27664] [INFO] Booting worker with pid: 27664
[2026-01-05 03:36:08 +0000] [27663] [INFO] Worker exiting (pid: 27663)
[2026-01-05 03:36:08 +0000] [27664] [INFO] Worker exiting (pid: 27664)
[2026-01-05 03:36:08 +0000] [27662] [INFO] Worker exiting (pid: 27662)
[2026-01-05 03:36:08 +0000] [27661] [INFO] Handling signal: term
[2026-01-05 03:36:08 +0000] [27661] [ERROR] Worker (pid:27664) was sent SIGTERM!
[2026-01-05 03:36:08 +0000] [27661] [ERROR] Worker (pid:27663) was sent SIGTERM!
[2026-01-05 03:36:08 +0000] [27661] [ERROR] Worker (pid:27662) was sent SIGTERM!
[2026-01-05 03:36:08 +0000] [27661] [INFO] Shutting down: Master
[2026-01-05 03:36:09 +0000] [27686] [INFO] Starting gunicorn 23.0.0
[2026-01-05 03:36:09 +0000] [27686] [INFO] Listening at: unix:/home/ptahuser/ptah-studios/ptah-studios.sock (27686)
[2026-01-05 03:36:09 +0000] [27686] [INFO] Using worker: sync
[2026-01-05 03:36:09 +0000] [27688] [INFO] Booting worker with pid: 27688
[2026-01-05 03:36:09 +0000] [27689] [INFO] Booting worker with pid: 27689
[2026-01-05 03:36:09 +0000] [27690] [INFO] Booting worker with pid: 27690
[2026-01-05 03:38:28 +0000] [27686] [INFO] Handling signal: term
[2026-01-05 03:38:28 +0000] [27688] [INFO] Worker exiting (pid: 27688)
[2026-01-05 03:38:28 +0000] [27689] [INFO] Worker exiting (pid: 27689)
[2026-01-05 03:38:28 +0000] [27690] [INFO] Worker exiting (pid: 27690)
[2026-01-05 03:38:28 +0000] [27686] [ERROR] Worker (pid:27688) was sent SIGTERM!
[2026-01-05 03:38:28 +0000] [27686] [ERROR] Worker (pid:27689) was sent SIGTERM!
[2026-01-05 03:38:28 +0000] [27686] [ERROR] Worker (pid:27690) was sent SIGTERM!
[2026-01-05 03:38:28 +0000] [27686] [INFO] Shutting down: Master
[2026-01-05 03:38:28 +0000] [27699] [INFO] Starting gunicorn 23.0.0
[2026-01-05 03:38:28 +0000] [27699] [INFO] Listening at: unix:/home/ptahuser/ptah-studios/ptah-studios.sock (27699)
[2026-01-05 03:38:28 +0000] [27699] [INFO] Using worker: sync
[2026-01-05 03:38:28 +0000] [27700] [INFO] Booting worker with pid: 27700
[2026-01-05 03:38:28 +0000] [27701] [INFO] Booting worker with pid: 27701
[2026-01-05 03:38:28 +0000] [27702] [INFO] Booting worker with pid: 27702
[2026-01-05 03:46:07 +0000] [27700] [INFO] Worker exiting (pid: 27700)
[2026-01-05 03:46:07 +0000] [27701] [INFO] Worker exiting (pid: 27701)
[2026-01-05 03:46:07 +0000] [27702] [INFO] Worker exiting (pid: 27702)
[2026-01-05 03:46:07 +0000] [27699] [INFO] Handling signal: term
[2026-01-05 03:46:07 +0000] [27699] [ERROR] Worker (pid:27701) was sent SIGTERM!
[2026-01-05 03:46:07 +0000] [27699] [ERROR] Worker (pid:27700) was sent SIGTERM!
[2026-01-05 03:46:07 +0000] [27699] [ERROR] Worker (pid:27702) was sent SIGTERM!
[2026-01-05 03:46:07 +0000] [27699] [INFO] Shutting down: Master
[2026-01-05 03:46:07 +0000] [27714] [INFO] Starting gunicorn 23.0.0
[2026-01-05 03:46:07 +0000] [27714] [INFO] Listening at: unix:/home/ptahuser/ptah-studios/ptah-studios.sock (27714)
[2026-01-05 03:46:07 +0000] [27714] [INFO] Using worker: sync
[2026-01-05 03:46:07 +0000] [27716] [INFO] Booting worker with pid: 27716
[2026-01-05 03:46:07 +0000] [27717] [INFO] Booting worker with pid: 27717
[2026-01-05 03:46:07 +0000] [27718] [INFO] Booting worker with pid: 27718
[2026-01-05 03:53:55 +0000] [27714] [INFO] Handling signal: term
[2026-01-05 03:53:55 +0000] [27716] [INFO] Worker exiting (pid: 27716)
[2026-01-05 03:53:55 +0000] [27718] [INFO] Worker exiting (pid: 27718)
[2026-01-05 03:53:55 +0000] [27717] [INFO] Worker exiting (pid: 27717)
[2026-01-05 03:53:55 +0000] [27714] [ERROR] Worker (pid:27718) was sent SIGTERM!
[2026-01-05 03:53:55 +0000] [27714] [ERROR] Worker (pid:27716) was sent SIGTERM!
[2026-01-05 03:53:55 +0000] [27714] [ERROR] Worker (pid:27717) was sent SIGTERM!
[2026-01-05 03:53:55 +0000] [27714] [INFO] Shutting down: Master
[2026-01-05 03:53:55 +0000] [27734] [INFO] Starting gunicorn 23.0.0
[2026-01-05 03:53:55 +0000] [27734] [INFO] Listening at: unix:/home/ptahuser/ptah-studios/ptah-studios.sock (27734)
[2026-01-05 03:53:55 +0000] [27734] [INFO] Using worker: sync
[2026-01-05 03:53:55 +0000] [27736] [INFO] Booting worker with pid: 27736
[2026-01-05 03:53:55 +0000] [27737] [INFO] Booting worker with pid: 27737
[2026-01-05 03:53:55 +0000] [27738] [INFO] Booting worker with pid: 27738
[2026-01-05 04:02:06 +0000] [27734] [INFO] Handling signal: term
[2026-01-05 04:02:06 +0000] [27736] [INFO] Worker exiting (pid: 27736)
[2026-01-05 04:02:06 +0000] [27738] [INFO] Worker exiting (pid: 27738)
[2026-01-05 04:02:06 +0000] [27737] [INFO] Worker exiting (pid: 27737)
[2026-01-05 04:02:06 +0000] [27734] [ERROR] Worker (pid:27736) was sent SIGTERM!
[2026-01-05 04:02:06 +0000] [27734] [ERROR] Worker (pid:27738) was sent SIGTERM!
[2026-01-05 04:02:06 +0000] [27734] [ERROR] Worker (pid:27737) was sent SIGTERM!
[2026-01-05 04:02:06 +0000] [27734] [INFO] Shutting down: Master
[2026-01-05 04:02:07 +0000] [27752] [INFO] Starting gunicorn 23.0.0
[2026-01-05 04:02:07 +0000] [27752] [INFO] Listening at: unix:/home/ptahuser/ptah-studios/ptah-studios.sock (27752)
[2026-01-05 04:02:07 +0000] [27752] [INFO] Using worker: sync
[2026-01-05 04:02:07 +0000] [27754] [INFO] Booting worker with pid: 27754
[2026-01-05 04:02:07 +0000] [27755] [INFO] Booting worker with pid: 27755
[2026-01-05 04:02:07 +0000] [27756] [INFO] Booting worker with pid: 27756
[2026-01-05 04:06:15 +0000] [27755] [INFO] Worker exiting (pid: 27755)
[2026-01-05 04:06:15 +0000] [27756] [INFO] Worker exiting (pid: 27756)
[2026-01-05 04:06:15 +0000] [27754] [INFO] Worker exiting (pid: 27754)
[2026-01-05 04:06:15 +0000] [27752] [INFO] Handling signal: term
[2026-01-05 04:06:15 +0000] [27752] [ERROR] Worker (pid:27756) was sent SIGTERM!
[2026-01-05 04:06:15 +0000] [27752] [ERROR] Worker (pid:27754) was sent SIGTERM!
[2026-01-05 04:06:15 +0000] [27752] [INFO] Shutting down: Master
[2026-01-05 04:06:15 +0000] [27767] [INFO] Starting gunicorn 23.0.0
[2026-01-05 04:06:15 +0000] [27767] [INFO] Listening at: unix:/home/ptahuser/ptah-studios/ptah-studios.sock (27767)
[2026-01-05 04:06:15 +0000] [27767] [INFO] Using worker: sync
[2026-01-05 04:06:15 +0000] [27769] [INFO] Booting worker with pid: 27769
[2026-01-05 04:06:16 +0000] [27770] [INFO] Booting worker with pid: 27770
[2026-01-05 04:06:16 +0000] [27771] [INFO] Booting worker with pid: 27771
[2026-01-05 04:10:25 +0000] [27767] [INFO] Handling signal: term
[2026-01-05 04:10:25 +0000] [27770] [INFO] Worker exiting (pid: 27770)
[2026-01-05 04:10:25 +0000] [27769] [INFO] Worker exiting (pid: 27769)
[2026-01-05 04:10:25 +0000] [27771] [INFO] Worker exiting (pid: 27771)
[2026-01-05 04:10:25 +0000] [27767] [ERROR] Worker (pid:27770) was sent SIGTERM!
[2026-01-05 04:10:25 +0000] [27767] [ERROR] Worker (pid:27771) was sent SIGTERM!
[2026-01-05 04:10:25 +0000] [27767] [INFO] Shutting down: Master
[2026-01-05 04:10:25 +0000] [27781] [INFO] Starting gunicorn 23.0.0
[2026-01-05 04:10:25 +0000] [27781] [INFO] Listening at: unix:/home/ptahuser/ptah-studios/ptah-studios.sock (27781)
[2026-01-05 04:10:25 +0000] [27781] [INFO] Using worker: sync
[2026-01-05 04:10:25 +0000] [27783] [INFO] Booting worker with pid: 27783
[2026-01-05 04:10:25 +0000] [27784] [INFO] Booting worker with pid: 27784
[2026-01-05 04:10:25 +0000] [27785] [INFO] Booting worker with pid: 27785
[2026-01-05 04:22:32 +0000] [27781] [INFO] Handling signal: term
[2026-01-05 04:22:32 +0000] [27784] [INFO] Worker exiting (pid: 27784)
[2026-01-05 04:22:32 +0000] [27785] [INFO] Worker exiting (pid: 27785)
[2026-01-05 04:22:32 +0000] [27783] [INFO] Worker exiting (pid: 27783)
[2026-01-05 04:22:32 +0000] [27781] [ERROR] Worker (pid:27784) was sent SIGTERM!
[2026-01-05 04:22:32 +0000] [27781] [ERROR] Worker (pid:27785) was sent SIGTERM!
[2026-01-05 04:22:32 +0000] [27781] [INFO] Shutting down: Master
[2026-01-05 04:22:32 +0000] [27803] [INFO] Starting gunicorn 23.0.0
[2026-01-05 04:22:32 +0000] [27803] [INFO] Listening at: unix:/home/ptahuser/ptah-studios/ptah-studios.sock (27803)
[2026-01-05 04:22:32 +0000] [27803] [INFO] Using worker: sync
[2026-01-05 04:22:32 +0000] [27804] [INFO] Booting worker with pid: 27804
[2026-01-05 04:22:33 +0000] [27805] [INFO] Booting worker with pid: 27805
[2026-01-05 04:22:33 +0000] [27806] [INFO] Booting worker with pid: 27806
[2026-01-05 04:23:50 +0000] [27803] [INFO] Handling signal: term
[2026-01-05 04:23:50 +0000] [27804] [INFO] Worker exiting (pid: 27804)
[2026-01-05 04:23:50 +0000] [27806] [INFO] Worker exiting (pid: 27806)
[2026-01-05 04:23:50 +0000] [27803] [ERROR] Worker (pid:27804) was sent SIGTERM!
[2026-01-05 04:23:50 +0000] [27805] [INFO] Worker exiting (pid: 27805)
[2026-01-05 04:23:50 +0000] [27803] [ERROR] Worker (pid:27806) was sent SIGTERM!
[2026-01-05 04:23:50 +0000] [27803] [INFO] Shutting down: Master
[2026-01-05 04:23:50 +0000] [27812] [INFO] Starting gunicorn 23.0.0
[2026-01-05 04:23:50 +0000] [27812] [INFO] Listening at: unix:/home/ptahuser/ptah-studios/ptah-studios.sock (27812)
[2026-01-05 04:23:50 +0000] [27812] [INFO] Using worker: sync
[2026-01-05 04:23:50 +0000] [27814] [INFO] Booting worker with pid: 27814
[2026-01-05 04:23:51 +0000] [27815] [INFO] Booting worker with pid: 27815
[2026-01-05 04:23:51 +0000] [27816] [INFO] Booting worker with pid: 27816
[2026-01-05 04:24:55 +0000] [27812] [INFO] Handling signal: term
[2026-01-05 04:24:55 +0000] [27815] [INFO] Worker exiting (pid: 27815)
[2026-01-05 04:24:55 +0000] [27816] [INFO] Worker exiting (pid: 27816)
[2026-01-05 04:24:55 +0000] [27814] [INFO] Worker exiting (pid: 27814)
[2026-01-05 04:24:55 +0000] [27812] [ERROR] Worker (pid:27815) was sent SIGTERM!
[2026-01-05 04:24:55 +0000] [27812] [ERROR] Worker (pid:27816) was sent SIGTERM!
[2026-01-05 04:24:55 +0000] [27812] [INFO] Shutting down: Master
[2026-01-05 04:24:55 +0000] [27823] [INFO] Starting gunicorn 23.0.0
[2026-01-05 04:24:55 +0000] [27823] [INFO] Listening at: unix:/home/ptahuser/ptah-studios/ptah-studios.sock (27823)
[2026-01-05 04:24:55 +0000] [27823] [INFO] Using worker: sync
[2026-01-05 04:24:55 +0000] [27824] [INFO] Booting worker with pid: 27824
[2026-01-05 04:24:55 +0000] [27825] [INFO] Booting worker with pid: 27825
[2026-01-05 04:24:55 +0000] [27826] [INFO] Booting worker with pid: 27826
[2026-01-05 04:28:17 +0000] [27823] [INFO] Handling signal: term
[2026-01-05 04:28:17 +0000] [27824] [INFO] Worker exiting (pid: 27824)
[2026-01-05 04:28:17 +0000] [27826] [INFO] Worker exiting (pid: 27826)
[2026-01-05 04:28:17 +0000] [27823] [ERROR] Worker (pid:27824) was sent SIGTERM!
[2026-01-05 04:28:17 +0000] [27825] [INFO] Worker exiting (pid: 27825)
[2026-01-05 04:28:17 +0000] [27823] [ERROR] Worker (pid:27826) was sent SIGTERM!
[2026-01-05 04:28:17 +0000] [27823] [INFO] Shutting down: Master
[2026-01-05 04:28:17 +0000] [27832] [INFO] Starting gunicorn 23.0.0
[2026-01-05 04:28:17 +0000] [27832] [INFO] Listening at: unix:/home/ptahuser/ptah-studios/ptah-studios.sock (27832)
[2026-01-05 04:28:17 +0000] [27832] [INFO] Using worker: sync
[2026-01-05 04:28:17 +0000] [27833] [INFO] Booting worker with pid: 27833
[2026-01-05 04:28:17 +0000] [27835] [INFO] Booting worker with pid: 27835
[2026-01-05 04:28:17 +0000] [27834] [INFO] Booting worker with pid: 27834
[2026-01-05 04:29:19 +0000] [27832] [INFO] Handling signal: term
[2026-01-05 04:29:19 +0000] [27834] [INFO] Worker exiting (pid: 27834)
[2026-01-05 04:29:19 +0000] [27835] [INFO] Worker exiting (pid: 27835)
[2026-01-05 04:29:19 +0000] [27833] [INFO] Worker exiting (pid: 27833)
[2026-01-05 04:29:19 +0000] [27832] [ERROR] Worker (pid:27834) was sent SIGTERM!
[2026-01-05 04:29:19 +0000] [27832] [ERROR] Worker (pid:27835) was sent SIGTERM!
[2026-01-05 04:29:19 +0000] [27832] [INFO] Shutting down: Master
[2026-01-05 04:29:19 +0000] [27841] [INFO] Starting gunicorn 23.0.0
[2026-01-05 04:29:19 +0000] [27841] [INFO] Listening at: unix:/home/ptahuser/ptah-studios/ptah-studios.sock (27841)
[2026-01-05 04:29:19 +0000] [27841] [INFO] Using worker: sync
[2026-01-05 04:29:19 +0000] [27843] [INFO] Booting worker with pid: 27843
[2026-01-05 04:29:19 +0000] [27844] [INFO] Booting worker with pid: 27844
[2026-01-05 04:29:19 +0000] [27845] [INFO] Booting worker with pid: 27845
[2026-01-05 05:25:49 +0000] [27841] [INFO] Handling signal: term
[2026-01-05 05:25:49 +0000] [27843] [INFO] Worker exiting (pid: 27843)
[2026-01-05 05:25:49 +0000] [27844] [INFO] Worker exiting (pid: 27844)
[2026-01-05 05:25:49 +0000] [27845] [INFO] Worker exiting (pid: 27845)
[2026-01-05 05:25:49 +0000] [27841] [ERROR] Worker (pid:27844) was sent SIGTERM!
[2026-01-05 05:25:49 +0000] [27841] [ERROR] Worker (pid:27843) was sent SIGTERM!
[2026-01-05 05:25:49 +0000] [27841] [ERROR] Worker (pid:27845) was sent SIGTERM!
[2026-01-05 05:25:49 +0000] [27841] [INFO] Shutting down: Master
[2026-01-05 05:25:49 +0000] [27902] [INFO] Starting gunicorn 23.0.0
[2026-01-05 05:25:49 +0000] [27902] [INFO] Listening at: unix:/home/ptahuser/ptah-studios/ptah-studios.sock (27902)
[2026-01-05 05:25:49 +0000] [27902] [INFO] Using worker: sync
[2026-01-05 05:25:49 +0000] [27904] [INFO] Booting worker with pid: 27904
[2026-01-05 05:25:49 +0000] [27905] [INFO] Booting worker with pid: 27905
[2026-01-05 05:25:49 +0000] [27906] [INFO] Booting worker with pid: 27906
[2026-01-05 05:25:50 +0000] [27902] [INFO] Handling signal: term
[2026-01-05 05:25:50 +0000] [27904] [INFO] Worker exiting (pid: 27904)
[2026-01-05 05:25:50 +0000] [27905] [INFO] Worker exiting (pid: 27905)
[2026-01-05 05:25:50 +0000] [27906] [INFO] Worker exiting (pid: 27906)
[2026-01-05 05:25:50 +0000] [27902] [ERROR] Worker (pid:27904) was sent SIGTERM!
[2026-01-05 05:25:50 +0000] [27902] [INFO] Shutting down: Master
[2026-01-05 05:25:50 +0000] [27911] [INFO] Starting gunicorn 23.0.0
[2026-01-05 05:25:50 +0000] [27911] [INFO] Listening at: unix:/home/ptahuser/ptah-studios/ptah-studios.sock (27911)
[2026-01-05 05:25:50 +0000] [27911] [INFO] Using worker: sync
[2026-01-05 05:25:50 +0000] [27912] [INFO] Booting worker with pid: 27912
[2026-01-05 05:25:50 +0000] [27913] [INFO] Booting worker with pid: 27913
[2026-01-05 05:25:50 +0000] [27914] [INFO] Booting worker with pid: 27914
[2026-01-05 05:26:25 +0000] [27911] [INFO] Handling signal: term
[2026-01-05 05:26:25 +0000] [27912] [INFO] Worker exiting (pid: 27912)
[2026-01-05 05:26:25 +0000] [27913] [INFO] Worker exiting (pid: 27913)
[2026-01-05 05:26:25 +0000] [27914] [INFO] Worker exiting (pid: 27914)
[2026-01-05 05:26:25 +0000] [27911] [ERROR] Worker (pid:27914) was sent SIGTERM!
[2026-01-05 05:26:25 +0000] [27911] [ERROR] Worker (pid:27913) was sent SIGTERM!
[2026-01-05 05:26:25 +0000] [27911] [INFO] Shutting down: Master
[2026-01-05 05:26:25 +0000] [28114] [INFO] Starting gunicorn 23.0.0
[2026-01-05 05:26:25 +0000] [28114] [INFO] Listening at: unix:/home/ptahuser/ptah-studios/ptah-studios.sock (28114)
[2026-01-05 05:26:25 +0000] [28114] [INFO] Using worker: sync
[2026-01-05 05:26:25 +0000] [28116] [INFO] Booting worker with pid: 28116
[2026-01-05 05:26:25 +0000] [28117] [INFO] Booting worker with pid: 28117
[2026-01-05 05:26:25 +0000] [28118] [INFO] Booting worker with pid: 28118
[2026-01-05 05:28:16 +0000] [28114] [INFO] Handling signal: term
[2026-01-05 05:28:16 +0000] [28116] [INFO] Worker exiting (pid: 28116)
[2026-01-05 05:28:16 +0000] [28118] [INFO] Worker exiting (pid: 28118)
[2026-01-05 05:28:16 +0000] [28117] [INFO] Worker exiting (pid: 28117)
[2026-01-05 05:28:16 +0000] [28114] [ERROR] Worker (pid:28116) was sent SIGTERM!
[2026-01-05 05:28:16 +0000] [28114] [ERROR] Worker (pid:28118) was sent SIGTERM!
[2026-01-05 05:28:16 +0000] [28114] [ERROR] Worker (pid:28117) was sent SIGTERM!
[2026-01-05 05:28:16 +0000] [28114] [INFO] Shutting down: Master
[2026-01-05 05:28:16 +0000] [28124] [INFO] Starting gunicorn 23.0.0
[2026-01-05 05:28:16 +0000] [28124] [INFO] Listening at: unix:/home/ptahuser/ptah-studios/ptah-studios.sock (28124)
[2026-01-05 05:28:16 +0000] [28124] [INFO] Using worker: sync
[2026-01-05 05:28:16 +0000] [28125] [INFO] Booting worker with pid: 28125
[2026-01-05 05:28:16 +0000] [28126] [INFO] Booting worker with pid: 28126
[2026-01-05 05:28:16 +0000] [28127] [INFO] Booting worker with pid: 28127
[2026-01-05 05:29:12 +0000] [28124] [INFO] Handling signal: term
[2026-01-05 05:29:12 +0000] [28125] [INFO] Worker exiting (pid: 28125)
[2026-01-05 05:29:12 +0000] [28127] [INFO] Worker exiting (pid: 28127)
[2026-01-05 05:29:12 +0000] [28126] [INFO] Worker exiting (pid: 28126)
[2026-01-05 05:29:12 +0000] [28124] [ERROR] Worker (pid:28127) was sent SIGTERM!
[2026-01-05 05:29:12 +0000] [28124] [ERROR] Worker (pid:28125) was sent SIGTERM!
[2026-01-05 05:29:12 +0000] [28124] [ERROR] Worker (pid:28126) was sent SIGTERM!
[2026-01-05 05:29:13 +0000] [28124] [INFO] Shutting down: Master
[2026-01-05 05:29:13 +0000] [28135] [INFO] Starting gunicorn 23.0.0
[2026-01-05 05:29:13 +0000] [28135] [INFO] Listening at: unix:/home/ptahuser/ptah-studios/ptah-studios.sock (28135)
[2026-01-05 05:29:13 +0000] [28135] [INFO] Using worker: sync
[2026-01-05 05:29:13 +0000] [28136] [INFO] Booting worker with pid: 28136
[2026-01-05 05:29:13 +0000] [28137] [INFO] Booting worker with pid: 28137
[2026-01-05 05:29:13 +0000] [28138] [INFO] Booting worker with pid: 28138
[2026-01-05 05:38:47 +0000] [28135] [INFO] Handling signal: term
[2026-01-05 05:38:47 +0000] [28136] [INFO] Worker exiting (pid: 28136)
[2026-01-05 05:38:47 +0000] [28137] [INFO] Worker exiting (pid: 28137)
[2026-01-05 05:38:47 +0000] [28138] [INFO] Worker exiting (pid: 28138)
[2026-01-05 05:38:47 +0000] [28135] [ERROR] Worker (pid:28136) was sent SIGTERM!
[2026-01-05 05:38:47 +0000] [28135] [ERROR] Worker (pid:28138) was sent SIGTERM!
[2026-01-05 05:38:47 +0000] [28135] [ERROR] Worker (pid:28137) was sent SIGTERM!
[2026-01-05 05:38:47 +0000] [28135] [INFO] Shutting down: Master
[2026-01-05 05:38:47 +0000] [28153] [INFO] Starting gunicorn 23.0.0
[2026-01-05 05:38:47 +0000] [28153] [INFO] Listening at: unix:/home/ptahuser/ptah-studios/ptah-studios.sock (28153)
[2026-01-05 05:38:47 +0000] [28153] [INFO] Using worker: sync
[2026-01-05 05:38:47 +0000] [28155] [INFO] Booting worker with pid: 28155
[2026-01-05 05:38:47 +0000] [28156] [INFO] Booting worker with pid: 28156
[2026-01-05 05:38:48 +0000] [28157] [INFO] Booting worker with pid: 28157
[2026-01-05 05:44:26 +0000] [28155] [INFO] Worker exiting (pid: 28155)
[2026-01-05 05:44:26 +0000] [28156] [INFO] Worker exiting (pid: 28156)
[2026-01-05 05:44:26 +0000] [28157] [INFO] Worker exiting (pid: 28157)
[2026-01-05 05:44:26 +0000] [28153] [INFO] Handling signal: term
[2026-01-05 05:44:26 +0000] [28153] [ERROR] Worker (pid:28156) was sent SIGTERM!
[2026-01-05 05:44:26 +0000] [28153] [ERROR] Worker (pid:28157) was sent SIGTERM!
[2026-01-05 05:44:26 +0000] [28153] [ERROR] Worker (pid:28155) was sent SIGTERM!
[2026-01-05 05:44:26 +0000] [28153] [INFO] Shutting down: Master
[2026-01-05 05:44:26 +0000] [28166] [INFO] Starting gunicorn 23.0.0
[2026-01-05 05:44:26 +0000] [28166] [INFO] Listening at: unix:/home/ptahuser/ptah-studios/ptah-studios.sock (28166)
[2026-01-05 05:44:26 +0000] [28166] [INFO] Using worker: sync
[2026-01-05 05:44:26 +0000] [28168] [INFO] Booting worker with pid: 28168
[2026-01-05 05:44:26 +0000] [28169] [INFO] Booting worker with pid: 28169
[2026-01-05 05:44:26 +0000] [28170] [INFO] Booting worker with pid: 28170
[2026-01-05 05:48:46 +0000] [28168] [INFO] Worker exiting (pid: 28168)
[2026-01-05 05:48:46 +0000] [28169] [INFO] Worker exiting (pid: 28169)
[2026-01-05 05:48:46 +0000] [28170] [INFO] Worker exiting (pid: 28170)
[2026-01-05 05:48:46 +0000] [28166] [INFO] Handling signal: term
[2026-01-05 05:48:46 +0000] [28166] [ERROR] Worker (pid:28170) was sent SIGTERM!
[2026-01-05 05:48:46 +0000] [28166] [ERROR] Worker (pid:28169) was sent SIGTERM!
[2026-01-05 05:48:46 +0000] [28166] [ERROR] Worker (pid:28168) was sent SIGTERM!
[2026-01-05 05:48:46 +0000] [28166] [INFO] Shutting down: Master
[2026-01-05 05:48:46 +0000] [28208] [INFO] Starting gunicorn 23.0.0
[2026-01-05 05:48:46 +0000] [28208] [INFO] Listening at: unix:/home/ptahuser/ptah-studios/ptah-studios.sock (28208)
[2026-01-05 05:48:46 +0000] [28208] [INFO] Using worker: sync
[2026-01-05 05:48:46 +0000] [28209] [INFO] Booting worker with pid: 28209
[2026-01-05 05:48:46 +0000] [28210] [INFO] Booting worker with pid: 28210
[2026-01-05 05:48:46 +0000] [28211] [INFO] Booting worker with pid: 28211
[2026-01-05 06:02:28 +0000] [28208] [INFO] Handling signal: term
[2026-01-05 06:02:28 +0000] [28209] [INFO] Worker exiting (pid: 28209)
[2026-01-05 06:02:28 +0000] [28210] [INFO] Worker exiting (pid: 28210)
[2026-01-05 06:02:28 +0000] [28211] [INFO] Worker exiting (pid: 28211)
[2026-01-05 06:02:28 +0000] [28208] [ERROR] Worker (pid:28209) was sent SIGTERM!
[2026-01-05 06:02:28 +0000] [28208] [ERROR] Worker (pid:28211) was sent SIGTERM!
[2026-01-05 06:02:28 +0000] [28208] [ERROR] Worker (pid:28210) was sent SIGTERM!
[2026-01-05 06:02:28 +0000] [28208] [INFO] Shutting down: Master
[2026-01-05 06:02:28 +0000] [28225] [INFO] Starting gunicorn 23.0.0
[2026-01-05 06:02:28 +0000] [28225] [INFO] Listening at: unix:/home/ptahuser/ptah-studios/ptah-studios.sock (28225)
[2026-01-05 06:02:28 +0000] [28225] [INFO] Using worker: sync
[2026-01-05 06:02:28 +0000] [28227] [INFO] Booting worker with pid: 28227
[2026-01-05 06:02:28 +0000] [28228] [INFO] Booting worker with pid: 28228
[2026-01-05 06:02:28 +0000] [28229] [INFO] Booting worker with pid: 28229
[2026-01-05 06:03:02 +0000] [28225] [INFO] Handling signal: term
[2026-01-05 06:03:02 +0000] [28228] [INFO] Worker exiting (pid: 28228)
[2026-01-05 06:03:02 +0000] [28229] [INFO] Worker exiting (pid: 28229)
[2026-01-05 06:03:02 +0000] [28225] [ERROR] Worker (pid:28228) was sent SIGTERM!
[2026-01-05 06:03:02 +0000] [28227] [INFO] Worker exiting (pid: 28227)
[2026-01-05 06:03:02 +0000] [28225] [ERROR] Worker (pid:28229) was sent SIGTERM!
[2026-01-05 06:03:02 +0000] [28225] [INFO] Shutting down: Master
[2026-01-05 06:03:02 +0000] [28234] [INFO] Starting gunicorn 23.0.0
[2026-01-05 06:03:02 +0000] [28234] [INFO] Listening at: unix:/home/ptahuser/ptah-studios/ptah-studios.sock (28234)
[2026-01-05 06:03:02 +0000] [28234] [INFO] Using worker: sync
[2026-01-05 06:03:02 +0000] [28236] [INFO] Booting worker with pid: 28236
[2026-01-05 06:03:02 +0000] [28237] [INFO] Booting worker with pid: 28237
[2026-01-05 06:03:02 +0000] [28238] [INFO] Booting worker with pid: 28238
[2026-01-05 06:08:23 +0000] [28234] [INFO] Handling signal: term
[2026-01-05 06:08:23 +0000] [28236] [INFO] Worker exiting (pid: 28236)
[2026-01-05 06:08:23 +0000] [28237] [INFO] Worker exiting (pid: 28237)
[2026-01-05 06:08:23 +0000] [28238] [INFO] Worker exiting (pid: 28238)
[2026-01-05 06:08:23 +0000] [28234] [ERROR] Worker (pid:28237) was sent SIGTERM!
[2026-01-05 06:08:23 +0000] [28234] [ERROR] Worker (pid:28236) was sent SIGTERM!
[2026-01-05 06:08:23 +0000] [28234] [INFO] Shutting down: Master
[2026-01-05 06:08:24 +0000] [28329] [INFO] Starting gunicorn 23.0.0
[2026-01-05 06:08:24 +0000] [28329] [INFO] Listening at: unix:/home/ptahuser/ptah-studios/ptah-studios.sock (28329)
[2026-01-05 06:08:24 +0000] [28329] [INFO] Using worker: sync
[2026-01-05 06:08:24 +0000] [28331] [INFO] Booting worker with pid: 28331
[2026-01-05 06:08:24 +0000] [28331] [ERROR] Exception in worker process
Traceback (most recent call last):
  File "/home/ptahuser/ptah-studios/venv/lib/python3.10/site-packages/gunicorn/arbiter.py", line 608, in spawn_worker
    worker.init_process()
  File "/home/ptahuser/ptah-studios/venv/lib/python3.10/site-packages/gunicorn/workers/base.py", line 135, in init_process
    self.load_wsgi()
  File "/home/ptahuser/ptah-studios/venv/lib/python3.10/site-packages/gunicorn/workers/base.py", line 147, in load_wsgi
    self.wsgi = self.app.wsgi()
  File "/home/ptahuser/ptah-studios/venv/lib/python3.10/site-packages/gunicorn/app/base.py", line 66, in wsgi
    self.callable = self.load()
  File "/home/ptahuser/ptah-studios/venv/lib/python3.10/site-packages/gunicorn/app/wsgiapp.py", line 57, in load
    return self.load_wsgiapp()
  File "/home/ptahuser/ptah-studios/venv/lib/python3.10/site-packages/gunicorn/app/wsgiapp.py", line 47, in load_wsgiapp
    return util.import_app(self.app_uri)
  File "/home/ptahuser/ptah-studios/venv/lib/python3.10/site-packages/gunicorn/util.py", line 370, in import_app
    mod = importlib.import_module(module)
  File "/usr/lib/python3.10/importlib/__init__.py", line 126, in import_module
    return _bootstrap._gcd_import(name[level:], package, level)
  File "<frozen importlib._bootstrap>", line 1050, in _gcd_import
  File "<frozen importlib._bootstrap>", line 1027, in _find_and_load
  File "<frozen importlib._bootstrap>", line 1006, in _find_and_load_unlocked
  File "<frozen importlib._bootstrap>", line 688, in _load_unlocked
  File "<frozen importlib._bootstrap_external>", line 879, in exec_module
  File "<frozen importlib._bootstrap_external>", line 1017, in get_code
  File "<frozen importlib._bootstrap_external>", line 947, in source_to_code
  File "<frozen importlib._bootstrap>", line 241, in _call_with_frames_removed
  File "/home/ptahuser/ptah-studios/app.py", line 1202
    pending_bookings = Booking.query.filter_by(status='pending_bookings = Booking.query.filter_by(status='pending').order_by(Booking.created_at.desc()).limit(6).all()').order_by(Booking.booking_date.asc()).limit(6).all()
                                                      ^^^^^^^^^^^^^^^^^^^^^^^^^^^^^^^^^^^^^^^^^^^^^^^^^^^^^^^^^^^
SyntaxError: invalid syntax. Perhaps you forgot a comma?
[2026-01-05 06:08:24 +0000] [28331] [INFO] Worker exiting (pid: 28331)
[2026-01-05 06:08:24 +0000] [28329] [ERROR] Worker (pid:28331) exited with code 3
[2026-01-05 06:08:24 +0000] [28329] [ERROR] Shutting down: Master
[2026-01-05 06:08:24 +0000] [28329] [ERROR] Reason: Worker failed to boot.
[2026-01-05 06:09:36 +0000] [28336] [INFO] Starting gunicorn 23.0.0
[2026-01-05 06:09:36 +0000] [28336] [INFO] Listening at: unix:/home/ptahuser/ptah-studios/ptah-studios.sock (28336)
[2026-01-05 06:09:36 +0000] [28336] [INFO] Using worker: sync
[2026-01-05 06:09:36 +0000] [28337] [INFO] Booting worker with pid: 28337
[2026-01-05 06:09:37 +0000] [28338] [INFO] Booting worker with pid: 28338
[2026-01-05 06:09:37 +0000] [28339] [INFO] Booting worker with pid: 28339
[2026-01-05 06:11:12 +0000] [28336] [INFO] Handling signal: term
[2026-01-05 06:11:12 +0000] [28337] [INFO] Worker exiting (pid: 28337)
[2026-01-05 06:11:12 +0000] [28339] [INFO] Worker exiting (pid: 28339)
[2026-01-05 06:11:12 +0000] [28336] [ERROR] Worker (pid:28337) was sent SIGTERM!
[2026-01-05 06:11:12 +0000] [28338] [INFO] Worker exiting (pid: 28338)
[2026-01-05 06:11:12 +0000] [28336] [ERROR] Worker (pid:28339) was sent SIGTERM!
[2026-01-05 06:11:12 +0000] [28336] [INFO] Shutting down: Master
[2026-01-05 06:11:12 +0000] [28347] [INFO] Starting gunicorn 23.0.0
[2026-01-05 06:11:12 +0000] [28347] [INFO] Listening at: unix:/home/ptahuser/ptah-studios/ptah-studios.sock (28347)
[2026-01-05 06:11:12 +0000] [28347] [INFO] Using worker: sync
[2026-01-05 06:11:12 +0000] [28349] [INFO] Booting worker with pid: 28349
[2026-01-05 06:11:13 +0000] [28350] [INFO] Booting worker with pid: 28350
[2026-01-05 06:11:13 +0000] [28351] [INFO] Booting worker with pid: 28351
[2026-01-05 06:12:02 +0000] [28347] [INFO] Handling signal: term
[2026-01-05 06:12:02 +0000] [28350] [INFO] Worker exiting (pid: 28350)
[2026-01-05 06:12:02 +0000] [28351] [INFO] Worker exiting (pid: 28351)
[2026-01-05 06:12:02 +0000] [28349] [INFO] Worker exiting (pid: 28349)
[2026-01-05 06:12:02 +0000] [28347] [ERROR] Worker (pid:28350) was sent SIGTERM!
[2026-01-05 06:12:02 +0000] [28347] [ERROR] Worker (pid:28351) was sent SIGTERM!
[2026-01-05 06:12:02 +0000] [28347] [INFO] Shutting down: Master
[2026-01-05 06:12:02 +0000] [28357] [INFO] Starting gunicorn 23.0.0
[2026-01-05 06:12:02 +0000] [28357] [INFO] Listening at: unix:/home/ptahuser/ptah-studios/ptah-studios.sock (28357)
[2026-01-05 06:12:02 +0000] [28357] [INFO] Using worker: sync
[2026-01-05 06:12:02 +0000] [28358] [INFO] Booting worker with pid: 28358
[2026-01-05 06:12:02 +0000] [28359] [INFO] Booting worker with pid: 28359
[2026-01-05 06:12:02 +0000] [28360] [INFO] Booting worker with pid: 28360
[2026-01-07 13:30:48 +0000] [28358] [INFO] Worker exiting (pid: 28358)
[2026-01-07 13:30:48 +0000] [28360] [INFO] Worker exiting (pid: 28360)
[2026-01-07 13:30:48 +0000] [28359] [INFO] Worker exiting (pid: 28359)
[2026-01-07 13:30:48 +0000] [28357] [INFO] Handling signal: term
[2026-01-07 13:30:48 +0000] [28357] [ERROR] Worker (pid:28359) was sent SIGTERM!
[2026-01-07 13:30:48 +0000] [28357] [ERROR] Worker (pid:28360) was sent SIGTERM!
[2026-01-07 13:30:48 +0000] [28357] [ERROR] Worker (pid:28358) was sent SIGTERM!
[2026-01-07 13:30:48 +0000] [28357] [INFO] Shutting down: Master
[2026-01-07 13:30:49 +0000] [34300] [INFO] Starting gunicorn 23.0.0
[2026-01-07 13:30:49 +0000] [34300] [INFO] Listening at: unix:/home/ptahuser/ptah-studios/ptah-studios.sock (34300)
[2026-01-07 13:30:49 +0000] [34300] [INFO] Using worker: sync
[2026-01-07 13:30:49 +0000] [34303] [INFO] Booting worker with pid: 34303
[2026-01-07 13:30:49 +0000] [34304] [INFO] Booting worker with pid: 34304
[2026-01-07 13:30:49 +0000] [34305] [INFO] Booting worker with pid: 34305
[2026-01-07 13:30:52 +0000] [34304] [INFO] Worker exiting (pid: 34304)
[2026-01-07 13:30:52 +0000] [34300] [INFO] Handling signal: term
[2026-01-07 13:30:52 +0000] [34303] [INFO] Worker exiting (pid: 34303)
[2026-01-07 13:30:52 +0000] [34305] [INFO] Worker exiting (pid: 34305)
[2026-01-07 13:30:52 +0000] [34300] [ERROR] Worker (pid:34304) was sent SIGTERM!
[2026-01-07 13:30:52 +0000] [34300] [INFO] Shutting down: Master
[2026-01-07 13:30:52 +0000] [34310] [INFO] Starting gunicorn 23.0.0
[2026-01-07 13:30:52 +0000] [34310] [INFO] Listening at: unix:/home/ptahuser/ptah-studios/ptah-studios.sock (34310)
[2026-01-07 13:30:52 +0000] [34310] [INFO] Using worker: sync
[2026-01-07 13:30:52 +0000] [34311] [INFO] Booting worker with pid: 34311
[2026-01-07 13:30:53 +0000] [34312] [INFO] Booting worker with pid: 34312
[2026-01-07 13:30:53 +0000] [34313] [INFO] Booting worker with pid: 34313
[2026-01-07 14:00:07 +0000] [34310] [INFO] Handling signal: term
[2026-01-07 14:00:07 +0000] [34311] [INFO] Worker exiting (pid: 34311)
[2026-01-07 14:00:07 +0000] [34312] [INFO] Worker exiting (pid: 34312)
[2026-01-07 14:00:07 +0000] [34313] [INFO] Worker exiting (pid: 34313)
[2026-01-07 14:00:07 +0000] [34310] [ERROR] Worker (pid:34311) was sent SIGTERM!
[2026-01-07 14:00:07 +0000] [34310] [ERROR] Worker (pid:34313) was sent SIGTERM!
[2026-01-07 14:00:07 +0000] [34310] [ERROR] Worker (pid:34312) was sent SIGTERM!
[2026-01-07 14:00:08 +0000] [34310] [INFO] Shutting down: Master
[2026-01-07 14:00:08 +0000] [34422] [INFO] Starting gunicorn 23.0.0
[2026-01-07 14:00:08 +0000] [34422] [INFO] Listening at: unix:/home/ptahuser/ptah-studios/ptah-studios.sock (34422)
[2026-01-07 14:00:08 +0000] [34422] [INFO] Using worker: sync
[2026-01-07 14:00:08 +0000] [34424] [INFO] Booting worker with pid: 34424
[2026-01-07 14:00:08 +0000] [34425] [INFO] Booting worker with pid: 34425
[2026-01-07 14:00:08 +0000] [34426] [INFO] Booting worker with pid: 34426
[2026-01-07 14:25:50 +0000] [34422] [INFO] Handling signal: term
[2026-01-07 14:25:50 +0000] [34424] [INFO] Worker exiting (pid: 34424)
[2026-01-07 14:25:50 +0000] [34426] [INFO] Worker exiting (pid: 34426)
[2026-01-07 14:25:50 +0000] [34425] [INFO] Worker exiting (pid: 34425)
[2026-01-07 14:25:50 +0000] [34422] [ERROR] Worker (pid:34424) was sent SIGTERM!
[2026-01-07 14:25:50 +0000] [34422] [ERROR] Worker (pid:34426) was sent SIGTERM!
[2026-01-07 14:25:50 +0000] [34422] [ERROR] Worker (pid:34425) was sent SIGTERM!
[2026-01-07 14:25:50 +0000] [34422] [INFO] Shutting down: Master
[2026-01-07 14:25:50 +0000] [34497] [INFO] Starting gunicorn 23.0.0
[2026-01-07 14:25:50 +0000] [34497] [INFO] Listening at: unix:/home/ptahuser/ptah-studios/ptah-studios.sock (34497)
[2026-01-07 14:25:50 +0000] [34497] [INFO] Using worker: sync
[2026-01-07 14:25:50 +0000] [34499] [INFO] Booting worker with pid: 34499
[2026-01-07 14:25:50 +0000] [34500] [INFO] Booting worker with pid: 34500
[2026-01-07 14:25:50 +0000] [34501] [INFO] Booting worker with pid: 34501
[2026-01-07 21:23:37,648] WARNING in app: Form validation failed: {'phone': ['This field is required.'], 'csrf_token': ['The CSRF token has expired.']}
[2026-01-07 21:25:57,950] WARNING in app: Form validation failed: {'email': ['Invalid email address.']}
[2026-01-07 21:27:52,926] WARNING in app: Form validation failed: {'email': ['Invalid email address.']}
[2026-01-08 09:05:54 +0000] [34500] [INFO] Worker exiting (pid: 34500)
[2026-01-08 09:05:54 +0000] [34501] [INFO] Worker exiting (pid: 34501)
[2026-01-08 09:05:54 +0000] [34499] [INFO] Worker exiting (pid: 34499)
[2026-01-08 09:05:54 +0000] [34497] [INFO] Handling signal: term
[2026-01-08 09:05:54 +0000] [34497] [ERROR] Worker (pid:34501) was sent SIGTERM!
[2026-01-08 09:05:54 +0000] [34497] [ERROR] Worker (pid:34499) was sent SIGTERM!
[2026-01-08 09:05:54 +0000] [34497] [ERROR] Worker (pid:34500) was sent SIGTERM!
[2026-01-08 09:05:54 +0000] [34497] [INFO] Shutting down: Master
[2026-01-08 09:05:54 +0000] [38821] [INFO] Starting gunicorn 23.0.0
[2026-01-08 09:05:54 +0000] [38821] [INFO] Listening at: unix:/home/ptahuser/ptah-studios/ptah-studios.sock (38821)
[2026-01-08 09:05:54 +0000] [38821] [INFO] Using worker: sync
[2026-01-08 09:05:54 +0000] [38822] [INFO] Booting worker with pid: 38822
[2026-01-08 09:05:54 +0000] [38823] [INFO] Booting worker with pid: 38823
[2026-01-08 09:05:54 +0000] [38824] [INFO] Booting worker with pid: 38824
[2026-01-08 09:11:11 +0000] [38821] [INFO] Handling signal: term
[2026-01-08 09:11:11 +0000] [38822] [INFO] Worker exiting (pid: 38822)
[2026-01-08 09:11:11 +0000] [38823] [INFO] Worker exiting (pid: 38823)
[2026-01-08 09:11:11 +0000] [38824] [INFO] Worker exiting (pid: 38824)
[2026-01-08 09:11:11 +0000] [38821] [ERROR] Worker (pid:38822) was sent SIGTERM!
[2026-01-08 09:11:11 +0000] [38821] [ERROR] Worker (pid:38823) was sent SIGTERM!
[2026-01-08 09:11:11 +0000] [38821] [ERROR] Worker (pid:38824) was sent SIGTERM!
[2026-01-08 09:11:11 +0000] [38821] [INFO] Shutting down: Master
[2026-01-08 09:11:11 +0000] [38836] [INFO] Starting gunicorn 23.0.0
[2026-01-08 09:11:11 +0000] [38836] [INFO] Listening at: unix:/home/ptahuser/ptah-studios/ptah-studios.sock (38836)
[2026-01-08 09:11:11 +0000] [38836] [INFO] Using worker: sync
[2026-01-08 09:11:11 +0000] [38837] [INFO] Booting worker with pid: 38837
[2026-01-08 09:11:11 +0000] [38838] [INFO] Booting worker with pid: 38838
[2026-01-08 09:11:11 +0000] [38839] [INFO] Booting worker with pid: 38839
[2026-01-08 09:26:48 +0000] [38836] [INFO] Handling signal: term
[2026-01-08 09:26:48 +0000] [38837] [INFO] Worker exiting (pid: 38837)
[2026-01-08 09:26:48 +0000] [38838] [INFO] Worker exiting (pid: 38838)
[2026-01-08 09:26:48 +0000] [38839] [INFO] Worker exiting (pid: 38839)
[2026-01-08 09:26:48 +0000] [38836] [ERROR] Worker (pid:38839) was sent SIGTERM!
[2026-01-08 09:26:48 +0000] [38836] [ERROR] Worker (pid:38837) was sent SIGTERM!
[2026-01-08 09:26:48 +0000] [38836] [ERROR] Worker (pid:38838) was sent SIGTERM!
[2026-01-08 09:26:48 +0000] [38836] [INFO] Shutting down: Master
[2026-01-08 09:26:48 +0000] [39044] [INFO] Starting gunicorn 23.0.0
[2026-01-08 09:26:48 +0000] [39044] [INFO] Listening at: unix:/home/ptahuser/ptah-studios/ptah-studios.sock (39044)
[2026-01-08 09:26:48 +0000] [39044] [INFO] Using worker: sync
[2026-01-08 09:26:48 +0000] [39046] [INFO] Booting worker with pid: 39046
[2026-01-08 09:26:48 +0000] [39047] [INFO] Booting worker with pid: 39047
[2026-01-08 09:26:48 +0000] [39048] [INFO] Booting worker with pid: 39048
[2026-01-08 09:26:50 +0000] [39044] [INFO] Handling signal: term
[2026-01-08 09:26:50 +0000] [39046] [INFO] Worker exiting (pid: 39046)
[2026-01-08 09:26:50 +0000] [39048] [INFO] Worker exiting (pid: 39048)
[2026-01-08 09:26:50 +0000] [39044] [ERROR] Worker (pid:39046) was sent SIGTERM!
[2026-01-08 09:26:50 +0000] [39047] [INFO] Worker exiting (pid: 39047)
[2026-01-08 09:26:50 +0000] [39044] [ERROR] Worker (pid:39048) was sent SIGTERM!
[2026-01-08 09:26:50 +0000] [39044] [INFO] Shutting down: Master
[2026-01-08 09:26:50 +0000] [39053] [INFO] Starting gunicorn 23.0.0
[2026-01-08 09:26:50 +0000] [39053] [INFO] Listening at: unix:/home/ptahuser/ptah-studios/ptah-studios.sock (39053)
[2026-01-08 09:26:50 +0000] [39053] [INFO] Using worker: sync
[2026-01-08 09:26:50 +0000] [39054] [INFO] Booting worker with pid: 39054
[2026-01-08 09:26:50 +0000] [39055] [INFO] Booting worker with pid: 39055
[2026-01-08 09:26:50 +0000] [39056] [INFO] Booting worker with pid: 39056
[2026-01-08 09:42:27 +0000] [39053] [INFO] Handling signal: term
[2026-01-08 09:42:27 +0000] [39054] [INFO] Worker exiting (pid: 39054)
[2026-01-08 09:42:27 +0000] [39055] [INFO] Worker exiting (pid: 39055)
[2026-01-08 09:42:27 +0000] [39056] [INFO] Worker exiting (pid: 39056)
[2026-01-08 09:42:27 +0000] [39053] [ERROR] Worker (pid:39054) was sent SIGTERM!
[2026-01-08 09:42:27 +0000] [39053] [ERROR] Worker (pid:39055) was sent SIGTERM!
[2026-01-08 09:42:27 +0000] [39053] [INFO] Shutting down: Master
[2026-01-08 09:42:27 +0000] [39080] [INFO] Starting gunicorn 23.0.0
[2026-01-08 09:42:27 +0000] [39080] [INFO] Listening at: unix:/home/ptahuser/ptah-studios/ptah-studios.sock (39080)
[2026-01-08 09:42:27 +0000] [39080] [INFO] Using worker: sync
[2026-01-08 09:42:27 +0000] [39082] [INFO] Booting worker with pid: 39082
[2026-01-08 09:42:27 +0000] [39083] [INFO] Booting worker with pid: 39083
[2026-01-08 09:42:27 +0000] [39084] [INFO] Booting worker with pid: 39084
[2026-01-10 07:27:52,224] WARNING in app: Form validation failed: {'first_name': ['This field is required.'], 'last_name': ['This field is required.'], 'email': ['This field is required.'], 'phone': ['This field is required.']}
[2026-01-15 10:08:36 +0000] [39084] [INFO] Worker exiting (pid: 39084)
[2026-01-15 10:08:36 +0000] [39082] [INFO] Worker exiting (pid: 39082)
[2026-01-15 10:08:36 +0000] [39083] [INFO] Worker exiting (pid: 39083)
[2026-01-15 10:08:36 +0000] [39080] [INFO] Handling signal: term
[2026-01-15 10:08:36 +0000] [39080] [ERROR] Worker (pid:39082) was sent SIGTERM!
[2026-01-15 10:08:36 +0000] [39080] [ERROR] Worker (pid:39084) was sent SIGTERM!
[2026-01-15 10:08:38 +0000] [39080] [INFO] Shutting down: Master
[2026-01-15 10:08:38 +0000] [64262] [INFO] Starting gunicorn 23.0.0
[2026-01-15 10:08:38 +0000] [64262] [INFO] Listening at: unix:/home/ptahuser/ptah-studios/ptah-studios.sock (64262)
[2026-01-15 10:08:38 +0000] [64262] [INFO] Using worker: sync
[2026-01-15 10:08:38 +0000] [64263] [INFO] Booting worker with pid: 64263
[2026-01-15 10:08:38 +0000] [64264] [INFO] Booting worker with pid: 64264
[2026-01-15 10:08:38 +0000] [64265] [INFO] Booting worker with pid: 64265
[2026-01-15 12:57:15 +0000] [64265] [INFO] Worker exiting (pid: 64265)
[2026-01-15 12:57:15 +0000] [64263] [INFO] Worker exiting (pid: 64263)
[2026-01-15 12:57:15 +0000] [64264] [INFO] Worker exiting (pid: 64264)
[2026-01-15 12:57:15 +0000] [64262] [INFO] Handling signal: term
[2026-01-15 12:57:15 +0000] [64262] [ERROR] Worker (pid:64263) was sent SIGTERM!
[2026-01-15 12:57:15 +0000] [64262] [ERROR] Worker (pid:64264) was sent SIGTERM!
[2026-01-15 12:57:15 +0000] [64262] [ERROR] Worker (pid:64265) was sent SIGTERM!
[2026-01-15 12:57:15 +0000] [64262] [INFO] Shutting down: Master
[2026-01-15 12:57:16 +0000] [64669] [INFO] Starting gunicorn 23.0.0
[2026-01-15 12:57:16 +0000] [64669] [INFO] Listening at: unix:/home/ptahuser/ptah-studios/ptah-studios.sock (64669)
[2026-01-15 12:57:16 +0000] [64669] [INFO] Using worker: sync
[2026-01-15 12:57:16 +0000] [64670] [INFO] Booting worker with pid: 64670
[2026-01-15 12:57:16 +0000] [64671] [INFO] Booting worker with pid: 64671
[2026-01-15 12:57:16 +0000] [64672] [INFO] Booting worker with pid: 64672
[2026-01-15 12:59:54,347] ERROR in app: Context processor error: (sqlite3.OperationalError) no such table: project_assignments
[SQL: SELECT project_activities.id AS project_activities_id, project_activities.project_id AS project_activities_project_id, project_activities.user_id AS project_activities_user_id, project_activities.action AS project_activities_action, project_activities.timestamp AS project_activities_timestamp 
FROM project_activities JOIN project_assignments ON project_activities.project_id = project_assignments.project_id 
WHERE project_assignments.user_id = ? ORDER BY project_activities.timestamp DESC
 LIMIT ? OFFSET ?]
[parameters: (5, 10, 0)]
(Background on this error at: https://sqlalche.me/e/20/e3q8)
[2026-01-15 13:00:37,352] ERROR in app: Context processor error: (sqlite3.OperationalError) no such table: project_assignments
[SQL: SELECT project_activities.id AS project_activities_id, project_activities.project_id AS project_activities_project_id, project_activities.user_id AS project_activities_user_id, project_activities.action AS project_activities_action, project_activities.timestamp AS project_activities_timestamp 
FROM project_activities JOIN project_assignments ON project_activities.project_id = project_assignments.project_id 
WHERE project_assignments.user_id = ? ORDER BY project_activities.timestamp DESC
 LIMIT ? OFFSET ?]
[parameters: (5, 10, 0)]
(Background on this error at: https://sqlalche.me/e/20/e3q8)
[2026-01-15 13:00:51,543] ERROR in app: Context processor error: (sqlite3.OperationalError) no such table: project_assignments
[SQL: SELECT project_activities.id AS project_activities_id, project_activities.project_id AS project_activities_project_id, project_activities.user_id AS project_activities_user_id, project_activities.action AS project_activities_action, project_activities.timestamp AS project_activities_timestamp 
FROM project_activities JOIN project_assignments ON project_activities.project_id = project_assignments.project_id 
WHERE project_assignments.user_id = ? ORDER BY project_activities.timestamp DESC
 LIMIT ? OFFSET ?]
[parameters: (5, 10, 0)]
(Background on this error at: https://sqlalche.me/e/20/e3q8)
[2026-01-15 13:01:15,651] ERROR in app: Error deleting project: can't set attribute 'team_members'
[2026-01-15 13:01:15,747] ERROR in app: Context processor error: (sqlite3.OperationalError) no such table: project_assignments
[SQL: SELECT project_activities.id AS project_activities_id, project_activities.project_id AS project_activities_project_id, project_activities.user_id AS project_activities_user_id, project_activities.action AS project_activities_action, project_activities.timestamp AS project_activities_timestamp 
FROM project_activities JOIN project_assignments ON project_activities.project_id = project_assignments.project_id 
WHERE project_assignments.user_id = ? ORDER BY project_activities.timestamp DESC
 LIMIT ? OFFSET ?]
[parameters: (5, 10, 0)]
(Background on this error at: https://sqlalche.me/e/20/e3q8)
[2026-01-15 13:14:39 +0000] [64669] [INFO] Handling signal: term
[2026-01-15 13:14:39 +0000] [64670] [INFO] Worker exiting (pid: 64670)
[2026-01-15 13:14:39 +0000] [64671] [INFO] Worker exiting (pid: 64671)
[2026-01-15 13:14:39 +0000] [64672] [INFO] Worker exiting (pid: 64672)
[2026-01-15 13:14:39 +0000] [64669] [ERROR] Worker (pid:64670) was sent SIGTERM!
[2026-01-15 13:14:39 +0000] [64669] [ERROR] Worker (pid:64671) was sent SIGTERM!
[2026-01-15 13:14:39 +0000] [64669] [ERROR] Worker (pid:64672) was sent SIGTERM!
[2026-01-15 13:14:39 +0000] [64669] [INFO] Shutting down: Master
[2026-01-15 13:14:39 +0000] [64713] [INFO] Starting gunicorn 23.0.0
[2026-01-15 13:14:39 +0000] [64713] [INFO] Listening at: unix:/home/ptahuser/ptah-studios/ptah-studios.sock (64713)
[2026-01-15 13:14:39 +0000] [64713] [INFO] Using worker: sync
[2026-01-15 13:14:39 +0000] [64715] [INFO] Booting worker with pid: 64715
[2026-01-15 13:14:39 +0000] [64716] [INFO] Booting worker with pid: 64716
[2026-01-15 13:14:39 +0000] [64717] [INFO] Booting worker with pid: 64717
[2026-01-15 13:14:50,515] ERROR in app: Context processor error: (sqlite3.OperationalError) no such table: project_assignments
[SQL: SELECT project_activities.id AS project_activities_id, project_activities.project_id AS project_activities_project_id, project_activities.user_id AS project_activities_user_id, project_activities.action AS project_activities_action, project_activities.timestamp AS project_activities_timestamp 
FROM project_activities JOIN project_assignments ON project_activities.project_id = project_assignments.project_id 
WHERE project_assignments.user_id = ? ORDER BY project_activities.timestamp DESC
 LIMIT ? OFFSET ?]
[parameters: (5, 10, 0)]
(Background on this error at: https://sqlalche.me/e/20/e3q8)
[2026-01-15 13:16:36,421] ERROR in app: Context processor error: (sqlite3.OperationalError) no such table: project_assignments
[SQL: SELECT project_activities.id AS project_activities_id, project_activities.project_id AS project_activities_project_id, project_activities.user_id AS project_activities_user_id, project_activities.action AS project_activities_action, project_activities.timestamp AS project_activities_timestamp 
FROM project_activities JOIN project_assignments ON project_activities.project_id = project_assignments.project_id 
WHERE project_assignments.user_id = ? ORDER BY project_activities.timestamp DESC
 LIMIT ? OFFSET ?]
[parameters: (5, 10, 0)]
(Background on this error at: https://sqlalche.me/e/20/e3q8)
[2026-01-15 13:19:07 +0000] [64713] [INFO] Handling signal: term
[2026-01-15 13:19:07 +0000] [64715] [INFO] Worker exiting (pid: 64715)
[2026-01-15 13:19:07 +0000] [64716] [INFO] Worker exiting (pid: 64716)
[2026-01-15 13:19:07 +0000] [64717] [INFO] Worker exiting (pid: 64717)
[2026-01-15 13:19:07 +0000] [64713] [ERROR] Worker (pid:64715) was sent SIGTERM!
[2026-01-15 13:19:07 +0000] [64713] [ERROR] Worker (pid:64717) was sent SIGTERM!
[2026-01-15 13:19:07 +0000] [64713] [ERROR] Worker (pid:64716) was sent SIGTERM!
[2026-01-15 13:19:07 +0000] [64713] [INFO] Shutting down: Master
[2026-01-15 13:19:07 +0000] [64731] [INFO] Starting gunicorn 23.0.0
[2026-01-15 13:19:07 +0000] [64731] [INFO] Listening at: unix:/home/ptahuser/ptah-studios/ptah-studios.sock (64731)
[2026-01-15 13:19:07 +0000] [64731] [INFO] Using worker: sync
[2026-01-15 13:19:07 +0000] [64732] [INFO] Booting worker with pid: 64732
[2026-01-15 13:19:07 +0000] [64733] [INFO] Booting worker with pid: 64733
[2026-01-15 13:19:07 +0000] [64734] [INFO] Booting worker with pid: 64734
[2026-01-15 13:19:16,339] ERROR in app: Context processor error: (sqlite3.OperationalError) no such table: project_assignments
[SQL: SELECT project_activities.id AS project_activities_id, project_activities.project_id AS project_activities_project_id, project_activities.user_id AS project_activities_user_id, project_activities.action AS project_activities_action, project_activities.timestamp AS project_activities_timestamp 
FROM project_activities JOIN project_assignments ON project_activities.project_id = project_assignments.project_id 
WHERE project_assignments.user_id = ? ORDER BY project_activities.timestamp DESC
 LIMIT ? OFFSET ?]
[parameters: (5, 10, 0)]
(Background on this error at: https://sqlalche.me/e/20/e3q8)
[2026-01-15 13:19:38,142] ERROR in app: Error deleting project: can't set attribute 'team_members'
[2026-01-15 13:19:38,235] ERROR in app: Context processor error: (sqlite3.OperationalError) no such table: project_assignments
[SQL: SELECT project_activities.id AS project_activities_id, project_activities.project_id AS project_activities_project_id, project_activities.user_id AS project_activities_user_id, project_activities.action AS project_activities_action, project_activities.timestamp AS project_activities_timestamp 
FROM project_activities JOIN project_assignments ON project_activities.project_id = project_assignments.project_id 
WHERE project_assignments.user_id = ? ORDER BY project_activities.timestamp DESC
 LIMIT ? OFFSET ?]
[parameters: (5, 10, 0)]
(Background on this error at: https://sqlalche.me/e/20/e3q8)
[2026-01-15 13:19:42,370] ERROR in app: Context processor error: (sqlite3.OperationalError) no such table: project_assignments
[SQL: SELECT project_activities.id AS project_activities_id, project_activities.project_id AS project_activities_project_id, project_activities.user_id AS project_activities_user_id, project_activities.action AS project_activities_action, project_activities.timestamp AS project_activities_timestamp 
FROM project_activities JOIN project_assignments ON project_activities.project_id = project_assignments.project_id 
WHERE project_assignments.user_id = ? ORDER BY project_activities.timestamp DESC
 LIMIT ? OFFSET ?]
[parameters: (5, 10, 0)]
(Background on this error at: https://sqlalche.me/e/20/e3q8)
[2026-01-15 13:20:27,917] ERROR in app: Context processor error: (sqlite3.OperationalError) no such table: project_assignments
[SQL: SELECT project_activities.id AS project_activities_id, project_activities.project_id AS project_activities_project_id, project_activities.user_id AS project_activities_user_id, project_activities.action AS project_activities_action, project_activities.timestamp AS project_activities_timestamp 
FROM project_activities JOIN project_assignments ON project_activities.project_id = project_assignments.project_id 
WHERE project_assignments.user_id = ? ORDER BY project_activities.timestamp DESC
 LIMIT ? OFFSET ?]
[parameters: (5, 10, 0)]
(Background on this error at: https://sqlalche.me/e/20/e3q8)
[2026-01-15 13:20:40,463] ERROR in app: Error deleting project: can't set attribute 'team_members'
[2026-01-15 13:23:47 +0000] [64731] [INFO] Handling signal: term
[2026-01-15 13:23:47 +0000] [64732] [INFO] Worker exiting (pid: 64732)
[2026-01-15 13:23:47 +0000] [64733] [INFO] Worker exiting (pid: 64733)
[2026-01-15 13:23:47 +0000] [64734] [INFO] Worker exiting (pid: 64734)
[2026-01-15 13:23:47 +0000] [64731] [ERROR] Worker (pid:64732) was sent SIGTERM!
[2026-01-15 13:23:47 +0000] [64731] [ERROR] Worker (pid:64734) was sent SIGTERM!
[2026-01-15 13:23:47 +0000] [64731] [ERROR] Worker (pid:64733) was sent SIGTERM!
[2026-01-15 13:23:47 +0000] [64731] [INFO] Shutting down: Master
[2026-01-15 13:23:47 +0000] [64741] [INFO] Starting gunicorn 23.0.0
[2026-01-15 13:23:47 +0000] [64741] [INFO] Listening at: unix:/home/ptahuser/ptah-studios/ptah-studios.sock (64741)
[2026-01-15 13:23:47 +0000] [64741] [INFO] Using worker: sync
[2026-01-15 13:23:47 +0000] [64743] [INFO] Booting worker with pid: 64743
[2026-01-15 13:23:47 +0000] [64744] [INFO] Booting worker with pid: 64744
[2026-01-15 13:23:47 +0000] [64745] [INFO] Booting worker with pid: 64745
[2026-01-15 13:23:55,916] ERROR in app: Context processor error: (sqlite3.OperationalError) no such table: project_assignments
[SQL: SELECT project_activities.id AS project_activities_id, project_activities.project_id AS project_activities_project_id, project_activities.user_id AS project_activities_user_id, project_activities.action AS project_activities_action, project_activities.timestamp AS project_activities_timestamp 
FROM project_activities JOIN project_assignments ON project_activities.project_id = project_assignments.project_id 
WHERE project_assignments.user_id = ? ORDER BY project_activities.timestamp DESC
 LIMIT ? OFFSET ?]
[parameters: (5, 10, 0)]
(Background on this error at: https://sqlalche.me/e/20/e3q8)
[2026-01-15 13:24:01,252] ERROR in app: Context processor error: (sqlite3.OperationalError) no such table: project_assignments
[SQL: SELECT project_activities.id AS project_activities_id, project_activities.project_id AS project_activities_project_id, project_activities.user_id AS project_activities_user_id, project_activities.action AS project_activities_action, project_activities.timestamp AS project_activities_timestamp 
FROM project_activities JOIN project_assignments ON project_activities.project_id = project_assignments.project_id 
WHERE project_assignments.user_id = ? ORDER BY project_activities.timestamp DESC
 LIMIT ? OFFSET ?]
[parameters: (5, 10, 0)]
(Background on this error at: https://sqlalche.me/e/20/e3q8)
[2026-01-15 13:27:19 +0000] [64741] [INFO] Handling signal: term
[2026-01-15 13:27:19 +0000] [64743] [INFO] Worker exiting (pid: 64743)
[2026-01-15 13:27:19 +0000] [64744] [INFO] Worker exiting (pid: 64744)
[2026-01-15 13:27:19 +0000] [64745] [INFO] Worker exiting (pid: 64745)
[2026-01-15 13:27:19 +0000] [64741] [ERROR] Worker (pid:64744) was sent SIGTERM!
[2026-01-15 13:27:19 +0000] [64741] [ERROR] Worker (pid:64743) was sent SIGTERM!
[2026-01-15 13:27:19 +0000] [64741] [ERROR] Worker (pid:64745) was sent SIGTERM!
[2026-01-15 13:27:19 +0000] [64741] [INFO] Shutting down: Master
[2026-01-15 13:27:20 +0000] [64755] [INFO] Starting gunicorn 23.0.0
[2026-01-15 13:27:20 +0000] [64755] [INFO] Listening at: unix:/home/ptahuser/ptah-studios/ptah-studios.sock (64755)
[2026-01-15 13:27:20 +0000] [64755] [INFO] Using worker: sync
[2026-01-15 13:27:20 +0000] [64757] [INFO] Booting worker with pid: 64757
[2026-01-15 13:27:20 +0000] [64758] [INFO] Booting worker with pid: 64758
[2026-01-15 13:27:20 +0000] [64759] [INFO] Booting worker with pid: 64759
[2026-01-15 13:33:42 +0000] [64757] [INFO] Worker exiting (pid: 64757)
[2026-01-15 13:33:42 +0000] [64758] [INFO] Worker exiting (pid: 64758)
[2026-01-15 13:33:42 +0000] [64759] [INFO] Worker exiting (pid: 64759)
[2026-01-15 13:33:42 +0000] [64755] [INFO] Handling signal: term
[2026-01-15 13:33:42 +0000] [64755] [ERROR] Worker (pid:64758) was sent SIGTERM!
[2026-01-15 13:33:42 +0000] [64755] [ERROR] Worker (pid:64759) was sent SIGTERM!
[2026-01-15 13:33:42 +0000] [64755] [ERROR] Worker (pid:64757) was sent SIGTERM!
[2026-01-15 13:33:42 +0000] [64755] [INFO] Shutting down: Master
[2026-01-15 13:33:42 +0000] [64769] [INFO] Starting gunicorn 23.0.0
[2026-01-15 13:33:42 +0000] [64769] [INFO] Listening at: unix:/home/ptahuser/ptah-studios/ptah-studios.sock (64769)
[2026-01-15 13:33:42 +0000] [64769] [INFO] Using worker: sync
[2026-01-15 13:33:42 +0000] [64771] [INFO] Booting worker with pid: 64771
[2026-01-15 13:33:42 +0000] [64772] [INFO] Booting worker with pid: 64772
[2026-01-15 13:33:42 +0000] [64773] [INFO] Booting worker with pid: 64773
[2026-01-15 13:47:32 +0000] [64769] [INFO] Handling signal: term
[2026-01-15 13:47:32 +0000] [64772] [INFO] Worker exiting (pid: 64772)
[2026-01-15 13:47:32 +0000] [64771] [INFO] Worker exiting (pid: 64771)
[2026-01-15 13:47:32 +0000] [64773] [INFO] Worker exiting (pid: 64773)
[2026-01-15 13:47:33 +0000] [64769] [INFO] Shutting down: Master
[2026-01-15 13:47:33 +0000] [64794] [INFO] Starting gunicorn 23.0.0
[2026-01-15 13:47:33 +0000] [64794] [INFO] Listening at: unix:/home/ptahuser/ptah-studios/ptah-studios.sock (64794)
[2026-01-15 13:47:33 +0000] [64794] [INFO] Using worker: sync
[2026-01-15 13:47:33 +0000] [64795] [INFO] Booting worker with pid: 64795
[2026-01-15 13:47:33 +0000] [64796] [INFO] Booting worker with pid: 64796
[2026-01-15 13:47:33 +0000] [64797] [INFO] Booting worker with pid: 64797
[2026-01-17 10:56:52 +0000] [64796] [INFO] Worker exiting (pid: 64796)
[2026-01-17 10:56:52 +0000] [64797] [INFO] Worker exiting (pid: 64797)
[2026-01-17 10:56:52 +0000] [64795] [INFO] Worker exiting (pid: 64795)
[2026-01-17 10:56:52 +0000] [64794] [INFO] Handling signal: term
[2026-01-17 10:56:52 +0000] [64794] [ERROR] Worker (pid:64796) was sent SIGTERM!
[2026-01-17 10:56:52 +0000] [64794] [ERROR] Worker (pid:64797) was sent SIGTERM!
[2026-01-17 10:56:53 +0000] [64794] [INFO] Shutting down: Master
[2026-01-17 10:56:54 +0000] [69137] [INFO] Starting gunicorn 23.0.0
[2026-01-17 10:56:54 +0000] [69137] [INFO] Listening at: unix:/home/ptahuser/ptah-studios/ptah-studios.sock (69137)
[2026-01-17 10:56:54 +0000] [69137] [INFO] Using worker: sync
[2026-01-17 10:56:54 +0000] [69139] [INFO] Booting worker with pid: 69139
[2026-01-17 10:56:54 +0000] [69140] [INFO] Booting worker with pid: 69140
[2026-01-17 10:56:54 +0000] [69141] [INFO] Booting worker with pid: 69141
[2026-01-17 11:02:24 +0000] [69137] [INFO] Handling signal: term
[2026-01-17 11:02:24 +0000] [69139] [INFO] Worker exiting (pid: 69139)
[2026-01-17 11:02:24 +0000] [69140] [INFO] Worker exiting (pid: 69140)
[2026-01-17 11:02:24 +0000] [69141] [INFO] Worker exiting (pid: 69141)
[2026-01-17 11:02:24 +0000] [69137] [ERROR] Worker (pid:69141) was sent SIGTERM!
[2026-01-17 11:02:24 +0000] [69137] [ERROR] Worker (pid:69140) was sent SIGTERM!
[2026-01-17 11:02:24 +0000] [69137] [INFO] Shutting down: Master
[2026-01-17 11:02:24 +0000] [69187] [INFO] Starting gunicorn 23.0.0
[2026-01-17 11:02:24 +0000] [69187] [INFO] Listening at: unix:/home/ptahuser/ptah-studios/ptah-studios.sock (69187)
[2026-01-17 11:02:24 +0000] [69187] [INFO] Using worker: sync
[2026-01-17 11:02:24 +0000] [69190] [INFO] Booting worker with pid: 69190
[2026-01-17 11:02:24 +0000] [69191] [INFO] Booting worker with pid: 69191
[2026-01-17 11:02:24 +0000] [69192] [INFO] Booting worker with pid: 69192
[2026-01-17 11:03:00 +0000] [69187] [INFO] Handling signal: term
[2026-01-17 11:03:00 +0000] [69190] [INFO] Worker exiting (pid: 69190)
[2026-01-17 11:03:00 +0000] [69192] [INFO] Worker exiting (pid: 69192)
[2026-01-17 11:03:00 +0000] [69191] [INFO] Worker exiting (pid: 69191)
[2026-01-17 11:03:00 +0000] [69187] [ERROR] Worker (pid:69190) was sent SIGTERM!
[2026-01-17 11:03:00 +0000] [69187] [ERROR] Worker (pid:69191) was sent SIGTERM!
[2026-01-17 11:03:00 +0000] [69187] [ERROR] Worker (pid:69192) was sent SIGTERM!
[2026-01-17 11:03:00 +0000] [69187] [INFO] Shutting down: Master
[2026-01-17 11:03:01 +0000] [69204] [INFO] Starting gunicorn 23.0.0
[2026-01-17 11:03:01 +0000] [69204] [INFO] Listening at: unix:/home/ptahuser/ptah-studios/ptah-studios.sock (69204)
[2026-01-17 11:03:01 +0000] [69204] [INFO] Using worker: sync
[2026-01-17 11:03:01 +0000] [69205] [INFO] Booting worker with pid: 69205
[2026-01-17 11:03:01 +0000] [69206] [INFO] Booting worker with pid: 69206
[2026-01-17 11:03:01 +0000] [69207] [INFO] Booting worker with pid: 69207
[2026-01-17 11:07:40 +0000] [69204] [INFO] Handling signal: term
[2026-01-17 11:07:40 +0000] [69205] [INFO] Worker exiting (pid: 69205)
[2026-01-17 11:07:40 +0000] [69206] [INFO] Worker exiting (pid: 69206)
[2026-01-17 11:07:40 +0000] [69207] [INFO] Worker exiting (pid: 69207)
[2026-01-17 11:07:40 +0000] [69204] [ERROR] Worker (pid:69205) was sent SIGTERM!
[2026-01-17 11:07:40 +0000] [69204] [ERROR] Worker (pid:69207) was sent SIGTERM!
[2026-01-17 11:07:40 +0000] [69204] [ERROR] Worker (pid:69206) was sent SIGTERM!
[2026-01-17 11:07:40 +0000] [69204] [INFO] Shutting down: Master
[2026-01-17 11:07:41 +0000] [69242] [INFO] Starting gunicorn 23.0.0
[2026-01-17 11:07:41 +0000] [69242] [INFO] Listening at: unix:/home/ptahuser/ptah-studios/ptah-studios.sock (69242)
[2026-01-17 11:07:41 +0000] [69242] [INFO] Using worker: sync
[2026-01-17 11:07:41 +0000] [69244] [INFO] Booting worker with pid: 69244
[2026-01-17 11:07:41 +0000] [69245] [INFO] Booting worker with pid: 69245
[2026-01-17 11:07:41 +0000] [69246] [INFO] Booting worker with pid: 69246
[2026-01-17 20:10:13,394] WARNING in app: Form validation failed: {'first_name': ['This field is required.'], 'last_name': ['This field is required.'], 'email': ['This field is required.'], 'phone': ['This field is required.']}
[2026-01-18 05:10:24,707] WARNING in app: Form validation failed: {'first_name': ['This field is required.'], 'last_name': ['This field is required.'], 'email': ['This field is required.'], 'phone': ['This field is required.']}
[2026-01-18 05:10:52,732] WARNING in app: Form validation failed: {'first_name': ['This field is required.'], 'last_name': ['This field is required.'], 'email': ['This field is required.'], 'phone': ['This field is required.']}
[2026-01-18 05:15:49,644] ERROR in app: Context processor error: (sqlite3.OperationalError) no such table: project_assignments
[SQL: SELECT project_activities.id AS project_activities_id, project_activities.project_id AS project_activities_project_id, project_activities.user_id AS project_activities_user_id, project_activities.action AS project_activities_action, project_activities.timestamp AS project_activities_timestamp 
FROM project_activities JOIN project_assignments ON project_activities.project_id = project_assignments.project_id 
WHERE project_assignments.user_id = ? ORDER BY project_activities.timestamp DESC
 LIMIT ? OFFSET ?]
[parameters: (6, 10, 0)]
(Background on this error at: https://sqlalche.me/e/20/e3q8)
[2026-01-18 05:15:57,493] ERROR in app: Context processor error: (sqlite3.OperationalError) no such table: project_assignments
[SQL: SELECT project_activities.id AS project_activities_id, project_activities.project_id AS project_activities_project_id, project_activities.user_id AS project_activities_user_id, project_activities.action AS project_activities_action, project_activities.timestamp AS project_activities_timestamp 
FROM project_activities JOIN project_assignments ON project_activities.project_id = project_assignments.project_id 
WHERE project_assignments.user_id = ? ORDER BY project_activities.timestamp DESC
 LIMIT ? OFFSET ?]
[parameters: (6, 10, 0)]
(Background on this error at: https://sqlalche.me/e/20/e3q8)
[2026-01-18 05:16:02,217] ERROR in app: Context processor error: (sqlite3.OperationalError) no such table: project_assignments
[SQL: SELECT project_activities.id AS project_activities_id, project_activities.project_id AS project_activities_project_id, project_activities.user_id AS project_activities_user_id, project_activities.action AS project_activities_action, project_activities.timestamp AS project_activities_timestamp 
FROM project_activities JOIN project_assignments ON project_activities.project_id = project_assignments.project_id 
WHERE project_assignments.user_id = ? ORDER BY project_activities.timestamp DESC
 LIMIT ? OFFSET ?]
[parameters: (6, 10, 0)]
(Background on this error at: https://sqlalche.me/e/20/e3q8)
[2026-01-18 05:16:38,539] WARNING in app: Form validation failed: {'first_name': ['This field is required.'], 'last_name': ['This field is required.'], 'email': ['This field is required.'], 'phone': ['This field is required.']}
[2026-01-18 05:16:38,607] ERROR in app: Context processor error: (sqlite3.OperationalError) no such table: project_assignments
[SQL: SELECT project_activities.id AS project_activities_id, project_activities.project_id AS project_activities_project_id, project_activities.user_id AS project_activities_user_id, project_activities.action AS project_activities_action, project_activities.timestamp AS project_activities_timestamp 
FROM project_activities JOIN project_assignments ON project_activities.project_id = project_assignments.project_id 
WHERE project_assignments.user_id = ? ORDER BY project_activities.timestamp DESC
 LIMIT ? OFFSET ?]
[parameters: (6, 10, 0)]
(Background on this error at: https://sqlalche.me/e/20/e3q8)
[2026-01-18 05:20:38,435] ERROR in app: Context processor error: (sqlite3.OperationalError) no such table: project_assignments
[SQL: SELECT project_activities.id AS project_activities_id, project_activities.project_id AS project_activities_project_id, project_activities.user_id AS project_activities_user_id, project_activities.action AS project_activities_action, project_activities.timestamp AS project_activities_timestamp 
FROM project_activities JOIN project_assignments ON project_activities.project_id = project_assignments.project_id 
WHERE project_assignments.user_id = ? ORDER BY project_activities.timestamp DESC
 LIMIT ? OFFSET ?]
[parameters: (6, 10, 0)]
(Background on this error at: https://sqlalche.me/e/20/e3q8)
[2026-01-18 05:42:50 +0000] [69245] [INFO] Worker exiting (pid: 69245)
[2026-01-18 05:42:50 +0000] [69246] [INFO] Worker exiting (pid: 69246)
[2026-01-18 05:42:50 +0000] [69244] [INFO] Worker exiting (pid: 69244)
[2026-01-18 05:42:51 +0000] [69242] [INFO] Handling signal: term
[2026-01-18 05:42:51 +0000] [69242] [ERROR] Worker (pid:69246) was sent SIGTERM!
[2026-01-18 05:42:51 +0000] [69242] [ERROR] Worker (pid:69244) was sent SIGTERM!
[2026-01-18 05:42:51 +0000] [69242] [ERROR] Worker (pid:69245) was sent SIGTERM!
[2026-01-18 05:42:51 +0000] [69242] [INFO] Shutting down: Master
[2026-01-18 05:42:51 +0000] [72106] [INFO] Starting gunicorn 23.0.0
[2026-01-18 05:42:51 +0000] [72106] [INFO] Listening at: unix:/home/ptahuser/ptah-studios/ptah-studios.sock (72106)
[2026-01-18 05:42:51 +0000] [72106] [INFO] Using worker: sync
[2026-01-18 05:42:51 +0000] [72107] [INFO] Booting worker with pid: 72107
[2026-01-18 05:42:51 +0000] [72108] [INFO] Booting worker with pid: 72108
[2026-01-18 05:42:51 +0000] [72109] [INFO] Booting worker with pid: 72109
[2026-01-18 05:43:00,376] WARNING in app: Form validation failed: {'first_name': ['This field is required.'], 'last_name': ['This field is required.'], 'email': ['This field is required.'], 'phone': ['This field is required.']}
[2026-01-18 05:43:00,489] ERROR in app: Context processor error: (sqlite3.OperationalError) no such table: project_assignments
[SQL: SELECT project_activities.id AS project_activities_id, project_activities.project_id AS project_activities_project_id, project_activities.user_id AS project_activities_user_id, project_activities.action AS project_activities_action, project_activities.timestamp AS project_activities_timestamp 
FROM project_activities JOIN project_assignments ON project_activities.project_id = project_assignments.project_id 
WHERE project_assignments.user_id = ? ORDER BY project_activities.timestamp DESC
 LIMIT ? OFFSET ?]
[parameters: (6, 10, 0)]
(Background on this error at: https://sqlalche.me/e/20/e3q8)
[2026-01-18 05:49:45 +0000] [72107] [INFO] Worker exiting (pid: 72107)
[2026-01-18 05:49:45 +0000] [72108] [INFO] Worker exiting (pid: 72108)
[2026-01-18 05:49:45 +0000] [72109] [INFO] Worker exiting (pid: 72109)
[2026-01-18 05:49:45 +0000] [72106] [INFO] Handling signal: term
[2026-01-18 05:49:45 +0000] [72106] [ERROR] Worker (pid:72109) was sent SIGTERM!
[2026-01-18 05:49:45 +0000] [72106] [ERROR] Worker (pid:72108) was sent SIGTERM!
[2026-01-18 05:49:45 +0000] [72106] [ERROR] Worker (pid:72107) was sent SIGTERM!
[2026-01-18 05:49:45 +0000] [72106] [INFO] Shutting down: Master
[2026-01-18 05:49:45 +0000] [72116] [INFO] Starting gunicorn 23.0.0
[2026-01-18 05:49:45 +0000] [72116] [INFO] Listening at: unix:/home/ptahuser/ptah-studios/ptah-studios.sock (72116)
[2026-01-18 05:49:45 +0000] [72116] [INFO] Using worker: sync
[2026-01-18 05:49:45 +0000] [72119] [INFO] Booting worker with pid: 72119
[2026-01-18 05:49:45 +0000] [72120] [INFO] Booting worker with pid: 72120
[2026-01-18 05:49:45 +0000] [72121] [INFO] Booting worker with pid: 72121
[2026-01-18 05:49:55,405] WARNING in app: Form validation failed: {'first_name': ['This field is required.'], 'last_name': ['This field is required.'], 'email': ['This field is required.'], 'phone': ['This field is required.']}
[2026-01-18 05:49:55,445] ERROR in app: Context processor error: (sqlite3.OperationalError) no such table: project_assignments
[SQL: SELECT project_activities.id AS project_activities_id, project_activities.project_id AS project_activities_project_id, project_activities.user_id AS project_activities_user_id, project_activities.action AS project_activities_action, project_activities.timestamp AS project_activities_timestamp 
FROM project_activities JOIN project_assignments ON project_activities.project_id = project_assignments.project_id 
WHERE project_assignments.user_id = ? ORDER BY project_activities.timestamp DESC
 LIMIT ? OFFSET ?]
[parameters: (6, 10, 0)]
(Background on this error at: https://sqlalche.me/e/20/e3q8)
[2026-01-18 05:50:07,813] ERROR in app: Context processor error: (sqlite3.OperationalError) no such table: project_assignments
[SQL: SELECT project_activities.id AS project_activities_id, project_activities.project_id AS project_activities_project_id, project_activities.user_id AS project_activities_user_id, project_activities.action AS project_activities_action, project_activities.timestamp AS project_activities_timestamp 
FROM project_activities JOIN project_assignments ON project_activities.project_id = project_assignments.project_id 
WHERE project_assignments.user_id = ? ORDER BY project_activities.timestamp DESC
 LIMIT ? OFFSET ?]
[parameters: (6, 10, 0)]
(Background on this error at: https://sqlalche.me/e/20/e3q8)
[2026-01-18 05:50:30,512] ERROR in app: Context processor error: (sqlite3.OperationalError) no such table: project_assignments
[SQL: SELECT project_activities.id AS project_activities_id, project_activities.project_id AS project_activities_project_id, project_activities.user_id AS project_activities_user_id, project_activities.action AS project_activities_action, project_activities.timestamp AS project_activities_timestamp 
FROM project_activities JOIN project_assignments ON project_activities.project_id = project_assignments.project_id 
WHERE project_assignments.user_id = ? ORDER BY project_activities.timestamp DESC
 LIMIT ? OFFSET ?]
[parameters: (6, 10, 0)]
(Background on this error at: https://sqlalche.me/e/20/e3q8)
[2026-01-18 05:50:32,893] ERROR in app: Context processor error: (sqlite3.OperationalError) no such table: project_assignments
[SQL: SELECT project_activities.id AS project_activities_id, project_activities.project_id AS project_activities_project_id, project_activities.user_id AS project_activities_user_id, project_activities.action AS project_activities_action, project_activities.timestamp AS project_activities_timestamp 
FROM project_activities JOIN project_assignments ON project_activities.project_id = project_assignments.project_id 
WHERE project_assignments.user_id = ? ORDER BY project_activities.timestamp DESC
 LIMIT ? OFFSET ?]
[parameters: (6, 10, 0)]
(Background on this error at: https://sqlalche.me/e/20/e3q8)
[2026-01-18 05:50:55,060] ERROR in app: Context processor error: (sqlite3.OperationalError) no such table: project_assignments
[SQL: SELECT project_activities.id AS project_activities_id, project_activities.project_id AS project_activities_project_id, project_activities.user_id AS project_activities_user_id, project_activities.action AS project_activities_action, project_activities.timestamp AS project_activities_timestamp 
FROM project_activities JOIN project_assignments ON project_activities.project_id = project_assignments.project_id 
WHERE project_assignments.user_id = ? ORDER BY project_activities.timestamp DESC
 LIMIT ? OFFSET ?]
[parameters: (6, 10, 0)]
(Background on this error at: https://sqlalche.me/e/20/e3q8)
[2026-01-18 05:50:58,189] ERROR in app: Context processor error: (sqlite3.OperationalError) no such table: project_assignments
[SQL: SELECT project_activities.id AS project_activities_id, project_activities.project_id AS project_activities_project_id, project_activities.user_id AS project_activities_user_id, project_activities.action AS project_activities_action, project_activities.timestamp AS project_activities_timestamp 
FROM project_activities JOIN project_assignments ON project_activities.project_id = project_assignments.project_id 
WHERE project_assignments.user_id = ? ORDER BY project_activities.timestamp DESC
 LIMIT ? OFFSET ?]
[parameters: (6, 10, 0)]
(Background on this error at: https://sqlalche.me/e/20/e3q8)
[2026-01-18 05:51:01,369] ERROR in app: Context processor error: (sqlite3.OperationalError) no such table: project_assignments
[SQL: SELECT project_activities.id AS project_activities_id, project_activities.project_id AS project_activities_project_id, project_activities.user_id AS project_activities_user_id, project_activities.action AS project_activities_action, project_activities.timestamp AS project_activities_timestamp 
FROM project_activities JOIN project_assignments ON project_activities.project_id = project_assignments.project_id 
WHERE project_assignments.user_id = ? ORDER BY project_activities.timestamp DESC
 LIMIT ? OFFSET ?]
[parameters: (6, 10, 0)]
(Background on this error at: https://sqlalche.me/e/20/e3q8)
[2026-01-18 05:51:04,233] ERROR in app: Context processor error: (sqlite3.OperationalError) no such table: project_assignments
[SQL: SELECT project_activities.id AS project_activities_id, project_activities.project_id AS project_activities_project_id, project_activities.user_id AS project_activities_user_id, project_activities.action AS project_activities_action, project_activities.timestamp AS project_activities_timestamp 
FROM project_activities JOIN project_assignments ON project_activities.project_id = project_assignments.project_id 
WHERE project_assignments.user_id = ? ORDER BY project_activities.timestamp DESC
 LIMIT ? OFFSET ?]
[parameters: (6, 10, 0)]
(Background on this error at: https://sqlalche.me/e/20/e3q8)
[2026-01-18 05:52:29,489] WARNING in app: Form validation failed: {'phone': ['This field is required.']}
[2026-01-18 05:52:29,492] ERROR in app: Context processor error: (sqlite3.OperationalError) no such table: project_assignments
[SQL: SELECT project_activities.id AS project_activities_id, project_activities.project_id AS project_activities_project_id, project_activities.user_id AS project_activities_user_id, project_activities.action AS project_activities_action, project_activities.timestamp AS project_activities_timestamp 
FROM project_activities JOIN project_assignments ON project_activities.project_id = project_assignments.project_id 
WHERE project_assignments.user_id = ? ORDER BY project_activities.timestamp DESC
 LIMIT ? OFFSET ?]
[parameters: (6, 10, 0)]
(Background on this error at: https://sqlalche.me/e/20/e3q8)
[2026-01-18 05:54:15,065] ERROR in app: Context processor error: (sqlite3.OperationalError) no such table: project_assignments
[SQL: SELECT project_activities.id AS project_activities_id, project_activities.project_id AS project_activities_project_id, project_activities.user_id AS project_activities_user_id, project_activities.action AS project_activities_action, project_activities.timestamp AS project_activities_timestamp 
FROM project_activities JOIN project_assignments ON project_activities.project_id = project_assignments.project_id 
WHERE project_assignments.user_id = ? ORDER BY project_activities.timestamp DESC
 LIMIT ? OFFSET ?]
[parameters: (6, 10, 0)]
(Background on this error at: https://sqlalche.me/e/20/e3q8)
[2026-01-18 05:55:18,840] WARNING in app: Form validation failed: {'phone': ['This field is required.']}
[2026-01-18 05:55:18,861] ERROR in app: Exception on /booking [POST]
Traceback (most recent call last):
  File "/home/ptahuser/ptah-studios/venv/lib/python3.10/site-packages/flask/app.py", line 1511, in wsgi_app
    response = self.full_dispatch_request()
  File "/home/ptahuser/ptah-studios/venv/lib/python3.10/site-packages/flask/app.py", line 919, in full_dispatch_request
    rv = self.handle_user_exception(e)
  File "/home/ptahuser/ptah-studios/venv/lib/python3.10/site-packages/flask/app.py", line 917, in full_dispatch_request
    rv = self.dispatch_request()
  File "/home/ptahuser/ptah-studios/venv/lib/python3.10/site-packages/flask/app.py", line 902, in dispatch_request
    return self.ensure_sync(self.view_functions[rule.endpoint])(**view_args)  # type: ignore[no-any-return]
  File "/home/ptahuser/ptah-studios/app.py", line 1402, in booking
    return render_template('public/booking.html',
  File "/home/ptahuser/ptah-studios/venv/lib/python3.10/site-packages/flask/templating.py", line 149, in render_template
    template = app.jinja_env.get_or_select_template(template_name_or_list)
  File "/home/ptahuser/ptah-studios/venv/lib/python3.10/site-packages/jinja2/environment.py", line 1087, in get_or_select_template
    return self.get_template(template_name_or_list, parent, globals)
  File "/home/ptahuser/ptah-studios/venv/lib/python3.10/site-packages/jinja2/environment.py", line 1016, in get_template
    return self._load_template(name, globals)
  File "/home/ptahuser/ptah-studios/venv/lib/python3.10/site-packages/jinja2/environment.py", line 975, in _load_template
    template = self.loader.load(self, name, self.make_globals(globals))
  File "/home/ptahuser/ptah-studios/venv/lib/python3.10/site-packages/jinja2/loaders.py", line 138, in load
    code = environment.compile(source, name, filename)
  File "/home/ptahuser/ptah-studios/venv/lib/python3.10/site-packages/jinja2/environment.py", line 771, in compile
    self.handle_exception(source=source_hint)
  File "/home/ptahuser/ptah-studios/venv/lib/python3.10/site-packages/jinja2/environment.py", line 942, in handle_exception
    raise rewrite_traceback_stack(source=source)
  File "/home/ptahuser/ptah-studios/templates/public/booking.html", line 1516, in template
    {{ form.email(class="form-input", placeholder="<a href="/cdn-cgi/l/email-protection" class="__cf_email__" data-cfemail="294748444c694c51484459454c074a4644">[email&#160;protected]</a>") }}
jinja2.exceptions.TemplateSyntaxError: expected token ',', got 'string'
[2026-01-18 05:55:18,886] ERROR in app: Context processor error: (sqlite3.OperationalError) no such table: project_assignments
[SQL: SELECT project_activities.id AS project_activities_id, project_activities.project_id AS project_activities_project_id, project_activities.user_id AS project_activities_user_id, project_activities.action AS project_activities_action, project_activities.timestamp AS project_activities_timestamp 
FROM project_activities JOIN project_assignments ON project_activities.project_id = project_assignments.project_id 
WHERE project_assignments.user_id = ? ORDER BY project_activities.timestamp DESC
 LIMIT ? OFFSET ?]
[parameters: (6, 10, 0)]
(Background on this error at: https://sqlalche.me/e/20/e3q8)
[2026-01-18 05:55:23,935] ERROR in app: Context processor error: (sqlite3.OperationalError) no such table: project_assignments
[SQL: SELECT project_activities.id AS project_activities_id, project_activities.project_id AS project_activities_project_id, project_activities.user_id AS project_activities_user_id, project_activities.action AS project_activities_action, project_activities.timestamp AS project_activities_timestamp 
FROM project_activities JOIN project_assignments ON project_activities.project_id = project_assignments.project_id 
WHERE project_assignments.user_id = ? ORDER BY project_activities.timestamp DESC
 LIMIT ? OFFSET ?]
[parameters: (6, 10, 0)]
(Background on this error at: https://sqlalche.me/e/20/e3q8)
[2026-01-18 05:55:26,846] ERROR in app: Context processor error: (sqlite3.OperationalError) no such table: project_assignments
[SQL: SELECT project_activities.id AS project_activities_id, project_activities.project_id AS project_activities_project_id, project_activities.user_id AS project_activities_user_id, project_activities.action AS project_activities_action, project_activities.timestamp AS project_activities_timestamp 
FROM project_activities JOIN project_assignments ON project_activities.project_id = project_assignments.project_id 
WHERE project_assignments.user_id = ? ORDER BY project_activities.timestamp DESC
 LIMIT ? OFFSET ?]
[parameters: (6, 10, 0)]
(Background on this error at: https://sqlalche.me/e/20/e3q8)
[2026-01-18 05:55:31,918] ERROR in app: Context processor error: (sqlite3.OperationalError) no such table: project_assignments
[SQL: SELECT project_activities.id AS project_activities_id, project_activities.project_id AS project_activities_project_id, project_activities.user_id AS project_activities_user_id, project_activities.action AS project_activities_action, project_activities.timestamp AS project_activities_timestamp 
FROM project_activities JOIN project_assignments ON project_activities.project_id = project_assignments.project_id 
WHERE project_assignments.user_id = ? ORDER BY project_activities.timestamp DESC
 LIMIT ? OFFSET ?]
[parameters: (6, 10, 0)]
(Background on this error at: https://sqlalche.me/e/20/e3q8)
[2026-01-18 05:55:38 +0000] [72116] [INFO] Handling signal: term
[2026-01-18 05:55:38 +0000] [72119] [INFO] Worker exiting (pid: 72119)
[2026-01-18 05:55:38 +0000] [72120] [INFO] Worker exiting (pid: 72120)
[2026-01-18 05:55:38 +0000] [72121] [INFO] Worker exiting (pid: 72121)
[2026-01-18 05:55:38 +0000] [72116] [ERROR] Worker (pid:72120) was sent SIGTERM!
[2026-01-18 05:55:38 +0000] [72116] [ERROR] Worker (pid:72119) was sent SIGTERM!
[2026-01-18 05:55:38 +0000] [72116] [INFO] Shutting down: Master
[2026-01-18 05:55:38 +0000] [72130] [INFO] Starting gunicorn 23.0.0
[2026-01-18 05:55:38 +0000] [72130] [INFO] Listening at: unix:/home/ptahuser/ptah-studios/ptah-studios.sock (72130)
[2026-01-18 05:55:38 +0000] [72130] [INFO] Using worker: sync
[2026-01-18 05:55:38 +0000] [72132] [INFO] Booting worker with pid: 72132
[2026-01-18 05:55:38 +0000] [72133] [INFO] Booting worker with pid: 72133
[2026-01-18 05:55:38 +0000] [72134] [INFO] Booting worker with pid: 72134
[2026-01-18 05:55:39,660] ERROR in app: Exception on /booking [GET]
Traceback (most recent call last):
  File "/home/ptahuser/ptah-studios/venv/lib/python3.10/site-packages/flask/app.py", line 1511, in wsgi_app
    response = self.full_dispatch_request()
  File "/home/ptahuser/ptah-studios/venv/lib/python3.10/site-packages/flask/app.py", line 919, in full_dispatch_request
    rv = self.handle_user_exception(e)
  File "/home/ptahuser/ptah-studios/venv/lib/python3.10/site-packages/flask/app.py", line 917, in full_dispatch_request
    rv = self.dispatch_request()
  File "/home/ptahuser/ptah-studios/venv/lib/python3.10/site-packages/flask/app.py", line 902, in dispatch_request
    return self.ensure_sync(self.view_functions[rule.endpoint])(**view_args)  # type: ignore[no-any-return]
  File "/home/ptahuser/ptah-studios/app.py", line 1402, in booking
    return render_template('public/booking.html',
  File "/home/ptahuser/ptah-studios/venv/lib/python3.10/site-packages/flask/templating.py", line 149, in render_template
    template = app.jinja_env.get_or_select_template(template_name_or_list)
  File "/home/ptahuser/ptah-studios/venv/lib/python3.10/site-packages/jinja2/environment.py", line 1087, in get_or_select_template
    return self.get_template(template_name_or_list, parent, globals)
  File "/home/ptahuser/ptah-studios/venv/lib/python3.10/site-packages/jinja2/environment.py", line 1016, in get_template
    return self._load_template(name, globals)
  File "/home/ptahuser/ptah-studios/venv/lib/python3.10/site-packages/jinja2/environment.py", line 975, in _load_template
    template = self.loader.load(self, name, self.make_globals(globals))
  File "/home/ptahuser/ptah-studios/venv/lib/python3.10/site-packages/jinja2/loaders.py", line 138, in load
    code = environment.compile(source, name, filename)
  File "/home/ptahuser/ptah-studios/venv/lib/python3.10/site-packages/jinja2/environment.py", line 771, in compile
    self.handle_exception(source=source_hint)
  File "/home/ptahuser/ptah-studios/venv/lib/python3.10/site-packages/jinja2/environment.py", line 942, in handle_exception
    raise rewrite_traceback_stack(source=source)
  File "/home/ptahuser/ptah-studios/templates/public/booking.html", line 1516, in template
    {{ form.email(class="form-input", placeholder="<a href="/cdn-cgi/l/email-protection" class="__cf_email__" data-cfemail="294748444c694c51484459454c074a4644">[email&#160;protected]</a>") }}
jinja2.exceptions.TemplateSyntaxError: expected token ',', got 'string'
[2026-01-18 05:55:39,677] ERROR in app: Context processor error: (sqlite3.OperationalError) no such table: project_assignments
[SQL: SELECT project_activities.id AS project_activities_id, project_activities.project_id AS project_activities_project_id, project_activities.user_id AS project_activities_user_id, project_activities.action AS project_activities_action, project_activities.timestamp AS project_activities_timestamp 
FROM project_activities JOIN project_assignments ON project_activities.project_id = project_assignments.project_id 
WHERE project_assignments.user_id = ? ORDER BY project_activities.timestamp DESC
 LIMIT ? OFFSET ?]
[parameters: (6, 10, 0)]
(Background on this error at: https://sqlalche.me/e/20/e3q8)
[2026-01-18 05:55:41,863] ERROR in app: Exception on /booking [GET]
Traceback (most recent call last):
  File "/home/ptahuser/ptah-studios/venv/lib/python3.10/site-packages/flask/app.py", line 1511, in wsgi_app
    response = self.full_dispatch_request()
  File "/home/ptahuser/ptah-studios/venv/lib/python3.10/site-packages/flask/app.py", line 919, in full_dispatch_request
    rv = self.handle_user_exception(e)
  File "/home/ptahuser/ptah-studios/venv/lib/python3.10/site-packages/flask/app.py", line 917, in full_dispatch_request
    rv = self.dispatch_request()
  File "/home/ptahuser/ptah-studios/venv/lib/python3.10/site-packages/flask/app.py", line 902, in dispatch_request
    return self.ensure_sync(self.view_functions[rule.endpoint])(**view_args)  # type: ignore[no-any-return]
  File "/home/ptahuser/ptah-studios/app.py", line 1402, in booking
    return render_template('public/booking.html',
  File "/home/ptahuser/ptah-studios/venv/lib/python3.10/site-packages/flask/templating.py", line 149, in render_template
    template = app.jinja_env.get_or_select_template(template_name_or_list)
  File "/home/ptahuser/ptah-studios/venv/lib/python3.10/site-packages/jinja2/environment.py", line 1087, in get_or_select_template
    return self.get_template(template_name_or_list, parent, globals)
  File "/home/ptahuser/ptah-studios/venv/lib/python3.10/site-packages/jinja2/environment.py", line 1016, in get_template
    return self._load_template(name, globals)
  File "/home/ptahuser/ptah-studios/venv/lib/python3.10/site-packages/jinja2/environment.py", line 975, in _load_template
    template = self.loader.load(self, name, self.make_globals(globals))
  File "/home/ptahuser/ptah-studios/venv/lib/python3.10/site-packages/jinja2/loaders.py", line 138, in load
    code = environment.compile(source, name, filename)
  File "/home/ptahuser/ptah-studios/venv/lib/python3.10/site-packages/jinja2/environment.py", line 771, in compile
    self.handle_exception(source=source_hint)
  File "/home/ptahuser/ptah-studios/venv/lib/python3.10/site-packages/jinja2/environment.py", line 942, in handle_exception
    raise rewrite_traceback_stack(source=source)
  File "/home/ptahuser/ptah-studios/templates/public/booking.html", line 1516, in template
    {{ form.email(class="form-input", placeholder="<a href="/cdn-cgi/l/email-protection" class="__cf_email__" data-cfemail="294748444c694c51484459454c074a4644">[email&#160;protected]</a>") }}
jinja2.exceptions.TemplateSyntaxError: expected token ',', got 'string'
[2026-01-18 05:55:41,880] ERROR in app: Context processor error: (sqlite3.OperationalError) no such table: project_assignments
[SQL: SELECT project_activities.id AS project_activities_id, project_activities.project_id AS project_activities_project_id, project_activities.user_id AS project_activities_user_id, project_activities.action AS project_activities_action, project_activities.timestamp AS project_activities_timestamp 
FROM project_activities JOIN project_assignments ON project_activities.project_id = project_assignments.project_id 
WHERE project_assignments.user_id = ? ORDER BY project_activities.timestamp DESC
 LIMIT ? OFFSET ?]
[parameters: (6, 10, 0)]
(Background on this error at: https://sqlalche.me/e/20/e3q8)
[2026-01-18 05:55:46,469] ERROR in app: Context processor error: (sqlite3.OperationalError) no such table: project_assignments
[SQL: SELECT project_activities.id AS project_activities_id, project_activities.project_id AS project_activities_project_id, project_activities.user_id AS project_activities_user_id, project_activities.action AS project_activities_action, project_activities.timestamp AS project_activities_timestamp 
FROM project_activities JOIN project_assignments ON project_activities.project_id = project_assignments.project_id 
WHERE project_assignments.user_id = ? ORDER BY project_activities.timestamp DESC
 LIMIT ? OFFSET ?]
[parameters: (6, 10, 0)]
(Background on this error at: https://sqlalche.me/e/20/e3q8)
[2026-01-18 05:55:50,593] ERROR in app: Exception on /booking [GET]
Traceback (most recent call last):
  File "/home/ptahuser/ptah-studios/venv/lib/python3.10/site-packages/flask/app.py", line 1511, in wsgi_app
    response = self.full_dispatch_request()
  File "/home/ptahuser/ptah-studios/venv/lib/python3.10/site-packages/flask/app.py", line 919, in full_dispatch_request
    rv = self.handle_user_exception(e)
  File "/home/ptahuser/ptah-studios/venv/lib/python3.10/site-packages/flask/app.py", line 917, in full_dispatch_request
    rv = self.dispatch_request()
  File "/home/ptahuser/ptah-studios/venv/lib/python3.10/site-packages/flask/app.py", line 902, in dispatch_request
    return self.ensure_sync(self.view_functions[rule.endpoint])(**view_args)  # type: ignore[no-any-return]
  File "/home/ptahuser/ptah-studios/app.py", line 1402, in booking
    return render_template('public/booking.html',
  File "/home/ptahuser/ptah-studios/venv/lib/python3.10/site-packages/flask/templating.py", line 149, in render_template
    template = app.jinja_env.get_or_select_template(template_name_or_list)
  File "/home/ptahuser/ptah-studios/venv/lib/python3.10/site-packages/jinja2/environment.py", line 1087, in get_or_select_template
    return self.get_template(template_name_or_list, parent, globals)
  File "/home/ptahuser/ptah-studios/venv/lib/python3.10/site-packages/jinja2/environment.py", line 1016, in get_template
    return self._load_template(name, globals)
  File "/home/ptahuser/ptah-studios/venv/lib/python3.10/site-packages/jinja2/environment.py", line 975, in _load_template
    template = self.loader.load(self, name, self.make_globals(globals))
  File "/home/ptahuser/ptah-studios/venv/lib/python3.10/site-packages/jinja2/loaders.py", line 138, in load
    code = environment.compile(source, name, filename)
  File "/home/ptahuser/ptah-studios/venv/lib/python3.10/site-packages/jinja2/environment.py", line 771, in compile
    self.handle_exception(source=source_hint)
  File "/home/ptahuser/ptah-studios/venv/lib/python3.10/site-packages/jinja2/environment.py", line 942, in handle_exception
    raise rewrite_traceback_stack(source=source)
  File "/home/ptahuser/ptah-studios/templates/public/booking.html", line 1516, in template
    {{ form.email(class="form-input", placeholder="<a href="/cdn-cgi/l/email-protection" class="__cf_email__" data-cfemail="294748444c694c51484459454c074a4644">[email&#160;protected]</a>") }}
jinja2.exceptions.TemplateSyntaxError: expected token ',', got 'string'
[2026-01-18 05:55:50,597] ERROR in app: Context processor error: (sqlite3.OperationalError) no such table: project_assignments
[SQL: SELECT project_activities.id AS project_activities_id, project_activities.project_id AS project_activities_project_id, project_activities.user_id AS project_activities_user_id, project_activities.action AS project_activities_action, project_activities.timestamp AS project_activities_timestamp 
FROM project_activities JOIN project_assignments ON project_activities.project_id = project_assignments.project_id 
WHERE project_assignments.user_id = ? ORDER BY project_activities.timestamp DESC
 LIMIT ? OFFSET ?]
[parameters: (6, 10, 0)]
(Background on this error at: https://sqlalche.me/e/20/e3q8)
[2026-01-18 05:56:38,538] ERROR in app: Exception on /booking [GET]
Traceback (most recent call last):
  File "/home/ptahuser/ptah-studios/venv/lib/python3.10/site-packages/flask/app.py", line 1511, in wsgi_app
    response = self.full_dispatch_request()
  File "/home/ptahuser/ptah-studios/venv/lib/python3.10/site-packages/flask/app.py", line 919, in full_dispatch_request
    rv = self.handle_user_exception(e)
  File "/home/ptahuser/ptah-studios/venv/lib/python3.10/site-packages/flask/app.py", line 917, in full_dispatch_request
    rv = self.dispatch_request()
  File "/home/ptahuser/ptah-studios/venv/lib/python3.10/site-packages/flask/app.py", line 902, in dispatch_request
    return self.ensure_sync(self.view_functions[rule.endpoint])(**view_args)  # type: ignore[no-any-return]
  File "/home/ptahuser/ptah-studios/app.py", line 1402, in booking
    return render_template('public/booking.html',
  File "/home/ptahuser/ptah-studios/venv/lib/python3.10/site-packages/flask/templating.py", line 149, in render_template
    template = app.jinja_env.get_or_select_template(template_name_or_list)
  File "/home/ptahuser/ptah-studios/venv/lib/python3.10/site-packages/jinja2/environment.py", line 1087, in get_or_select_template
    return self.get_template(template_name_or_list, parent, globals)
  File "/home/ptahuser/ptah-studios/venv/lib/python3.10/site-packages/jinja2/environment.py", line 1016, in get_template
    return self._load_template(name, globals)
  File "/home/ptahuser/ptah-studios/venv/lib/python3.10/site-packages/jinja2/environment.py", line 975, in _load_template
    template = self.loader.load(self, name, self.make_globals(globals))
  File "/home/ptahuser/ptah-studios/venv/lib/python3.10/site-packages/jinja2/loaders.py", line 138, in load
    code = environment.compile(source, name, filename)
  File "/home/ptahuser/ptah-studios/venv/lib/python3.10/site-packages/jinja2/environment.py", line 771, in compile
    self.handle_exception(source=source_hint)
  File "/home/ptahuser/ptah-studios/venv/lib/python3.10/site-packages/jinja2/environment.py", line 942, in handle_exception
    raise rewrite_traceback_stack(source=source)
  File "/home/ptahuser/ptah-studios/templates/public/booking.html", line 1516, in template
    {{ form.email(class="form-input", placeholder="<a href="/cdn-cgi/l/email-protection" class="__cf_email__" data-cfemail="294748444c694c51484459454c074a4644">[email&#160;protected]</a>") }}
jinja2.exceptions.TemplateSyntaxError: expected token ',', got 'string'
[2026-01-18 05:56:38,542] ERROR in app: Context processor error: (sqlite3.OperationalError) no such table: project_assignments
[SQL: SELECT project_activities.id AS project_activities_id, project_activities.project_id AS project_activities_project_id, project_activities.user_id AS project_activities_user_id, project_activities.action AS project_activities_action, project_activities.timestamp AS project_activities_timestamp 
FROM project_activities JOIN project_assignments ON project_activities.project_id = project_assignments.project_id 
WHERE project_assignments.user_id = ? ORDER BY project_activities.timestamp DESC
 LIMIT ? OFFSET ?]
[parameters: (6, 10, 0)]
(Background on this error at: https://sqlalche.me/e/20/e3q8)
[2026-01-18 05:56:59,336] ERROR in app: Exception on /booking [GET]
Traceback (most recent call last):
  File "/home/ptahuser/ptah-studios/venv/lib/python3.10/site-packages/flask/app.py", line 1511, in wsgi_app
    response = self.full_dispatch_request()
  File "/home/ptahuser/ptah-studios/venv/lib/python3.10/site-packages/flask/app.py", line 919, in full_dispatch_request
    rv = self.handle_user_exception(e)
  File "/home/ptahuser/ptah-studios/venv/lib/python3.10/site-packages/flask/app.py", line 917, in full_dispatch_request
    rv = self.dispatch_request()
  File "/home/ptahuser/ptah-studios/venv/lib/python3.10/site-packages/flask/app.py", line 902, in dispatch_request
    return self.ensure_sync(self.view_functions[rule.endpoint])(**view_args)  # type: ignore[no-any-return]
  File "/home/ptahuser/ptah-studios/app.py", line 1402, in booking
    return render_template('public/booking.html',
  File "/home/ptahuser/ptah-studios/venv/lib/python3.10/site-packages/flask/templating.py", line 149, in render_template
    template = app.jinja_env.get_or_select_template(template_name_or_list)
  File "/home/ptahuser/ptah-studios/venv/lib/python3.10/site-packages/jinja2/environment.py", line 1087, in get_or_select_template
    return self.get_template(template_name_or_list, parent, globals)
  File "/home/ptahuser/ptah-studios/venv/lib/python3.10/site-packages/jinja2/environment.py", line 1016, in get_template
    return self._load_template(name, globals)
  File "/home/ptahuser/ptah-studios/venv/lib/python3.10/site-packages/jinja2/environment.py", line 975, in _load_template
    template = self.loader.load(self, name, self.make_globals(globals))
  File "/home/ptahuser/ptah-studios/venv/lib/python3.10/site-packages/jinja2/loaders.py", line 138, in load
    code = environment.compile(source, name, filename)
  File "/home/ptahuser/ptah-studios/venv/lib/python3.10/site-packages/jinja2/environment.py", line 771, in compile
    self.handle_exception(source=source_hint)
  File "/home/ptahuser/ptah-studios/venv/lib/python3.10/site-packages/jinja2/environment.py", line 942, in handle_exception
    raise rewrite_traceback_stack(source=source)
  File "/home/ptahuser/ptah-studios/templates/public/booking.html", line 1516, in template
    {{ form.email(class="form-input", placeholder="<a href="/cdn-cgi/l/email-protection" class="__cf_email__" data-cfemail="294748444c694c51484459454c074a4644">[email&#160;protected]</a>") }}
jinja2.exceptions.TemplateSyntaxError: expected token ',', got 'string'
[2026-01-18 05:56:59,340] ERROR in app: Context processor error: (sqlite3.OperationalError) no such table: project_assignments
[SQL: SELECT project_activities.id AS project_activities_id, project_activities.project_id AS project_activities_project_id, project_activities.user_id AS project_activities_user_id, project_activities.action AS project_activities_action, project_activities.timestamp AS project_activities_timestamp 
FROM project_activities JOIN project_assignments ON project_activities.project_id = project_assignments.project_id 
WHERE project_assignments.user_id = ? ORDER BY project_activities.timestamp DESC
 LIMIT ? OFFSET ?]
[parameters: (6, 10, 0)]
(Background on this error at: https://sqlalche.me/e/20/e3q8)
[2026-01-18 05:57:56 +0000] [72130] [INFO] Handling signal: term
[2026-01-18 05:57:56 +0000] [72132] [INFO] Worker exiting (pid: 72132)
[2026-01-18 05:57:56 +0000] [72133] [INFO] Worker exiting (pid: 72133)
[2026-01-18 05:57:56 +0000] [72134] [INFO] Worker exiting (pid: 72134)
[2026-01-18 05:57:56 +0000] [72130] [ERROR] Worker (pid:72132) was sent SIGTERM!
[2026-01-18 05:57:56 +0000] [72130] [ERROR] Worker (pid:72134) was sent SIGTERM!
[2026-01-18 05:57:56 +0000] [72130] [ERROR] Worker (pid:72133) was sent SIGTERM!
[2026-01-18 05:57:57 +0000] [72130] [INFO] Shutting down: Master
[2026-01-18 05:57:57 +0000] [72147] [INFO] Starting gunicorn 23.0.0
[2026-01-18 05:57:57 +0000] [72147] [INFO] Listening at: unix:/home/ptahuser/ptah-studios/ptah-studios.sock (72147)
[2026-01-18 05:57:57 +0000] [72147] [INFO] Using worker: sync
[2026-01-18 05:57:57 +0000] [72149] [INFO] Booting worker with pid: 72149
[2026-01-18 05:57:57 +0000] [72150] [INFO] Booting worker with pid: 72150
[2026-01-18 05:57:57 +0000] [72151] [INFO] Booting worker with pid: 72151
[2026-01-18 05:58:03,758] ERROR in app: Context processor error: (sqlite3.OperationalError) no such table: project_assignments
[SQL: SELECT project_activities.id AS project_activities_id, project_activities.project_id AS project_activities_project_id, project_activities.user_id AS project_activities_user_id, project_activities.action AS project_activities_action, project_activities.timestamp AS project_activities_timestamp 
FROM project_activities JOIN project_assignments ON project_activities.project_id = project_assignments.project_id 
WHERE project_assignments.user_id = ? ORDER BY project_activities.timestamp DESC
 LIMIT ? OFFSET ?]
[parameters: (6, 10, 0)]
(Background on this error at: https://sqlalche.me/e/20/e3q8)
[2026-01-18 05:58:49,299] ERROR in app: Context processor error: (sqlite3.OperationalError) no such table: project_assignments
[SQL: SELECT project_activities.id AS project_activities_id, project_activities.project_id AS project_activities_project_id, project_activities.user_id AS project_activities_user_id, project_activities.action AS project_activities_action, project_activities.timestamp AS project_activities_timestamp 
FROM project_activities JOIN project_assignments ON project_activities.project_id = project_assignments.project_id 
WHERE project_assignments.user_id = ? ORDER BY project_activities.timestamp DESC
 LIMIT ? OFFSET ?]
[parameters: (6, 10, 0)]
(Background on this error at: https://sqlalche.me/e/20/e3q8)
[2026-01-18 06:00:33,209] ERROR in app: Context processor error: (sqlite3.OperationalError) no such table: project_assignments
[SQL: SELECT project_activities.id AS project_activities_id, project_activities.project_id AS project_activities_project_id, project_activities.user_id AS project_activities_user_id, project_activities.action AS project_activities_action, project_activities.timestamp AS project_activities_timestamp 
FROM project_activities JOIN project_assignments ON project_activities.project_id = project_assignments.project_id 
WHERE project_assignments.user_id = ? ORDER BY project_activities.timestamp DESC
 LIMIT ? OFFSET ?]
[parameters: (6, 10, 0)]
(Background on this error at: https://sqlalche.me/e/20/e3q8)
[2026-01-18 06:00:41,667] ERROR in app: Context processor error: (sqlite3.OperationalError) no such table: project_assignments
[SQL: SELECT project_activities.id AS project_activities_id, project_activities.project_id AS project_activities_project_id, project_activities.user_id AS project_activities_user_id, project_activities.action AS project_activities_action, project_activities.timestamp AS project_activities_timestamp 
FROM project_activities JOIN project_assignments ON project_activities.project_id = project_assignments.project_id 
WHERE project_assignments.user_id = ? ORDER BY project_activities.timestamp DESC
 LIMIT ? OFFSET ?]
[parameters: (6, 10, 0)]
(Background on this error at: https://sqlalche.me/e/20/e3q8)
[2026-01-18 06:01:21,388] ERROR in app: Context processor error: (sqlite3.OperationalError) no such table: project_assignments
[SQL: SELECT project_activities.id AS project_activities_id, project_activities.project_id AS project_activities_project_id, project_activities.user_id AS project_activities_user_id, project_activities.action AS project_activities_action, project_activities.timestamp AS project_activities_timestamp 
FROM project_activities JOIN project_assignments ON project_activities.project_id = project_assignments.project_id 
WHERE project_assignments.user_id = ? ORDER BY project_activities.timestamp DESC
 LIMIT ? OFFSET ?]
[parameters: (6, 10, 0)]
(Background on this error at: https://sqlalche.me/e/20/e3q8)
[2026-01-18 06:05:05 +0000] [72147] [INFO] Handling signal: term
[2026-01-18 06:05:05 +0000] [72149] [INFO] Worker exiting (pid: 72149)
[2026-01-18 06:05:05 +0000] [72150] [INFO] Worker exiting (pid: 72150)
[2026-01-18 06:05:05 +0000] [72151] [INFO] Worker exiting (pid: 72151)
[2026-01-18 06:05:05 +0000] [72147] [ERROR] Worker (pid:72151) was sent SIGTERM!
[2026-01-18 06:05:05 +0000] [72147] [ERROR] Worker (pid:72150) was sent SIGTERM!
[2026-01-18 06:05:05 +0000] [72147] [ERROR] Worker (pid:72149) was sent SIGTERM!
[2026-01-18 06:05:05 +0000] [72147] [INFO] Shutting down: Master
[2026-01-18 06:05:05 +0000] [72404] [INFO] Starting gunicorn 23.0.0
[2026-01-18 06:05:05 +0000] [72404] [INFO] Listening at: unix:/home/ptahuser/ptah-studios/ptah-studios.sock (72404)
[2026-01-18 06:05:05 +0000] [72404] [INFO] Using worker: sync
[2026-01-18 06:05:05 +0000] [72405] [INFO] Booting worker with pid: 72405
[2026-01-18 06:05:05 +0000] [72406] [INFO] Booting worker with pid: 72406
[2026-01-18 06:05:05 +0000] [72407] [INFO] Booting worker with pid: 72407
[2026-01-18 06:05:11,161] ERROR in app: Context processor error: (sqlite3.OperationalError) no such table: project_assignments
[SQL: SELECT project_activities.id AS project_activities_id, project_activities.project_id AS project_activities_project_id, project_activities.user_id AS project_activities_user_id, project_activities.action AS project_activities_action, project_activities.timestamp AS project_activities_timestamp 
FROM project_activities JOIN project_assignments ON project_activities.project_id = project_assignments.project_id 
WHERE project_assignments.user_id = ? ORDER BY project_activities.timestamp DESC
 LIMIT ? OFFSET ?]
[parameters: (6, 10, 0)]
(Background on this error at: https://sqlalche.me/e/20/e3q8)
[2026-01-18 06:05:16,029] ERROR in app: Exception on /booking [GET]
Traceback (most recent call last):
  File "/home/ptahuser/ptah-studios/venv/lib/python3.10/site-packages/flask/app.py", line 1511, in wsgi_app
    response = self.full_dispatch_request()
  File "/home/ptahuser/ptah-studios/venv/lib/python3.10/site-packages/flask/app.py", line 919, in full_dispatch_request
    rv = self.handle_user_exception(e)
  File "/home/ptahuser/ptah-studios/venv/lib/python3.10/site-packages/flask/app.py", line 917, in full_dispatch_request
    rv = self.dispatch_request()
  File "/home/ptahuser/ptah-studios/venv/lib/python3.10/site-packages/flask/app.py", line 902, in dispatch_request
    return self.ensure_sync(self.view_functions[rule.endpoint])(**view_args)  # type: ignore[no-any-return]
  File "/home/ptahuser/ptah-studios/app.py", line 1402, in booking
    return render_template('public/booking.html',
  File "/home/ptahuser/ptah-studios/venv/lib/python3.10/site-packages/flask/templating.py", line 149, in render_template
    template = app.jinja_env.get_or_select_template(template_name_or_list)
  File "/home/ptahuser/ptah-studios/venv/lib/python3.10/site-packages/jinja2/environment.py", line 1087, in get_or_select_template
    return self.get_template(template_name_or_list, parent, globals)
  File "/home/ptahuser/ptah-studios/venv/lib/python3.10/site-packages/jinja2/environment.py", line 1016, in get_template
    return self._load_template(name, globals)
  File "/home/ptahuser/ptah-studios/venv/lib/python3.10/site-packages/jinja2/environment.py", line 975, in _load_template
    template = self.loader.load(self, name, self.make_globals(globals))
  File "/home/ptahuser/ptah-studios/venv/lib/python3.10/site-packages/jinja2/loaders.py", line 138, in load
    code = environment.compile(source, name, filename)
  File "/home/ptahuser/ptah-studios/venv/lib/python3.10/site-packages/jinja2/environment.py", line 771, in compile
    self.handle_exception(source=source_hint)
  File "/home/ptahuser/ptah-studios/venv/lib/python3.10/site-packages/jinja2/environment.py", line 942, in handle_exception
    raise rewrite_traceback_stack(source=source)
  File "/home/ptahuser/ptah-studios/templates/public/booking.html", line 1518, in template
    {{ form.email(class="form-input", placeholder="<a href="/cdn-cgi/l/email-protection" class="__cf_email__" data-cfemail="cca6a3a4a28ca9b4ada1bca0a9e2afa3a1">[email&#160;protected]</a>", oninput="clearFieldError('email')") }}
jinja2.exceptions.TemplateSyntaxError: expected token ',', got 'string'
[2026-01-18 06:05:16,046] ERROR in app: Context processor error: (sqlite3.OperationalError) no such table: project_assignments
[SQL: SELECT project_activities.id AS project_activities_id, project_activities.project_id AS project_activities_project_id, project_activities.user_id AS project_activities_user_id, project_activities.action AS project_activities_action, project_activities.timestamp AS project_activities_timestamp 
FROM project_activities JOIN project_assignments ON project_activities.project_id = project_assignments.project_id 
WHERE project_assignments.user_id = ? ORDER BY project_activities.timestamp DESC
 LIMIT ? OFFSET ?]
[parameters: (6, 10, 0)]
(Background on this error at: https://sqlalche.me/e/20/e3q8)
[2026-01-18 06:11:54 +0000] [72404] [INFO] Handling signal: term
[2026-01-18 06:11:54 +0000] [72405] [INFO] Worker exiting (pid: 72405)
[2026-01-18 06:11:54 +0000] [72406] [INFO] Worker exiting (pid: 72406)
[2026-01-18 06:11:54 +0000] [72407] [INFO] Worker exiting (pid: 72407)
[2026-01-18 06:11:54 +0000] [72404] [ERROR] Worker (pid:72406) was sent SIGTERM!
[2026-01-18 06:11:54 +0000] [72404] [ERROR] Worker (pid:72405) was sent SIGTERM!
[2026-01-18 06:11:54 +0000] [72404] [ERROR] Worker (pid:72407) was sent SIGTERM!
[2026-01-18 06:11:54 +0000] [72404] [INFO] Shutting down: Master
[2026-01-18 06:11:54 +0000] [72428] [INFO] Starting gunicorn 23.0.0
[2026-01-18 06:11:54 +0000] [72428] [INFO] Listening at: unix:/home/ptahuser/ptah-studios/ptah-studios.sock (72428)
[2026-01-18 06:11:54 +0000] [72428] [INFO] Using worker: sync
[2026-01-18 06:11:54 +0000] [72431] [INFO] Booting worker with pid: 72431
[2026-01-18 06:11:54 +0000] [72432] [INFO] Booting worker with pid: 72432
[2026-01-18 06:11:54 +0000] [72433] [INFO] Booting worker with pid: 72433
[2026-01-18 06:12:04,126] ERROR in app: Context processor error: (sqlite3.OperationalError) no such table: project_assignments
[SQL: SELECT project_activities.id AS project_activities_id, project_activities.project_id AS project_activities_project_id, project_activities.user_id AS project_activities_user_id, project_activities.action AS project_activities_action, project_activities.timestamp AS project_activities_timestamp 
FROM project_activities JOIN project_assignments ON project_activities.project_id = project_assignments.project_id 
WHERE project_assignments.user_id = ? ORDER BY project_activities.timestamp DESC
 LIMIT ? OFFSET ?]
[parameters: (6, 10, 0)]
(Background on this error at: https://sqlalche.me/e/20/e3q8)
[2026-01-18 06:12:07,054] ERROR in app: Context processor error: (sqlite3.OperationalError) no such table: project_assignments
[SQL: SELECT project_activities.id AS project_activities_id, project_activities.project_id AS project_activities_project_id, project_activities.user_id AS project_activities_user_id, project_activities.action AS project_activities_action, project_activities.timestamp AS project_activities_timestamp 
FROM project_activities JOIN project_assignments ON project_activities.project_id = project_assignments.project_id 
WHERE project_assignments.user_id = ? ORDER BY project_activities.timestamp DESC
 LIMIT ? OFFSET ?]
[parameters: (6, 10, 0)]
(Background on this error at: https://sqlalche.me/e/20/e3q8)
[2026-01-18 06:12:48,711] ERROR in app: Context processor error: (sqlite3.OperationalError) no such table: project_assignments
[SQL: SELECT project_activities.id AS project_activities_id, project_activities.project_id AS project_activities_project_id, project_activities.user_id AS project_activities_user_id, project_activities.action AS project_activities_action, project_activities.timestamp AS project_activities_timestamp 
FROM project_activities JOIN project_assignments ON project_activities.project_id = project_assignments.project_id 
WHERE project_assignments.user_id = ? ORDER BY project_activities.timestamp DESC
 LIMIT ? OFFSET ?]
[parameters: (6, 10, 0)]
(Background on this error at: https://sqlalche.me/e/20/e3q8)
[2026-01-18 06:17:00 +0000] [72428] [INFO] Handling signal: term
[2026-01-18 06:17:00 +0000] [72431] [INFO] Worker exiting (pid: 72431)
[2026-01-18 06:17:00 +0000] [72432] [INFO] Worker exiting (pid: 72432)
[2026-01-18 06:17:00 +0000] [72433] [INFO] Worker exiting (pid: 72433)
[2026-01-18 06:17:00 +0000] [72428] [ERROR] Worker (pid:72431) was sent SIGTERM!
[2026-01-18 06:17:00 +0000] [72428] [ERROR] Worker (pid:72433) was sent SIGTERM!
[2026-01-18 06:17:00 +0000] [72428] [ERROR] Worker (pid:72432) was sent SIGTERM!
[2026-01-18 06:17:00 +0000] [72428] [INFO] Shutting down: Master
[2026-01-18 06:17:00 +0000] [72443] [INFO] Starting gunicorn 23.0.0
[2026-01-18 06:17:00 +0000] [72443] [INFO] Listening at: unix:/home/ptahuser/ptah-studios/ptah-studios.sock (72443)
[2026-01-18 06:17:00 +0000] [72443] [INFO] Using worker: sync
[2026-01-18 06:17:00 +0000] [72444] [INFO] Booting worker with pid: 72444
[2026-01-18 06:17:00 +0000] [72445] [INFO] Booting worker with pid: 72445
[2026-01-18 06:17:00 +0000] [72446] [INFO] Booting worker with pid: 72446
[2026-01-18 06:17:18,912] ERROR in app: Context processor error: (sqlite3.OperationalError) no such table: project_assignments
[SQL: SELECT project_activities.id AS project_activities_id, project_activities.project_id AS project_activities_project_id, project_activities.user_id AS project_activities_user_id, project_activities.action AS project_activities_action, project_activities.timestamp AS project_activities_timestamp 
FROM project_activities JOIN project_assignments ON project_activities.project_id = project_assignments.project_id 
WHERE project_assignments.user_id = ? ORDER BY project_activities.timestamp DESC
 LIMIT ? OFFSET ?]
[parameters: (6, 10, 0)]
(Background on this error at: https://sqlalche.me/e/20/e3q8)
[2026-01-18 06:17:23,624] ERROR in app: Context processor error: (sqlite3.OperationalError) no such table: project_assignments
[SQL: SELECT project_activities.id AS project_activities_id, project_activities.project_id AS project_activities_project_id, project_activities.user_id AS project_activities_user_id, project_activities.action AS project_activities_action, project_activities.timestamp AS project_activities_timestamp 
FROM project_activities JOIN project_assignments ON project_activities.project_id = project_assignments.project_id 
WHERE project_assignments.user_id = ? ORDER BY project_activities.timestamp DESC
 LIMIT ? OFFSET ?]
[parameters: (6, 10, 0)]
(Background on this error at: https://sqlalche.me/e/20/e3q8)
[2026-01-18 06:17:26,466] ERROR in app: Context processor error: (sqlite3.OperationalError) no such table: project_assignments
[SQL: SELECT project_activities.id AS project_activities_id, project_activities.project_id AS project_activities_project_id, project_activities.user_id AS project_activities_user_id, project_activities.action AS project_activities_action, project_activities.timestamp AS project_activities_timestamp 
FROM project_activities JOIN project_assignments ON project_activities.project_id = project_assignments.project_id 
WHERE project_assignments.user_id = ? ORDER BY project_activities.timestamp DESC
 LIMIT ? OFFSET ?]
[parameters: (6, 10, 0)]
(Background on this error at: https://sqlalche.me/e/20/e3q8)
[2026-01-18 06:23:25,254] ERROR in app: Context processor error: (sqlite3.OperationalError) no such table: project_assignments
[SQL: SELECT project_activities.id AS project_activities_id, project_activities.project_id AS project_activities_project_id, project_activities.user_id AS project_activities_user_id, project_activities.action AS project_activities_action, project_activities.timestamp AS project_activities_timestamp 
FROM project_activities JOIN project_assignments ON project_activities.project_id = project_assignments.project_id 
WHERE project_assignments.user_id = ? ORDER BY project_activities.timestamp DESC
 LIMIT ? OFFSET ?]
[parameters: (6, 10, 0)]
(Background on this error at: https://sqlalche.me/e/20/e3q8)
[2026-01-18 06:33:54 +0000] [72443] [INFO] Handling signal: term
[2026-01-18 06:33:54 +0000] [72444] [INFO] Worker exiting (pid: 72444)
[2026-01-18 06:33:54 +0000] [72445] [INFO] Worker exiting (pid: 72445)
[2026-01-18 06:33:54 +0000] [72446] [INFO] Worker exiting (pid: 72446)
[2026-01-18 06:33:54 +0000] [72443] [ERROR] Worker (pid:72444) was sent SIGTERM!
[2026-01-18 06:33:54 +0000] [72443] [ERROR] Worker (pid:72446) was sent SIGTERM!
[2026-01-18 06:33:54 +0000] [72443] [ERROR] Worker (pid:72445) was sent SIGTERM!
[2026-01-18 06:33:55 +0000] [72443] [INFO] Shutting down: Master
[2026-01-18 06:33:55 +0000] [72489] [INFO] Starting gunicorn 23.0.0
[2026-01-18 06:33:55 +0000] [72489] [INFO] Listening at: unix:/home/ptahuser/ptah-studios/ptah-studios.sock (72489)
[2026-01-18 06:33:55 +0000] [72489] [INFO] Using worker: sync
[2026-01-18 06:33:55 +0000] [72491] [INFO] Booting worker with pid: 72491
[2026-01-18 06:33:55 +0000] [72492] [INFO] Booting worker with pid: 72492
[2026-01-18 06:33:55 +0000] [72493] [INFO] Booting worker with pid: 72493
[2026-01-18 06:34:01,098] WARNING in app: Form validation failed: {'first_name': ['This field is required.'], 'last_name': ['This field is required.'], 'email': ['This field is required.'], 'phone': ['This field is required.'], 'csrf_token': ['The CSRF token has expired.']}
[2026-01-18 06:34:01,128] ERROR in app: Exception on /booking [POST]
Traceback (most recent call last):
  File "/home/ptahuser/ptah-studios/venv/lib/python3.10/site-packages/flask/app.py", line 1511, in wsgi_app
    response = self.full_dispatch_request()
  File "/home/ptahuser/ptah-studios/venv/lib/python3.10/site-packages/flask/app.py", line 919, in full_dispatch_request
    rv = self.handle_user_exception(e)
  File "/home/ptahuser/ptah-studios/venv/lib/python3.10/site-packages/flask/app.py", line 917, in full_dispatch_request
    rv = self.dispatch_request()
  File "/home/ptahuser/ptah-studios/venv/lib/python3.10/site-packages/flask/app.py", line 902, in dispatch_request
    return self.ensure_sync(self.view_functions[rule.endpoint])(**view_args)  # type: ignore[no-any-return]
  File "/home/ptahuser/ptah-studios/app.py", line 1419, in booking
    return render_template('public/booking.html',
  File "/home/ptahuser/ptah-studios/venv/lib/python3.10/site-packages/flask/templating.py", line 149, in render_template
    template = app.jinja_env.get_or_select_template(template_name_or_list)
  File "/home/ptahuser/ptah-studios/venv/lib/python3.10/site-packages/jinja2/environment.py", line 1087, in get_or_select_template
    return self.get_template(template_name_or_list, parent, globals)
  File "/home/ptahuser/ptah-studios/venv/lib/python3.10/site-packages/jinja2/environment.py", line 1016, in get_template
    return self._load_template(name, globals)
  File "/home/ptahuser/ptah-studios/venv/lib/python3.10/site-packages/jinja2/environment.py", line 975, in _load_template
    template = self.loader.load(self, name, self.make_globals(globals))
  File "/home/ptahuser/ptah-studios/venv/lib/python3.10/site-packages/jinja2/loaders.py", line 138, in load
    code = environment.compile(source, name, filename)
  File "/home/ptahuser/ptah-studios/venv/lib/python3.10/site-packages/jinja2/environment.py", line 771, in compile
    self.handle_exception(source=source_hint)
  File "/home/ptahuser/ptah-studios/venv/lib/python3.10/site-packages/jinja2/environment.py", line 942, in handle_exception
    raise rewrite_traceback_stack(source=source)
  File "/home/ptahuser/ptah-studios/templates/public/booking.html", line 1521, in template
    {{ form.email(class="form-input", placeholder="<a href="/cdn-cgi/l/email-protection" class="__cf_email__" data-cfemail="cca6a3a4a28ca9b4ada1bca0a9e2afa3a1">[email&#160;protected]</a>", oninput="clearFieldError('email')") }}
jinja2.exceptions.TemplateSyntaxError: expected token ',', got 'string'
[2026-01-18 06:34:12,317] ERROR in app: Exception on /booking [GET]
Traceback (most recent call last):
  File "/home/ptahuser/ptah-studios/venv/lib/python3.10/site-packages/flask/app.py", line 1511, in wsgi_app
    response = self.full_dispatch_request()
  File "/home/ptahuser/ptah-studios/venv/lib/python3.10/site-packages/flask/app.py", line 919, in full_dispatch_request
    rv = self.handle_user_exception(e)
  File "/home/ptahuser/ptah-studios/venv/lib/python3.10/site-packages/flask/app.py", line 917, in full_dispatch_request
    rv = self.dispatch_request()
  File "/home/ptahuser/ptah-studios/venv/lib/python3.10/site-packages/flask/app.py", line 902, in dispatch_request
    return self.ensure_sync(self.view_functions[rule.endpoint])(**view_args)  # type: ignore[no-any-return]
  File "/home/ptahuser/ptah-studios/app.py", line 1419, in booking
    return render_template('public/booking.html',
  File "/home/ptahuser/ptah-studios/venv/lib/python3.10/site-packages/flask/templating.py", line 149, in render_template
    template = app.jinja_env.get_or_select_template(template_name_or_list)
  File "/home/ptahuser/ptah-studios/venv/lib/python3.10/site-packages/jinja2/environment.py", line 1087, in get_or_select_template
    return self.get_template(template_name_or_list, parent, globals)
  File "/home/ptahuser/ptah-studios/venv/lib/python3.10/site-packages/jinja2/environment.py", line 1016, in get_template
    return self._load_template(name, globals)
  File "/home/ptahuser/ptah-studios/venv/lib/python3.10/site-packages/jinja2/environment.py", line 975, in _load_template
    template = self.loader.load(self, name, self.make_globals(globals))
  File "/home/ptahuser/ptah-studios/venv/lib/python3.10/site-packages/jinja2/loaders.py", line 138, in load
    code = environment.compile(source, name, filename)
  File "/home/ptahuser/ptah-studios/venv/lib/python3.10/site-packages/jinja2/environment.py", line 771, in compile
    self.handle_exception(source=source_hint)
  File "/home/ptahuser/ptah-studios/venv/lib/python3.10/site-packages/jinja2/environment.py", line 942, in handle_exception
    raise rewrite_traceback_stack(source=source)
  File "/home/ptahuser/ptah-studios/templates/public/booking.html", line 1521, in template
    {{ form.email(class="form-input", placeholder="<a href="/cdn-cgi/l/email-protection" class="__cf_email__" data-cfemail="cca6a3a4a28ca9b4ada1bca0a9e2afa3a1">[email&#160;protected]</a>", oninput="clearFieldError('email')") }}
jinja2.exceptions.TemplateSyntaxError: expected token ',', got 'string'
[2026-01-18 06:34:36 +0000] [72489] [INFO] Handling signal: term
[2026-01-18 06:34:36 +0000] [72491] [INFO] Worker exiting (pid: 72491)
[2026-01-18 06:34:36 +0000] [72493] [INFO] Worker exiting (pid: 72493)
[2026-01-18 06:34:36 +0000] [72492] [INFO] Worker exiting (pid: 72492)
[2026-01-18 06:34:36 +0000] [72489] [ERROR] Worker (pid:72491) was sent SIGTERM!
[2026-01-18 06:34:36 +0000] [72489] [ERROR] Worker (pid:72492) was sent SIGTERM!
[2026-01-18 06:34:36 +0000] [72489] [ERROR] Worker (pid:72493) was sent SIGTERM!
[2026-01-18 06:34:36 +0000] [72489] [INFO] Shutting down: Master
[2026-01-18 06:34:36 +0000] [72499] [INFO] Starting gunicorn 23.0.0
[2026-01-18 06:34:36 +0000] [72499] [INFO] Listening at: unix:/home/ptahuser/ptah-studios/ptah-studios.sock (72499)
[2026-01-18 06:34:36 +0000] [72499] [INFO] Using worker: sync
[2026-01-18 06:34:36 +0000] [72501] [INFO] Booting worker with pid: 72501
[2026-01-18 06:34:36 +0000] [72502] [INFO] Booting worker with pid: 72502
[2026-01-18 06:34:36 +0000] [72503] [INFO] Booting worker with pid: 72503
[2026-01-18 06:44:39 +0000] [72499] [INFO] Handling signal: term
[2026-01-18 06:44:39 +0000] [72501] [INFO] Worker exiting (pid: 72501)
[2026-01-18 06:44:39 +0000] [72502] [INFO] Worker exiting (pid: 72502)
[2026-01-18 06:44:39 +0000] [72503] [INFO] Worker exiting (pid: 72503)
[2026-01-18 06:44:39 +0000] [72499] [ERROR] Worker (pid:72503) was sent SIGTERM!
[2026-01-18 06:44:39 +0000] [72499] [ERROR] Worker (pid:72502) was sent SIGTERM!
[2026-01-18 06:44:39 +0000] [72499] [ERROR] Worker (pid:72501) was sent SIGTERM!
[2026-01-18 06:44:39 +0000] [72499] [INFO] Shutting down: Master
[2026-01-18 06:44:39 +0000] [72590] [INFO] Starting gunicorn 23.0.0
[2026-01-18 06:44:39 +0000] [72590] [INFO] Listening at: unix:/home/ptahuser/ptah-studios/ptah-studios.sock (72590)
[2026-01-18 06:44:39 +0000] [72590] [INFO] Using worker: sync
[2026-01-18 06:44:39 +0000] [72591] [INFO] Booting worker with pid: 72591
[2026-01-18 06:44:39 +0000] [72592] [INFO] Booting worker with pid: 72592
[2026-01-18 06:44:39 +0000] [72593] [INFO] Booting worker with pid: 72593
[2026-01-18 07:11:57 +0000] [72590] [INFO] Handling signal: term
[2026-01-18 07:11:57 +0000] [72593] [INFO] Worker exiting (pid: 72593)
[2026-01-18 07:11:57 +0000] [72591] [INFO] Worker exiting (pid: 72591)
[2026-01-18 07:11:57 +0000] [72592] [INFO] Worker exiting (pid: 72592)
[2026-01-18 07:11:58 +0000] [72590] [INFO] Shutting down: Master
[2026-01-18 07:11:58 +0000] [73085] [INFO] Starting gunicorn 23.0.0
[2026-01-18 07:11:58 +0000] [73085] [INFO] Listening at: unix:/home/ptahuser/ptah-studios/ptah-studios.sock (73085)
[2026-01-18 07:11:58 +0000] [73085] [INFO] Using worker: sync
[2026-01-18 07:11:58 +0000] [73086] [INFO] Booting worker with pid: 73086
[2026-01-18 07:11:58 +0000] [73087] [INFO] Booting worker with pid: 73087
[2026-01-18 07:11:58 +0000] [73088] [INFO] Booting worker with pid: 73088
[2026-01-18 07:12:22,611] ERROR in app: Context processor error: (sqlite3.OperationalError) no such table: project_assignments
[SQL: SELECT project_activities.id AS project_activities_id, project_activities.project_id AS project_activities_project_id, project_activities.user_id AS project_activities_user_id, project_activities.action AS project_activities_action, project_activities.timestamp AS project_activities_timestamp 
FROM project_activities JOIN project_assignments ON project_activities.project_id = project_assignments.project_id 
WHERE project_assignments.user_id = ? ORDER BY project_activities.timestamp DESC
 LIMIT ? OFFSET ?]
[parameters: (7, 10, 0)]
(Background on this error at: https://sqlalche.me/e/20/e3q8)
[2026-01-18 07:12:29,825] ERROR in app: Context processor error: (sqlite3.OperationalError) no such table: project_assignments
[SQL: SELECT project_activities.id AS project_activities_id, project_activities.project_id AS project_activities_project_id, project_activities.user_id AS project_activities_user_id, project_activities.action AS project_activities_action, project_activities.timestamp AS project_activities_timestamp 
FROM project_activities JOIN project_assignments ON project_activities.project_id = project_assignments.project_id 
WHERE project_assignments.user_id = ? ORDER BY project_activities.timestamp DESC
 LIMIT ? OFFSET ?]
[parameters: (7, 10, 0)]
(Background on this error at: https://sqlalche.me/e/20/e3q8)
[2026-01-18 07:12:32,961] ERROR in app: Context processor error: (sqlite3.OperationalError) no such table: project_assignments
[SQL: SELECT project_activities.id AS project_activities_id, project_activities.project_id AS project_activities_project_id, project_activities.user_id AS project_activities_user_id, project_activities.action AS project_activities_action, project_activities.timestamp AS project_activities_timestamp 
FROM project_activities JOIN project_assignments ON project_activities.project_id = project_assignments.project_id 
WHERE project_assignments.user_id = ? ORDER BY project_activities.timestamp DESC
 LIMIT ? OFFSET ?]
[parameters: (7, 10, 0)]
(Background on this error at: https://sqlalche.me/e/20/e3q8)
[2026-01-18 07:12:34,238] ERROR in app: Exception on /booking [GET]
Traceback (most recent call last):
  File "/home/ptahuser/ptah-studios/venv/lib/python3.10/site-packages/flask/app.py", line 1511, in wsgi_app
    response = self.full_dispatch_request()
  File "/home/ptahuser/ptah-studios/venv/lib/python3.10/site-packages/flask/app.py", line 919, in full_dispatch_request
    rv = self.handle_user_exception(e)
  File "/home/ptahuser/ptah-studios/venv/lib/python3.10/site-packages/flask/app.py", line 917, in full_dispatch_request
    rv = self.dispatch_request()
  File "/home/ptahuser/ptah-studios/venv/lib/python3.10/site-packages/flask/app.py", line 902, in dispatch_request
    return self.ensure_sync(self.view_functions[rule.endpoint])(**view_args)  # type: ignore[no-any-return]
  File "/home/ptahuser/ptah-studios/app.py", line 1402, in booking
    return render_template('public/booking.html',
  File "/home/ptahuser/ptah-studios/venv/lib/python3.10/site-packages/flask/templating.py", line 149, in render_template
    template = app.jinja_env.get_or_select_template(template_name_or_list)
  File "/home/ptahuser/ptah-studios/venv/lib/python3.10/site-packages/jinja2/environment.py", line 1087, in get_or_select_template
    return self.get_template(template_name_or_list, parent, globals)
  File "/home/ptahuser/ptah-studios/venv/lib/python3.10/site-packages/jinja2/environment.py", line 1016, in get_template
    return self._load_template(name, globals)
  File "/home/ptahuser/ptah-studios/venv/lib/python3.10/site-packages/jinja2/environment.py", line 975, in _load_template
    template = self.loader.load(self, name, self.make_globals(globals))
  File "/home/ptahuser/ptah-studios/venv/lib/python3.10/site-packages/jinja2/loaders.py", line 138, in load
    code = environment.compile(source, name, filename)
  File "/home/ptahuser/ptah-studios/venv/lib/python3.10/site-packages/jinja2/environment.py", line 771, in compile
    self.handle_exception(source=source_hint)
  File "/home/ptahuser/ptah-studios/venv/lib/python3.10/site-packages/jinja2/environment.py", line 942, in handle_exception
    raise rewrite_traceback_stack(source=source)
  File "/home/ptahuser/ptah-studios/templates/public/booking.html", line 1518, in template
    {{ form.email(class="form-input", placeholder="<a href="/cdn-cgi/l/email-protection" class="__cf_email__" data-cfemail="cca6a3a4a28ca9b4ada1bca0a9e2afa3a1">[email&#160;protected]</a>", oninput="clearFieldError('email')") }}
jinja2.exceptions.TemplateSyntaxError: expected token ',', got 'string'
[2026-01-18 07:12:34,246] ERROR in app: Context processor error: (sqlite3.OperationalError) no such table: project_assignments
[SQL: SELECT project_activities.id AS project_activities_id, project_activities.project_id AS project_activities_project_id, project_activities.user_id AS project_activities_user_id, project_activities.action AS project_activities_action, project_activities.timestamp AS project_activities_timestamp 
FROM project_activities JOIN project_assignments ON project_activities.project_id = project_assignments.project_id 
WHERE project_assignments.user_id = ? ORDER BY project_activities.timestamp DESC
 LIMIT ? OFFSET ?]
[parameters: (7, 10, 0)]
(Background on this error at: https://sqlalche.me/e/20/e3q8)
[2026-01-18 07:13:38 +0000] [73085] [INFO] Handling signal: term
[2026-01-18 07:13:38 +0000] [73086] [INFO] Worker exiting (pid: 73086)
[2026-01-18 07:13:38 +0000] [73087] [INFO] Worker exiting (pid: 73087)
[2026-01-18 07:13:38 +0000] [73088] [INFO] Worker exiting (pid: 73088)
[2026-01-18 07:13:38 +0000] [73085] [ERROR] Worker (pid:73086) was sent SIGTERM!
[2026-01-18 07:13:38 +0000] [73085] [ERROR] Worker (pid:73088) was sent SIGTERM!
[2026-01-18 07:13:38 +0000] [73085] [ERROR] Worker (pid:73087) was sent SIGTERM!
[2026-01-18 07:13:38 +0000] [73085] [INFO] Shutting down: Master
[2026-01-18 07:13:38 +0000] [73095] [INFO] Starting gunicorn 23.0.0
[2026-01-18 07:13:38 +0000] [73095] [INFO] Listening at: unix:/home/ptahuser/ptah-studios/ptah-studios.sock (73095)
[2026-01-18 07:13:38 +0000] [73095] [INFO] Using worker: sync
[2026-01-18 07:13:38 +0000] [73097] [INFO] Booting worker with pid: 73097
[2026-01-18 07:13:38 +0000] [73098] [INFO] Booting worker with pid: 73098
[2026-01-18 07:13:38 +0000] [73099] [INFO] Booting worker with pid: 73099
[2026-01-18 07:13:41,958] ERROR in app: Context processor error: (sqlite3.OperationalError) no such table: project_assignments
[SQL: SELECT project_activities.id AS project_activities_id, project_activities.project_id AS project_activities_project_id, project_activities.user_id AS project_activities_user_id, project_activities.action AS project_activities_action, project_activities.timestamp AS project_activities_timestamp 
FROM project_activities JOIN project_assignments ON project_activities.project_id = project_assignments.project_id 
WHERE project_assignments.user_id = ? ORDER BY project_activities.timestamp DESC
 LIMIT ? OFFSET ?]
[parameters: (7, 10, 0)]
(Background on this error at: https://sqlalche.me/e/20/e3q8)
[2026-01-18 07:14:10,908] ERROR in app: Context processor error: (sqlite3.OperationalError) no such table: project_assignments
[SQL: SELECT project_activities.id AS project_activities_id, project_activities.project_id AS project_activities_project_id, project_activities.user_id AS project_activities_user_id, project_activities.action AS project_activities_action, project_activities.timestamp AS project_activities_timestamp 
FROM project_activities JOIN project_assignments ON project_activities.project_id = project_assignments.project_id 
WHERE project_assignments.user_id = ? ORDER BY project_activities.timestamp DESC
 LIMIT ? OFFSET ?]
[parameters: (7, 10, 0)]
(Background on this error at: https://sqlalche.me/e/20/e3q8)
[2026-01-18 07:14:17,508] ERROR in app: Context processor error: (sqlite3.OperationalError) no such table: project_assignments
[SQL: SELECT project_activities.id AS project_activities_id, project_activities.project_id AS project_activities_project_id, project_activities.user_id AS project_activities_user_id, project_activities.action AS project_activities_action, project_activities.timestamp AS project_activities_timestamp 
FROM project_activities JOIN project_assignments ON project_activities.project_id = project_assignments.project_id 
WHERE project_assignments.user_id = ? ORDER BY project_activities.timestamp DESC
 LIMIT ? OFFSET ?]
[parameters: (7, 10, 0)]
(Background on this error at: https://sqlalche.me/e/20/e3q8)
[2026-01-18 07:14:21,247] ERROR in app: Context processor error: (sqlite3.OperationalError) no such table: project_assignments
[SQL: SELECT project_activities.id AS project_activities_id, project_activities.project_id AS project_activities_project_id, project_activities.user_id AS project_activities_user_id, project_activities.action AS project_activities_action, project_activities.timestamp AS project_activities_timestamp 
FROM project_activities JOIN project_assignments ON project_activities.project_id = project_assignments.project_id 
WHERE project_assignments.user_id = ? ORDER BY project_activities.timestamp DESC
 LIMIT ? OFFSET ?]
[parameters: (7, 10, 0)]
(Background on this error at: https://sqlalche.me/e/20/e3q8)
[2026-01-18 07:14:21,855] ERROR in app: Context processor error: (sqlite3.OperationalError) no such table: project_assignments
[SQL: SELECT project_activities.id AS project_activities_id, project_activities.project_id AS project_activities_project_id, project_activities.user_id AS project_activities_user_id, project_activities.action AS project_activities_action, project_activities.timestamp AS project_activities_timestamp 
FROM project_activities JOIN project_assignments ON project_activities.project_id = project_assignments.project_id 
WHERE project_assignments.user_id = ? ORDER BY project_activities.timestamp DESC
 LIMIT ? OFFSET ?]
[parameters: (7, 10, 0)]
(Background on this error at: https://sqlalche.me/e/20/e3q8)
[2026-01-18 07:14:36,722] ERROR in app: Context processor error: (sqlite3.OperationalError) no such table: project_assignments
[SQL: SELECT project_activities.id AS project_activities_id, project_activities.project_id AS project_activities_project_id, project_activities.user_id AS project_activities_user_id, project_activities.action AS project_activities_action, project_activities.timestamp AS project_activities_timestamp 
FROM project_activities JOIN project_assignments ON project_activities.project_id = project_assignments.project_id 
WHERE project_assignments.user_id = ? ORDER BY project_activities.timestamp DESC
 LIMIT ? OFFSET ?]
[parameters: (7, 10, 0)]
(Background on this error at: https://sqlalche.me/e/20/e3q8)
[2026-01-18 07:14:40,171] ERROR in app: Context processor error: (sqlite3.OperationalError) no such table: project_assignments
[SQL: SELECT project_activities.id AS project_activities_id, project_activities.project_id AS project_activities_project_id, project_activities.user_id AS project_activities_user_id, project_activities.action AS project_activities_action, project_activities.timestamp AS project_activities_timestamp 
FROM project_activities JOIN project_assignments ON project_activities.project_id = project_assignments.project_id 
WHERE project_assignments.user_id = ? ORDER BY project_activities.timestamp DESC
 LIMIT ? OFFSET ?]
[parameters: (7, 10, 0)]
(Background on this error at: https://sqlalche.me/e/20/e3q8)
[2026-01-18 07:15:38 +0000] [73095] [INFO] Handling signal: term
[2026-01-18 07:15:38 +0000] [73097] [INFO] Worker exiting (pid: 73097)
[2026-01-18 07:15:38 +0000] [73098] [INFO] Worker exiting (pid: 73098)
[2026-01-18 07:15:38 +0000] [73099] [INFO] Worker exiting (pid: 73099)
[2026-01-18 07:15:38 +0000] [73095] [ERROR] Worker (pid:73098) was sent SIGTERM!
[2026-01-18 07:15:38 +0000] [73095] [ERROR] Worker (pid:73099) was sent SIGTERM!
[2026-01-18 07:15:38 +0000] [73095] [ERROR] Worker (pid:73097) was sent SIGTERM!
[2026-01-18 07:15:38 +0000] [73095] [INFO] Shutting down: Master
[2026-01-18 07:15:38 +0000] [73110] [INFO] Starting gunicorn 23.0.0
[2026-01-18 07:15:38 +0000] [73110] [INFO] Listening at: unix:/home/ptahuser/ptah-studios/ptah-studios.sock (73110)
[2026-01-18 07:15:38 +0000] [73110] [INFO] Using worker: sync
[2026-01-18 07:15:38 +0000] [73112] [INFO] Booting worker with pid: 73112
[2026-01-18 07:15:39 +0000] [73113] [INFO] Booting worker with pid: 73113
[2026-01-18 07:15:39 +0000] [73114] [INFO] Booting worker with pid: 73114
[2026-01-18 07:15:41,068] ERROR in app: Context processor error: (sqlite3.OperationalError) no such table: project_assignments
[SQL: SELECT project_activities.id AS project_activities_id, project_activities.project_id AS project_activities_project_id, project_activities.user_id AS project_activities_user_id, project_activities.action AS project_activities_action, project_activities.timestamp AS project_activities_timestamp 
FROM project_activities JOIN project_assignments ON project_activities.project_id = project_assignments.project_id 
WHERE project_assignments.user_id = ? ORDER BY project_activities.timestamp DESC
 LIMIT ? OFFSET ?]
[parameters: (7, 10, 0)]
(Background on this error at: https://sqlalche.me/e/20/e3q8)
[2026-01-18 07:15:42,558] ERROR in app: Context processor error: (sqlite3.OperationalError) no such table: project_assignments
[SQL: SELECT project_activities.id AS project_activities_id, project_activities.project_id AS project_activities_project_id, project_activities.user_id AS project_activities_user_id, project_activities.action AS project_activities_action, project_activities.timestamp AS project_activities_timestamp 
FROM project_activities JOIN project_assignments ON project_activities.project_id = project_assignments.project_id 
WHERE project_assignments.user_id = ? ORDER BY project_activities.timestamp DESC
 LIMIT ? OFFSET ?]
[parameters: (7, 10, 0)]
(Background on this error at: https://sqlalche.me/e/20/e3q8)
[2026-01-18 07:15:50,469] ERROR in app: Context processor error: (sqlite3.OperationalError) no such table: project_assignments
[SQL: SELECT project_activities.id AS project_activities_id, project_activities.project_id AS project_activities_project_id, project_activities.user_id AS project_activities_user_id, project_activities.action AS project_activities_action, project_activities.timestamp AS project_activities_timestamp 
FROM project_activities JOIN project_assignments ON project_activities.project_id = project_assignments.project_id 
WHERE project_assignments.user_id = ? ORDER BY project_activities.timestamp DESC
 LIMIT ? OFFSET ?]
[parameters: (7, 10, 0)]
(Background on this error at: https://sqlalche.me/e/20/e3q8)
[2026-01-18 07:15:54,665] ERROR in app: Context processor error: (sqlite3.OperationalError) no such table: project_assignments
[SQL: SELECT project_activities.id AS project_activities_id, project_activities.project_id AS project_activities_project_id, project_activities.user_id AS project_activities_user_id, project_activities.action AS project_activities_action, project_activities.timestamp AS project_activities_timestamp 
FROM project_activities JOIN project_assignments ON project_activities.project_id = project_assignments.project_id 
WHERE project_assignments.user_id = ? ORDER BY project_activities.timestamp DESC
 LIMIT ? OFFSET ?]
[parameters: (7, 10, 0)]
(Background on this error at: https://sqlalche.me/e/20/e3q8)
[2026-01-18 07:15:57,909] ERROR in app: Context processor error: (sqlite3.OperationalError) no such table: project_assignments
[SQL: SELECT project_activities.id AS project_activities_id, project_activities.project_id AS project_activities_project_id, project_activities.user_id AS project_activities_user_id, project_activities.action AS project_activities_action, project_activities.timestamp AS project_activities_timestamp 
FROM project_activities JOIN project_assignments ON project_activities.project_id = project_assignments.project_id 
WHERE project_assignments.user_id = ? ORDER BY project_activities.timestamp DESC
 LIMIT ? OFFSET ?]
[parameters: (7, 10, 0)]
(Background on this error at: https://sqlalche.me/e/20/e3q8)
[2026-01-18 07:18:22 +0000] [73110] [INFO] Handling signal: term
[2026-01-18 07:18:22 +0000] [73112] [INFO] Worker exiting (pid: 73112)
[2026-01-18 07:18:22 +0000] [73113] [INFO] Worker exiting (pid: 73113)
[2026-01-18 07:18:22 +0000] [73114] [INFO] Worker exiting (pid: 73114)
[2026-01-18 07:18:22 +0000] [73110] [ERROR] Worker (pid:73112) was sent SIGTERM!
[2026-01-18 07:18:22 +0000] [73110] [ERROR] Worker (pid:73113) was sent SIGTERM!
[2026-01-18 07:18:22 +0000] [73110] [ERROR] Worker (pid:73114) was sent SIGTERM!
[2026-01-18 07:18:22 +0000] [73110] [INFO] Shutting down: Master
[2026-01-18 07:18:22 +0000] [73124] [INFO] Starting gunicorn 23.0.0
[2026-01-18 07:18:22 +0000] [73124] [INFO] Listening at: unix:/home/ptahuser/ptah-studios/ptah-studios.sock (73124)
[2026-01-18 07:18:22 +0000] [73124] [INFO] Using worker: sync
[2026-01-18 07:18:22 +0000] [73125] [INFO] Booting worker with pid: 73125
[2026-01-18 07:18:22 +0000] [73126] [INFO] Booting worker with pid: 73126
[2026-01-18 07:18:22 +0000] [73127] [INFO] Booting worker with pid: 73127
[2026-01-18 07:18:26,086] ERROR in app: Context processor error: (sqlite3.OperationalError) no such table: project_assignments
[SQL: SELECT project_activities.id AS project_activities_id, project_activities.project_id AS project_activities_project_id, project_activities.user_id AS project_activities_user_id, project_activities.action AS project_activities_action, project_activities.timestamp AS project_activities_timestamp 
FROM project_activities JOIN project_assignments ON project_activities.project_id = project_assignments.project_id 
WHERE project_assignments.user_id = ? ORDER BY project_activities.timestamp DESC
 LIMIT ? OFFSET ?]
[parameters: (7, 10, 0)]
(Background on this error at: https://sqlalche.me/e/20/e3q8)
[2026-01-18 07:18:28,596] ERROR in app: Context processor error: (sqlite3.OperationalError) no such table: project_assignments
[SQL: SELECT project_activities.id AS project_activities_id, project_activities.project_id AS project_activities_project_id, project_activities.user_id AS project_activities_user_id, project_activities.action AS project_activities_action, project_activities.timestamp AS project_activities_timestamp 
FROM project_activities JOIN project_assignments ON project_activities.project_id = project_assignments.project_id 
WHERE project_assignments.user_id = ? ORDER BY project_activities.timestamp DESC
 LIMIT ? OFFSET ?]
[parameters: (7, 10, 0)]
(Background on this error at: https://sqlalche.me/e/20/e3q8)
[2026-01-18 07:18:31,351] ERROR in app: Context processor error: (sqlite3.OperationalError) no such table: project_assignments
[SQL: SELECT project_activities.id AS project_activities_id, project_activities.project_id AS project_activities_project_id, project_activities.user_id AS project_activities_user_id, project_activities.action AS project_activities_action, project_activities.timestamp AS project_activities_timestamp 
FROM project_activities JOIN project_assignments ON project_activities.project_id = project_assignments.project_id 
WHERE project_assignments.user_id = ? ORDER BY project_activities.timestamp DESC
 LIMIT ? OFFSET ?]
[parameters: (7, 10, 0)]
(Background on this error at: https://sqlalche.me/e/20/e3q8)
[2026-01-18 07:18:34,293] ERROR in app: Context processor error: (sqlite3.OperationalError) no such table: project_assignments
[SQL: SELECT project_activities.id AS project_activities_id, project_activities.project_id AS project_activities_project_id, project_activities.user_id AS project_activities_user_id, project_activities.action AS project_activities_action, project_activities.timestamp AS project_activities_timestamp 
FROM project_activities JOIN project_assignments ON project_activities.project_id = project_assignments.project_id 
WHERE project_assignments.user_id = ? ORDER BY project_activities.timestamp DESC
 LIMIT ? OFFSET ?]
[parameters: (7, 10, 0)]
(Background on this error at: https://sqlalche.me/e/20/e3q8)
[2026-01-18 07:19:02 +0000] [73125] [INFO] Worker exiting (pid: 73125)
[2026-01-18 07:19:02 +0000] [73126] [INFO] Worker exiting (pid: 73126)
[2026-01-18 07:19:02 +0000] [73127] [INFO] Worker exiting (pid: 73127)
[2026-01-18 07:19:02 +0000] [73124] [INFO] Handling signal: term
[2026-01-18 07:19:02 +0000] [73124] [ERROR] Worker (pid:73126) was sent SIGTERM!
[2026-01-18 07:19:02 +0000] [73124] [ERROR] Worker (pid:73127) was sent SIGTERM!
[2026-01-18 07:19:02 +0000] [73124] [ERROR] Worker (pid:73125) was sent SIGTERM!
[2026-01-18 07:19:02 +0000] [73124] [INFO] Shutting down: Master
[2026-01-18 07:19:03 +0000] [73134] [INFO] Starting gunicorn 23.0.0
[2026-01-18 07:19:03 +0000] [73134] [INFO] Listening at: unix:/home/ptahuser/ptah-studios/ptah-studios.sock (73134)
[2026-01-18 07:19:03 +0000] [73134] [INFO] Using worker: sync
[2026-01-18 07:19:03 +0000] [73136] [INFO] Booting worker with pid: 73136
[2026-01-18 07:19:03 +0000] [73137] [INFO] Booting worker with pid: 73137
[2026-01-18 07:19:03 +0000] [73138] [INFO] Booting worker with pid: 73138
[2026-01-18 07:19:05,871] ERROR in app: Exception on /booking [GET]
Traceback (most recent call last):
  File "/home/ptahuser/ptah-studios/venv/lib/python3.10/site-packages/flask/app.py", line 1511, in wsgi_app
    response = self.full_dispatch_request()
  File "/home/ptahuser/ptah-studios/venv/lib/python3.10/site-packages/flask/app.py", line 919, in full_dispatch_request
    rv = self.handle_user_exception(e)
  File "/home/ptahuser/ptah-studios/venv/lib/python3.10/site-packages/flask/app.py", line 917, in full_dispatch_request
    rv = self.dispatch_request()
  File "/home/ptahuser/ptah-studios/venv/lib/python3.10/site-packages/flask/app.py", line 902, in dispatch_request
    return self.ensure_sync(self.view_functions[rule.endpoint])(**view_args)  # type: ignore[no-any-return]
  File "/home/ptahuser/ptah-studios/app.py", line 1402, in booking
    return render_template('public/booking.html',
  File "/home/ptahuser/ptah-studios/venv/lib/python3.10/site-packages/flask/templating.py", line 149, in render_template
    template = app.jinja_env.get_or_select_template(template_name_or_list)
  File "/home/ptahuser/ptah-studios/venv/lib/python3.10/site-packages/jinja2/environment.py", line 1087, in get_or_select_template
    return self.get_template(template_name_or_list, parent, globals)
  File "/home/ptahuser/ptah-studios/venv/lib/python3.10/site-packages/jinja2/environment.py", line 1016, in get_template
    return self._load_template(name, globals)
  File "/home/ptahuser/ptah-studios/venv/lib/python3.10/site-packages/jinja2/environment.py", line 975, in _load_template
    template = self.loader.load(self, name, self.make_globals(globals))
  File "/home/ptahuser/ptah-studios/venv/lib/python3.10/site-packages/jinja2/loaders.py", line 138, in load
    code = environment.compile(source, name, filename)
  File "/home/ptahuser/ptah-studios/venv/lib/python3.10/site-packages/jinja2/environment.py", line 771, in compile
    self.handle_exception(source=source_hint)
  File "/home/ptahuser/ptah-studios/venv/lib/python3.10/site-packages/jinja2/environment.py", line 942, in handle_exception
    raise rewrite_traceback_stack(source=source)
  File "/home/ptahuser/ptah-studios/templates/public/booking.html", line 1521, in template
    {{ form.email(class="form-input", placeholder="<a href="/cdn-cgi/l/email-protection" class="__cf_email__" data-cfemail="cca6a3a4a28ca9b4ada1bca0a9e2afa3a1">[email&#160;protected]</a>", oninput="clearFieldError('email')") }}
jinja2.exceptions.TemplateSyntaxError: expected token ',', got 'string'
[2026-01-18 07:19:05,889] ERROR in app: Context processor error: (sqlite3.OperationalError) no such table: project_assignments
[SQL: SELECT project_activities.id AS project_activities_id, project_activities.project_id AS project_activities_project_id, project_activities.user_id AS project_activities_user_id, project_activities.action AS project_activities_action, project_activities.timestamp AS project_activities_timestamp 
FROM project_activities JOIN project_assignments ON project_activities.project_id = project_assignments.project_id 
WHERE project_assignments.user_id = ? ORDER BY project_activities.timestamp DESC
 LIMIT ? OFFSET ?]
[parameters: (7, 10, 0)]
(Background on this error at: https://sqlalche.me/e/20/e3q8)
[2026-01-18 07:19:28 +0000] [73134] [INFO] Handling signal: term
[2026-01-18 07:19:28 +0000] [73136] [INFO] Worker exiting (pid: 73136)
[2026-01-18 07:19:28 +0000] [73138] [INFO] Worker exiting (pid: 73138)
[2026-01-18 07:19:28 +0000] [73137] [INFO] Worker exiting (pid: 73137)
[2026-01-18 07:19:28 +0000] [73134] [ERROR] Worker (pid:73136) was sent SIGTERM!
[2026-01-18 07:19:28 +0000] [73134] [ERROR] Worker (pid:73138) was sent SIGTERM!
[2026-01-18 07:19:28 +0000] [73134] [ERROR] Worker (pid:73137) was sent SIGTERM!
[2026-01-18 07:19:28 +0000] [73134] [INFO] Shutting down: Master
[2026-01-18 07:19:28 +0000] [73145] [INFO] Starting gunicorn 23.0.0
[2026-01-18 07:19:28 +0000] [73145] [INFO] Listening at: unix:/home/ptahuser/ptah-studios/ptah-studios.sock (73145)
[2026-01-18 07:19:28 +0000] [73145] [INFO] Using worker: sync
[2026-01-18 07:19:28 +0000] [73146] [INFO] Booting worker with pid: 73146
[2026-01-18 07:19:28 +0000] [73147] [INFO] Booting worker with pid: 73147
[2026-01-18 07:19:28 +0000] [73148] [INFO] Booting worker with pid: 73148
[2026-01-18 07:19:32,127] ERROR in app: Context processor error: (sqlite3.OperationalError) no such table: project_assignments
[SQL: SELECT project_activities.id AS project_activities_id, project_activities.project_id AS project_activities_project_id, project_activities.user_id AS project_activities_user_id, project_activities.action AS project_activities_action, project_activities.timestamp AS project_activities_timestamp 
FROM project_activities JOIN project_assignments ON project_activities.project_id = project_assignments.project_id 
WHERE project_assignments.user_id = ? ORDER BY project_activities.timestamp DESC
 LIMIT ? OFFSET ?]
[parameters: (7, 10, 0)]
(Background on this error at: https://sqlalche.me/e/20/e3q8)
[2026-01-18 07:19:37,380] ERROR in app: Context processor error: (sqlite3.OperationalError) no such table: project_assignments
[SQL: SELECT project_activities.id AS project_activities_id, project_activities.project_id AS project_activities_project_id, project_activities.user_id AS project_activities_user_id, project_activities.action AS project_activities_action, project_activities.timestamp AS project_activities_timestamp 
FROM project_activities JOIN project_assignments ON project_activities.project_id = project_assignments.project_id 
WHERE project_assignments.user_id = ? ORDER BY project_activities.timestamp DESC
 LIMIT ? OFFSET ?]
[parameters: (7, 10, 0)]
(Background on this error at: https://sqlalche.me/e/20/e3q8)
[2026-01-18 07:19:40,697] ERROR in app: Context processor error: (sqlite3.OperationalError) no such table: project_assignments
[SQL: SELECT project_activities.id AS project_activities_id, project_activities.project_id AS project_activities_project_id, project_activities.user_id AS project_activities_user_id, project_activities.action AS project_activities_action, project_activities.timestamp AS project_activities_timestamp 
FROM project_activities JOIN project_assignments ON project_activities.project_id = project_assignments.project_id 
WHERE project_assignments.user_id = ? ORDER BY project_activities.timestamp DESC
 LIMIT ? OFFSET ?]
[parameters: (7, 10, 0)]
(Background on this error at: https://sqlalche.me/e/20/e3q8)
[2026-01-18 07:19:42,945] ERROR in app: Context processor error: (sqlite3.OperationalError) no such table: project_assignments
[SQL: SELECT project_activities.id AS project_activities_id, project_activities.project_id AS project_activities_project_id, project_activities.user_id AS project_activities_user_id, project_activities.action AS project_activities_action, project_activities.timestamp AS project_activities_timestamp 
FROM project_activities JOIN project_assignments ON project_activities.project_id = project_assignments.project_id 
WHERE project_assignments.user_id = ? ORDER BY project_activities.timestamp DESC
 LIMIT ? OFFSET ?]
[parameters: (7, 10, 0)]
(Background on this error at: https://sqlalche.me/e/20/e3q8)
[2026-01-18 07:23:30 +0000] [73145] [INFO] Handling signal: term
[2026-01-18 07:23:30 +0000] [73146] [INFO] Worker exiting (pid: 73146)
[2026-01-18 07:23:30 +0000] [73147] [INFO] Worker exiting (pid: 73147)
[2026-01-18 07:23:30 +0000] [73148] [INFO] Worker exiting (pid: 73148)
[2026-01-18 07:23:30 +0000] [73145] [ERROR] Worker (pid:73146) was sent SIGTERM!
[2026-01-18 07:23:30 +0000] [73145] [ERROR] Worker (pid:73147) was sent SIGTERM!
[2026-01-18 07:23:30 +0000] [73145] [ERROR] Worker (pid:73148) was sent SIGTERM!
[2026-01-18 07:23:30 +0000] [73145] [INFO] Shutting down: Master
[2026-01-18 07:23:30 +0000] [73161] [INFO] Starting gunicorn 23.0.0
[2026-01-18 07:23:30 +0000] [73161] [INFO] Listening at: unix:/home/ptahuser/ptah-studios/ptah-studios.sock (73161)
[2026-01-18 07:23:30 +0000] [73161] [INFO] Using worker: sync
[2026-01-18 07:23:30 +0000] [73163] [INFO] Booting worker with pid: 73163
[2026-01-18 07:23:30 +0000] [73164] [INFO] Booting worker with pid: 73164
[2026-01-18 07:23:31 +0000] [73165] [INFO] Booting worker with pid: 73165
[2026-01-18 07:23:33,614] ERROR in app: Context processor error: (sqlite3.OperationalError) no such table: project_assignments
[SQL: SELECT project_activities.id AS project_activities_id, project_activities.project_id AS project_activities_project_id, project_activities.user_id AS project_activities_user_id, project_activities.action AS project_activities_action, project_activities.timestamp AS project_activities_timestamp 
FROM project_activities JOIN project_assignments ON project_activities.project_id = project_assignments.project_id 
WHERE project_assignments.user_id = ? ORDER BY project_activities.timestamp DESC
 LIMIT ? OFFSET ?]
[parameters: (7, 10, 0)]
(Background on this error at: https://sqlalche.me/e/20/e3q8)
[2026-01-18 07:23:37,941] ERROR in app: Context processor error: (sqlite3.OperationalError) no such table: project_assignments
[SQL: SELECT project_activities.id AS project_activities_id, project_activities.project_id AS project_activities_project_id, project_activities.user_id AS project_activities_user_id, project_activities.action AS project_activities_action, project_activities.timestamp AS project_activities_timestamp 
FROM project_activities JOIN project_assignments ON project_activities.project_id = project_assignments.project_id 
WHERE project_assignments.user_id = ? ORDER BY project_activities.timestamp DESC
 LIMIT ? OFFSET ?]
[parameters: (7, 10, 0)]
(Background on this error at: https://sqlalche.me/e/20/e3q8)
[2026-01-18 07:23:41,249] ERROR in app: Context processor error: (sqlite3.OperationalError) no such table: project_assignments
[SQL: SELECT project_activities.id AS project_activities_id, project_activities.project_id AS project_activities_project_id, project_activities.user_id AS project_activities_user_id, project_activities.action AS project_activities_action, project_activities.timestamp AS project_activities_timestamp 
FROM project_activities JOIN project_assignments ON project_activities.project_id = project_assignments.project_id 
WHERE project_assignments.user_id = ? ORDER BY project_activities.timestamp DESC
 LIMIT ? OFFSET ?]
[parameters: (7, 10, 0)]
(Background on this error at: https://sqlalche.me/e/20/e3q8)
[2026-01-18 07:23:44,129] ERROR in app: Context processor error: (sqlite3.OperationalError) no such table: project_assignments
[SQL: SELECT project_activities.id AS project_activities_id, project_activities.project_id AS project_activities_project_id, project_activities.user_id AS project_activities_user_id, project_activities.action AS project_activities_action, project_activities.timestamp AS project_activities_timestamp 
FROM project_activities JOIN project_assignments ON project_activities.project_id = project_assignments.project_id 
WHERE project_assignments.user_id = ? ORDER BY project_activities.timestamp DESC
 LIMIT ? OFFSET ?]
[parameters: (7, 10, 0)]
(Background on this error at: https://sqlalche.me/e/20/e3q8)
[2026-01-18 07:26:34 +0000] [73161] [INFO] Handling signal: term
[2026-01-18 07:26:34 +0000] [73163] [INFO] Worker exiting (pid: 73163)
[2026-01-18 07:26:34 +0000] [73164] [INFO] Worker exiting (pid: 73164)
[2026-01-18 07:26:34 +0000] [73165] [INFO] Worker exiting (pid: 73165)
[2026-01-18 07:26:34 +0000] [73161] [ERROR] Worker (pid:73163) was sent SIGTERM!
[2026-01-18 07:26:34 +0000] [73161] [ERROR] Worker (pid:73165) was sent SIGTERM!
[2026-01-18 07:26:34 +0000] [73161] [ERROR] Worker (pid:73164) was sent SIGTERM!
[2026-01-18 07:26:34 +0000] [73161] [INFO] Shutting down: Master
[2026-01-18 07:26:35 +0000] [73176] [INFO] Starting gunicorn 23.0.0
[2026-01-18 07:26:35 +0000] [73176] [INFO] Listening at: unix:/home/ptahuser/ptah-studios/ptah-studios.sock (73176)
[2026-01-18 07:26:35 +0000] [73176] [INFO] Using worker: sync
[2026-01-18 07:26:35 +0000] [73177] [INFO] Booting worker with pid: 73177
[2026-01-18 07:26:35 +0000] [73178] [INFO] Booting worker with pid: 73178
[2026-01-18 07:26:35 +0000] [73179] [INFO] Booting worker with pid: 73179
[2026-01-18 07:26:38,129] ERROR in app: Context processor error: (sqlite3.OperationalError) no such table: project_assignments
[SQL: SELECT project_activities.id AS project_activities_id, project_activities.project_id AS project_activities_project_id, project_activities.user_id AS project_activities_user_id, project_activities.action AS project_activities_action, project_activities.timestamp AS project_activities_timestamp 
FROM project_activities JOIN project_assignments ON project_activities.project_id = project_assignments.project_id 
WHERE project_assignments.user_id = ? ORDER BY project_activities.timestamp DESC
 LIMIT ? OFFSET ?]
[parameters: (7, 10, 0)]
(Background on this error at: https://sqlalche.me/e/20/e3q8)
[2026-01-18 07:26:58,879] ERROR in app: Context processor error: (sqlite3.OperationalError) no such table: project_assignments
[SQL: SELECT project_activities.id AS project_activities_id, project_activities.project_id AS project_activities_project_id, project_activities.user_id AS project_activities_user_id, project_activities.action AS project_activities_action, project_activities.timestamp AS project_activities_timestamp 
FROM project_activities JOIN project_assignments ON project_activities.project_id = project_assignments.project_id 
WHERE project_assignments.user_id = ? ORDER BY project_activities.timestamp DESC
 LIMIT ? OFFSET ?]
[parameters: (7, 10, 0)]
(Background on this error at: https://sqlalche.me/e/20/e3q8)
[2026-01-18 07:27:06,592] ERROR in app: Context processor error: (sqlite3.OperationalError) no such table: project_assignments
[SQL: SELECT project_activities.id AS project_activities_id, project_activities.project_id AS project_activities_project_id, project_activities.user_id AS project_activities_user_id, project_activities.action AS project_activities_action, project_activities.timestamp AS project_activities_timestamp 
FROM project_activities JOIN project_assignments ON project_activities.project_id = project_assignments.project_id 
WHERE project_assignments.user_id = ? ORDER BY project_activities.timestamp DESC
 LIMIT ? OFFSET ?]
[parameters: (7, 10, 0)]
(Background on this error at: https://sqlalche.me/e/20/e3q8)
[2026-01-18 07:27:08,788] ERROR in app: Context processor error: (sqlite3.OperationalError) no such table: project_assignments
[SQL: SELECT project_activities.id AS project_activities_id, project_activities.project_id AS project_activities_project_id, project_activities.user_id AS project_activities_user_id, project_activities.action AS project_activities_action, project_activities.timestamp AS project_activities_timestamp 
FROM project_activities JOIN project_assignments ON project_activities.project_id = project_assignments.project_id 
WHERE project_assignments.user_id = ? ORDER BY project_activities.timestamp DESC
 LIMIT ? OFFSET ?]
[parameters: (7, 10, 0)]
(Background on this error at: https://sqlalche.me/e/20/e3q8)
[2026-01-18 07:27:09,234] ERROR in app: Context processor error: (sqlite3.OperationalError) no such table: project_assignments
[SQL: SELECT project_activities.id AS project_activities_id, project_activities.project_id AS project_activities_project_id, project_activities.user_id AS project_activities_user_id, project_activities.action AS project_activities_action, project_activities.timestamp AS project_activities_timestamp 
FROM project_activities JOIN project_assignments ON project_activities.project_id = project_assignments.project_id 
WHERE project_assignments.user_id = ? ORDER BY project_activities.timestamp DESC
 LIMIT ? OFFSET ?]
[parameters: (7, 10, 0)]
(Background on this error at: https://sqlalche.me/e/20/e3q8)
[2026-01-18 07:27:11,172] ERROR in app: Context processor error: (sqlite3.OperationalError) no such table: project_assignments
[SQL: SELECT project_activities.id AS project_activities_id, project_activities.project_id AS project_activities_project_id, project_activities.user_id AS project_activities_user_id, project_activities.action AS project_activities_action, project_activities.timestamp AS project_activities_timestamp 
FROM project_activities JOIN project_assignments ON project_activities.project_id = project_assignments.project_id 
WHERE project_assignments.user_id = ? ORDER BY project_activities.timestamp DESC
 LIMIT ? OFFSET ?]
[parameters: (7, 10, 0)]
(Background on this error at: https://sqlalche.me/e/20/e3q8)
[2026-01-18 07:27:21,912] ERROR in app: Context processor error: (sqlite3.OperationalError) no such table: project_assignments
[SQL: SELECT project_activities.id AS project_activities_id, project_activities.project_id AS project_activities_project_id, project_activities.user_id AS project_activities_user_id, project_activities.action AS project_activities_action, project_activities.timestamp AS project_activities_timestamp 
FROM project_activities JOIN project_assignments ON project_activities.project_id = project_assignments.project_id 
WHERE project_assignments.user_id = ? ORDER BY project_activities.timestamp DESC
 LIMIT ? OFFSET ?]
[parameters: (7, 10, 0)]
(Background on this error at: https://sqlalche.me/e/20/e3q8)
[2026-01-18 07:27:26,173] ERROR in app: Context processor error: (sqlite3.OperationalError) no such table: project_assignments
[SQL: SELECT project_activities.id AS project_activities_id, project_activities.project_id AS project_activities_project_id, project_activities.user_id AS project_activities_user_id, project_activities.action AS project_activities_action, project_activities.timestamp AS project_activities_timestamp 
FROM project_activities JOIN project_assignments ON project_activities.project_id = project_assignments.project_id 
WHERE project_assignments.user_id = ? ORDER BY project_activities.timestamp DESC
 LIMIT ? OFFSET ?]
[parameters: (7, 10, 0)]
(Background on this error at: https://sqlalche.me/e/20/e3q8)
[2026-01-18 07:27:29,362] ERROR in app: Context processor error: (sqlite3.OperationalError) no such table: project_assignments
[SQL: SELECT project_activities.id AS project_activities_id, project_activities.project_id AS project_activities_project_id, project_activities.user_id AS project_activities_user_id, project_activities.action AS project_activities_action, project_activities.timestamp AS project_activities_timestamp 
FROM project_activities JOIN project_assignments ON project_activities.project_id = project_assignments.project_id 
WHERE project_assignments.user_id = ? ORDER BY project_activities.timestamp DESC
 LIMIT ? OFFSET ?]
[parameters: (7, 10, 0)]
(Background on this error at: https://sqlalche.me/e/20/e3q8)
[2026-01-18 07:28:20,311] ERROR in app: Context processor error: (sqlite3.OperationalError) no such table: project_assignments
[SQL: SELECT project_activities.id AS project_activities_id, project_activities.project_id AS project_activities_project_id, project_activities.user_id AS project_activities_user_id, project_activities.action AS project_activities_action, project_activities.timestamp AS project_activities_timestamp 
FROM project_activities JOIN project_assignments ON project_activities.project_id = project_assignments.project_id 
WHERE project_assignments.user_id = ? ORDER BY project_activities.timestamp DESC
 LIMIT ? OFFSET ?]
[parameters: (7, 10, 0)]
(Background on this error at: https://sqlalche.me/e/20/e3q8)
[2026-01-18 07:28:26,616] ERROR in app: Context processor error: (sqlite3.OperationalError) no such table: project_assignments
[SQL: SELECT project_activities.id AS project_activities_id, project_activities.project_id AS project_activities_project_id, project_activities.user_id AS project_activities_user_id, project_activities.action AS project_activities_action, project_activities.timestamp AS project_activities_timestamp 
FROM project_activities JOIN project_assignments ON project_activities.project_id = project_assignments.project_id 
WHERE project_assignments.user_id = ? ORDER BY project_activities.timestamp DESC
 LIMIT ? OFFSET ?]
[parameters: (7, 10, 0)]
(Background on this error at: https://sqlalche.me/e/20/e3q8)
[2026-01-18 07:31:16 +0000] [73176] [INFO] Handling signal: term
[2026-01-18 07:31:16 +0000] [73177] [INFO] Worker exiting (pid: 73177)
[2026-01-18 07:31:16 +0000] [73179] [INFO] Worker exiting (pid: 73179)
[2026-01-18 07:31:16 +0000] [73178] [INFO] Worker exiting (pid: 73178)
[2026-01-18 07:31:16 +0000] [73176] [ERROR] Worker (pid:73177) was sent SIGTERM!
[2026-01-18 07:31:16 +0000] [73176] [ERROR] Worker (pid:73179) was sent SIGTERM!
[2026-01-18 07:31:16 +0000] [73176] [ERROR] Worker (pid:73178) was sent SIGTERM!
[2026-01-18 07:31:16 +0000] [73176] [INFO] Shutting down: Master
[2026-01-18 07:31:16 +0000] [73189] [INFO] Starting gunicorn 23.0.0
[2026-01-18 07:31:16 +0000] [73189] [INFO] Listening at: unix:/home/ptahuser/ptah-studios/ptah-studios.sock (73189)
[2026-01-18 07:31:16 +0000] [73189] [INFO] Using worker: sync
[2026-01-18 07:31:16 +0000] [73191] [INFO] Booting worker with pid: 73191
[2026-01-18 07:31:16 +0000] [73192] [INFO] Booting worker with pid: 73192
[2026-01-18 07:31:16 +0000] [73193] [INFO] Booting worker with pid: 73193
[2026-01-18 07:31:27,596] ERROR in app: Exception on /booking [GET]
Traceback (most recent call last):
  File "/home/ptahuser/ptah-studios/venv/lib/python3.10/site-packages/flask/app.py", line 1511, in wsgi_app
    response = self.full_dispatch_request()
  File "/home/ptahuser/ptah-studios/venv/lib/python3.10/site-packages/flask/app.py", line 919, in full_dispatch_request
    rv = self.handle_user_exception(e)
  File "/home/ptahuser/ptah-studios/venv/lib/python3.10/site-packages/flask/app.py", line 917, in full_dispatch_request
    rv = self.dispatch_request()
  File "/home/ptahuser/ptah-studios/venv/lib/python3.10/site-packages/flask/app.py", line 902, in dispatch_request
    return self.ensure_sync(self.view_functions[rule.endpoint])(**view_args)  # type: ignore[no-any-return]
  File "/home/ptahuser/ptah-studios/app.py", line 1404, in booking
    return render_template('public/booking.html',
  File "/home/ptahuser/ptah-studios/venv/lib/python3.10/site-packages/flask/templating.py", line 149, in render_template
    template = app.jinja_env.get_or_select_template(template_name_or_list)
  File "/home/ptahuser/ptah-studios/venv/lib/python3.10/site-packages/jinja2/environment.py", line 1087, in get_or_select_template
    return self.get_template(template_name_or_list, parent, globals)
  File "/home/ptahuser/ptah-studios/venv/lib/python3.10/site-packages/jinja2/environment.py", line 1016, in get_template
    return self._load_template(name, globals)
  File "/home/ptahuser/ptah-studios/venv/lib/python3.10/site-packages/jinja2/environment.py", line 975, in _load_template
    template = self.loader.load(self, name, self.make_globals(globals))
  File "/home/ptahuser/ptah-studios/venv/lib/python3.10/site-packages/jinja2/loaders.py", line 138, in load
    code = environment.compile(source, name, filename)
  File "/home/ptahuser/ptah-studios/venv/lib/python3.10/site-packages/jinja2/environment.py", line 771, in compile
    self.handle_exception(source=source_hint)
  File "/home/ptahuser/ptah-studios/venv/lib/python3.10/site-packages/jinja2/environment.py", line 942, in handle_exception
    raise rewrite_traceback_stack(source=source)
  File "/home/ptahuser/ptah-studios/templates/public/booking.html", line 1521, in template
    {{ form.email(class="form-input", placeholder="<a href="/cdn-cgi/l/email-protection" class="__cf_email__" data-cfemail="cca6a3a4a28ca9b4ada1bca0a9e2afa3a1">[email&#160;protected]</a>", oninput="clearFieldError('email')") }}
jinja2.exceptions.TemplateSyntaxError: expected token ',', got 'string'
[2026-01-18 07:31:54 +0000] [73189] [INFO] Handling signal: term
[2026-01-18 07:31:54 +0000] [73191] [INFO] Worker exiting (pid: 73191)
[2026-01-18 07:31:54 +0000] [73193] [INFO] Worker exiting (pid: 73193)
[2026-01-18 07:31:54 +0000] [73189] [ERROR] Worker (pid:73193) was sent SIGTERM!
[2026-01-18 07:31:54 +0000] [73192] [INFO] Worker exiting (pid: 73192)
[2026-01-18 07:31:54 +0000] [73189] [ERROR] Worker (pid:73191) was sent SIGTERM!
[2026-01-18 07:31:54 +0000] [73189] [INFO] Shutting down: Master
[2026-01-18 07:31:54 +0000] [73198] [INFO] Starting gunicorn 23.0.0
[2026-01-18 07:31:54 +0000] [73198] [INFO] Listening at: unix:/home/ptahuser/ptah-studios/ptah-studios.sock (73198)
[2026-01-18 07:31:54 +0000] [73198] [INFO] Using worker: sync
[2026-01-18 07:31:54 +0000] [73200] [INFO] Booting worker with pid: 73200
[2026-01-18 07:31:54 +0000] [73201] [INFO] Booting worker with pid: 73201
[2026-01-18 07:31:55 +0000] [73202] [INFO] Booting worker with pid: 73202
[2026-01-18 07:33:57 +0000] [73198] [INFO] Handling signal: term
[2026-01-18 07:33:57 +0000] [73200] [INFO] Worker exiting (pid: 73200)
[2026-01-18 07:33:57 +0000] [73202] [INFO] Worker exiting (pid: 73202)
[2026-01-18 07:33:57 +0000] [73201] [INFO] Worker exiting (pid: 73201)
[2026-01-18 07:33:57 +0000] [73198] [ERROR] Worker (pid:73202) was sent SIGTERM!
[2026-01-18 07:33:57 +0000] [73198] [ERROR] Worker (pid:73200) was sent SIGTERM!
[2026-01-18 07:33:57 +0000] [73198] [INFO] Shutting down: Master
[2026-01-18 07:33:57 +0000] [73212] [INFO] Starting gunicorn 23.0.0
[2026-01-18 07:33:57 +0000] [73212] [INFO] Listening at: unix:/home/ptahuser/ptah-studios/ptah-studios.sock (73212)
[2026-01-18 07:33:57 +0000] [73212] [INFO] Using worker: sync
[2026-01-18 07:33:57 +0000] [73213] [INFO] Booting worker with pid: 73213
[2026-01-18 07:33:58 +0000] [73214] [INFO] Booting worker with pid: 73214
[2026-01-18 07:33:58 +0000] [73215] [INFO] Booting worker with pid: 73215
[2026-01-18 07:40:02 +0000] [73212] [INFO] Handling signal: term
[2026-01-18 07:40:02 +0000] [73213] [INFO] Worker exiting (pid: 73213)
[2026-01-18 07:40:02 +0000] [73214] [INFO] Worker exiting (pid: 73214)
[2026-01-18 07:40:02 +0000] [73215] [INFO] Worker exiting (pid: 73215)
[2026-01-18 07:40:02 +0000] [73212] [ERROR] Worker (pid:73213) was sent SIGTERM!
[2026-01-18 07:40:02 +0000] [73212] [ERROR] Worker (pid:73214) was sent SIGTERM!
[2026-01-18 07:40:02 +0000] [73212] [ERROR] Worker (pid:73215) was sent SIGTERM!
[2026-01-18 07:40:02 +0000] [73212] [INFO] Shutting down: Master
[2026-01-18 07:40:02 +0000] [73234] [INFO] Starting gunicorn 23.0.0
[2026-01-18 07:40:02 +0000] [73234] [INFO] Listening at: unix:/home/ptahuser/ptah-studios/ptah-studios.sock (73234)
[2026-01-18 07:40:02 +0000] [73234] [INFO] Using worker: sync
[2026-01-18 07:40:02 +0000] [73236] [INFO] Booting worker with pid: 73236
[2026-01-18 07:40:02 +0000] [73237] [INFO] Booting worker with pid: 73237
[2026-01-18 07:40:02 +0000] [73238] [INFO] Booting worker with pid: 73238
[2026-01-18 07:40:51 +0000] [73234] [INFO] Handling signal: term
[2026-01-18 07:40:51 +0000] [73236] [INFO] Worker exiting (pid: 73236)
[2026-01-18 07:40:51 +0000] [73238] [INFO] Worker exiting (pid: 73238)
[2026-01-18 07:40:51 +0000] [73237] [INFO] Worker exiting (pid: 73237)
[2026-01-18 07:40:51 +0000] [73234] [ERROR] Worker (pid:73236) was sent SIGTERM!
[2026-01-18 07:40:51 +0000] [73234] [ERROR] Worker (pid:73237) was sent SIGTERM!
[2026-01-18 07:40:51 +0000] [73234] [ERROR] Worker (pid:73238) was sent SIGTERM!
[2026-01-18 07:40:51 +0000] [73234] [INFO] Shutting down: Master
[2026-01-18 07:40:52 +0000] [73249] [INFO] Starting gunicorn 23.0.0
[2026-01-18 07:40:52 +0000] [73249] [INFO] Listening at: unix:/home/ptahuser/ptah-studios/ptah-studios.sock (73249)
[2026-01-18 07:40:52 +0000] [73249] [INFO] Using worker: sync
[2026-01-18 07:40:52 +0000] [73251] [INFO] Booting worker with pid: 73251
[2026-01-18 07:40:52 +0000] [73252] [INFO] Booting worker with pid: 73252
[2026-01-18 07:40:52 +0000] [73253] [INFO] Booting worker with pid: 73253
[2026-01-18 07:41:27,058] ERROR in app: Context processor error: (sqlite3.OperationalError) no such table: project_assignments
[SQL: SELECT project_activities.id AS project_activities_id, project_activities.project_id AS project_activities_project_id, project_activities.user_id AS project_activities_user_id, project_activities.action AS project_activities_action, project_activities.timestamp AS project_activities_timestamp 
FROM project_activities JOIN project_assignments ON project_activities.project_id = project_assignments.project_id 
WHERE project_assignments.user_id = ? ORDER BY project_activities.timestamp DESC
 LIMIT ? OFFSET ?]
[parameters: (7, 10, 0)]
(Background on this error at: https://sqlalche.me/e/20/e3q8)
[2026-01-18 07:41:33,417] ERROR in app: Context processor error: (sqlite3.OperationalError) no such table: project_assignments
[SQL: SELECT project_activities.id AS project_activities_id, project_activities.project_id AS project_activities_project_id, project_activities.user_id AS project_activities_user_id, project_activities.action AS project_activities_action, project_activities.timestamp AS project_activities_timestamp 
FROM project_activities JOIN project_assignments ON project_activities.project_id = project_assignments.project_id 
WHERE project_assignments.user_id = ? ORDER BY project_activities.timestamp DESC
 LIMIT ? OFFSET ?]
[parameters: (7, 10, 0)]
(Background on this error at: https://sqlalche.me/e/20/e3q8)
[2026-01-18 07:41:53,527] ERROR in app: Context processor error: (sqlite3.OperationalError) no such table: project_assignments
[SQL: SELECT project_activities.id AS project_activities_id, project_activities.project_id AS project_activities_project_id, project_activities.user_id AS project_activities_user_id, project_activities.action AS project_activities_action, project_activities.timestamp AS project_activities_timestamp 
FROM project_activities JOIN project_assignments ON project_activities.project_id = project_assignments.project_id 
WHERE project_assignments.user_id = ? ORDER BY project_activities.timestamp DESC
 LIMIT ? OFFSET ?]
[parameters: (7, 10, 0)]
(Background on this error at: https://sqlalche.me/e/20/e3q8)
[2026-01-18 07:41:53,866] ERROR in app: Context processor error: (sqlite3.OperationalError) no such table: project_assignments
[SQL: SELECT project_activities.id AS project_activities_id, project_activities.project_id AS project_activities_project_id, project_activities.user_id AS project_activities_user_id, project_activities.action AS project_activities_action, project_activities.timestamp AS project_activities_timestamp 
FROM project_activities JOIN project_assignments ON project_activities.project_id = project_assignments.project_id 
WHERE project_assignments.user_id = ? ORDER BY project_activities.timestamp DESC
 LIMIT ? OFFSET ?]
[parameters: (7, 10, 0)]
(Background on this error at: https://sqlalche.me/e/20/e3q8)
[2026-01-18 07:41:56,709] ERROR in app: Context processor error: (sqlite3.OperationalError) no such table: project_assignments
[SQL: SELECT project_activities.id AS project_activities_id, project_activities.project_id AS project_activities_project_id, project_activities.user_id AS project_activities_user_id, project_activities.action AS project_activities_action, project_activities.timestamp AS project_activities_timestamp 
FROM project_activities JOIN project_assignments ON project_activities.project_id = project_assignments.project_id 
WHERE project_assignments.user_id = ? ORDER BY project_activities.timestamp DESC
 LIMIT ? OFFSET ?]
[parameters: (7, 10, 0)]
(Background on this error at: https://sqlalche.me/e/20/e3q8)
[2026-01-18 07:41:58,970] ERROR in app: Context processor error: (sqlite3.OperationalError) no such table: project_assignments
[SQL: SELECT project_activities.id AS project_activities_id, project_activities.project_id AS project_activities_project_id, project_activities.user_id AS project_activities_user_id, project_activities.action AS project_activities_action, project_activities.timestamp AS project_activities_timestamp 
FROM project_activities JOIN project_assignments ON project_activities.project_id = project_assignments.project_id 
WHERE project_assignments.user_id = ? ORDER BY project_activities.timestamp DESC
 LIMIT ? OFFSET ?]
[parameters: (7, 10, 0)]
(Background on this error at: https://sqlalche.me/e/20/e3q8)
[2026-01-18 07:42:07,554] ERROR in app: Context processor error: (sqlite3.OperationalError) no such table: project_assignments
[SQL: SELECT project_activities.id AS project_activities_id, project_activities.project_id AS project_activities_project_id, project_activities.user_id AS project_activities_user_id, project_activities.action AS project_activities_action, project_activities.timestamp AS project_activities_timestamp 
FROM project_activities JOIN project_assignments ON project_activities.project_id = project_assignments.project_id 
WHERE project_assignments.user_id = ? ORDER BY project_activities.timestamp DESC
 LIMIT ? OFFSET ?]
[parameters: (7, 10, 0)]
(Background on this error at: https://sqlalche.me/e/20/e3q8)
[2026-01-18 07:42:14,072] ERROR in app: Context processor error: (sqlite3.OperationalError) no such table: project_assignments
[SQL: SELECT project_activities.id AS project_activities_id, project_activities.project_id AS project_activities_project_id, project_activities.user_id AS project_activities_user_id, project_activities.action AS project_activities_action, project_activities.timestamp AS project_activities_timestamp 
FROM project_activities JOIN project_assignments ON project_activities.project_id = project_assignments.project_id 
WHERE project_assignments.user_id = ? ORDER BY project_activities.timestamp DESC
 LIMIT ? OFFSET ?]
[parameters: (7, 10, 0)]
(Background on this error at: https://sqlalche.me/e/20/e3q8)
[2026-01-18 07:42:17,096] ERROR in app: Context processor error: (sqlite3.OperationalError) no such table: project_assignments
[SQL: SELECT project_activities.id AS project_activities_id, project_activities.project_id AS project_activities_project_id, project_activities.user_id AS project_activities_user_id, project_activities.action AS project_activities_action, project_activities.timestamp AS project_activities_timestamp 
FROM project_activities JOIN project_assignments ON project_activities.project_id = project_assignments.project_id 
WHERE project_assignments.user_id = ? ORDER BY project_activities.timestamp DESC
 LIMIT ? OFFSET ?]
[parameters: (7, 10, 0)]
(Background on this error at: https://sqlalche.me/e/20/e3q8)
[2026-01-18 07:42:29,440] ERROR in app: Context processor error: (sqlite3.OperationalError) no such table: project_assignments
[SQL: SELECT project_activities.id AS project_activities_id, project_activities.project_id AS project_activities_project_id, project_activities.user_id AS project_activities_user_id, project_activities.action AS project_activities_action, project_activities.timestamp AS project_activities_timestamp 
FROM project_activities JOIN project_assignments ON project_activities.project_id = project_assignments.project_id 
WHERE project_assignments.user_id = ? ORDER BY project_activities.timestamp DESC
 LIMIT ? OFFSET ?]
[parameters: (7, 10, 0)]
(Background on this error at: https://sqlalche.me/e/20/e3q8)
[2026-01-18 07:42:31,613] ERROR in app: Context processor error: (sqlite3.OperationalError) no such table: project_assignments
[SQL: SELECT project_activities.id AS project_activities_id, project_activities.project_id AS project_activities_project_id, project_activities.user_id AS project_activities_user_id, project_activities.action AS project_activities_action, project_activities.timestamp AS project_activities_timestamp 
FROM project_activities JOIN project_assignments ON project_activities.project_id = project_assignments.project_id 
WHERE project_assignments.user_id = ? ORDER BY project_activities.timestamp DESC
 LIMIT ? OFFSET ?]
[parameters: (7, 10, 0)]
(Background on this error at: https://sqlalche.me/e/20/e3q8)
[2026-01-18 07:42:39,824] ERROR in app: Context processor error: (sqlite3.OperationalError) no such table: project_assignments
[SQL: SELECT project_activities.id AS project_activities_id, project_activities.project_id AS project_activities_project_id, project_activities.user_id AS project_activities_user_id, project_activities.action AS project_activities_action, project_activities.timestamp AS project_activities_timestamp 
FROM project_activities JOIN project_assignments ON project_activities.project_id = project_assignments.project_id 
WHERE project_assignments.user_id = ? ORDER BY project_activities.timestamp DESC
 LIMIT ? OFFSET ?]
[parameters: (7, 10, 0)]
(Background on this error at: https://sqlalche.me/e/20/e3q8)
[2026-01-18 07:42:41,901] ERROR in app: Context processor error: (sqlite3.OperationalError) no such table: project_assignments
[SQL: SELECT project_activities.id AS project_activities_id, project_activities.project_id AS project_activities_project_id, project_activities.user_id AS project_activities_user_id, project_activities.action AS project_activities_action, project_activities.timestamp AS project_activities_timestamp 
FROM project_activities JOIN project_assignments ON project_activities.project_id = project_assignments.project_id 
WHERE project_assignments.user_id = ? ORDER BY project_activities.timestamp DESC
 LIMIT ? OFFSET ?]
[parameters: (7, 10, 0)]
(Background on this error at: https://sqlalche.me/e/20/e3q8)
[2026-01-18 07:43:08,438] ERROR in app: Context processor error: (sqlite3.OperationalError) no such table: project_assignments
[SQL: SELECT project_activities.id AS project_activities_id, project_activities.project_id AS project_activities_project_id, project_activities.user_id AS project_activities_user_id, project_activities.action AS project_activities_action, project_activities.timestamp AS project_activities_timestamp 
FROM project_activities JOIN project_assignments ON project_activities.project_id = project_assignments.project_id 
WHERE project_assignments.user_id = ? ORDER BY project_activities.timestamp DESC
 LIMIT ? OFFSET ?]
[parameters: (7, 10, 0)]
(Background on this error at: https://sqlalche.me/e/20/e3q8)
[2026-01-18 07:43:16,168] ERROR in app: Context processor error: (sqlite3.OperationalError) no such table: project_assignments
[SQL: SELECT project_activities.id AS project_activities_id, project_activities.project_id AS project_activities_project_id, project_activities.user_id AS project_activities_user_id, project_activities.action AS project_activities_action, project_activities.timestamp AS project_activities_timestamp 
FROM project_activities JOIN project_assignments ON project_activities.project_id = project_assignments.project_id 
WHERE project_assignments.user_id = ? ORDER BY project_activities.timestamp DESC
 LIMIT ? OFFSET ?]
[parameters: (7, 10, 0)]
(Background on this error at: https://sqlalche.me/e/20/e3q8)
[2026-01-18 07:43:25,161] ERROR in app: Context processor error: (sqlite3.OperationalError) no such table: project_assignments
[SQL: SELECT project_activities.id AS project_activities_id, project_activities.project_id AS project_activities_project_id, project_activities.user_id AS project_activities_user_id, project_activities.action AS project_activities_action, project_activities.timestamp AS project_activities_timestamp 
FROM project_activities JOIN project_assignments ON project_activities.project_id = project_assignments.project_id 
WHERE project_assignments.user_id = ? ORDER BY project_activities.timestamp DESC
 LIMIT ? OFFSET ?]
[parameters: (7, 10, 0)]
(Background on this error at: https://sqlalche.me/e/20/e3q8)
[2026-01-18 07:43:26,333] ERROR in app: Context processor error: (sqlite3.OperationalError) no such table: project_assignments
[SQL: SELECT project_activities.id AS project_activities_id, project_activities.project_id AS project_activities_project_id, project_activities.user_id AS project_activities_user_id, project_activities.action AS project_activities_action, project_activities.timestamp AS project_activities_timestamp 
FROM project_activities JOIN project_assignments ON project_activities.project_id = project_assignments.project_id 
WHERE project_assignments.user_id = ? ORDER BY project_activities.timestamp DESC
 LIMIT ? OFFSET ?]
[parameters: (7, 10, 0)]
(Background on this error at: https://sqlalche.me/e/20/e3q8)
[2026-01-18 07:43:34,550] ERROR in app: Context processor error: (sqlite3.OperationalError) no such table: project_assignments
[SQL: SELECT project_activities.id AS project_activities_id, project_activities.project_id AS project_activities_project_id, project_activities.user_id AS project_activities_user_id, project_activities.action AS project_activities_action, project_activities.timestamp AS project_activities_timestamp 
FROM project_activities JOIN project_assignments ON project_activities.project_id = project_assignments.project_id 
WHERE project_assignments.user_id = ? ORDER BY project_activities.timestamp DESC
 LIMIT ? OFFSET ?]
[parameters: (7, 10, 0)]
(Background on this error at: https://sqlalche.me/e/20/e3q8)
[2026-01-18 07:44:04 +0000] [73249] [INFO] Handling signal: term
[2026-01-18 07:44:04 +0000] [73251] [INFO] Worker exiting (pid: 73251)
[2026-01-18 07:44:04 +0000] [73252] [INFO] Worker exiting (pid: 73252)
[2026-01-18 07:44:05 +0000] [73253] [INFO] Worker exiting (pid: 73253)
[2026-01-18 07:44:05 +0000] [73249] [ERROR] Worker (pid:73252) was sent SIGTERM!
[2026-01-18 07:44:05 +0000] [73249] [ERROR] Worker (pid:73253) was sent SIGTERM!
[2026-01-18 07:44:05 +0000] [73249] [ERROR] Worker (pid:73251) was sent SIGTERM!
[2026-01-18 07:44:05 +0000] [73249] [INFO] Shutting down: Master
[2026-01-18 07:44:05 +0000] [73274] [INFO] Starting gunicorn 23.0.0
[2026-01-18 07:44:05 +0000] [73274] [INFO] Listening at: unix:/home/ptahuser/ptah-studios/ptah-studios.sock (73274)
[2026-01-18 07:44:05 +0000] [73274] [INFO] Using worker: sync
[2026-01-18 07:44:05 +0000] [73275] [INFO] Booting worker with pid: 73275
[2026-01-18 07:44:05 +0000] [73276] [INFO] Booting worker with pid: 73276
[2026-01-18 07:44:05 +0000] [73277] [INFO] Booting worker with pid: 73277
[2026-01-18 07:44:12,917] ERROR in app: Context processor error: (sqlite3.OperationalError) no such table: project_assignments
[SQL: SELECT project_activities.id AS project_activities_id, project_activities.project_id AS project_activities_project_id, project_activities.user_id AS project_activities_user_id, project_activities.action AS project_activities_action, project_activities.timestamp AS project_activities_timestamp 
FROM project_activities JOIN project_assignments ON project_activities.project_id = project_assignments.project_id 
WHERE project_assignments.user_id = ? ORDER BY project_activities.timestamp DESC
 LIMIT ? OFFSET ?]
[parameters: (7, 10, 0)]
(Background on this error at: https://sqlalche.me/e/20/e3q8)
[2026-01-18 07:44:18,578] ERROR in app: Context processor error: (sqlite3.OperationalError) no such table: project_assignments
[SQL: SELECT project_activities.id AS project_activities_id, project_activities.project_id AS project_activities_project_id, project_activities.user_id AS project_activities_user_id, project_activities.action AS project_activities_action, project_activities.timestamp AS project_activities_timestamp 
FROM project_activities JOIN project_assignments ON project_activities.project_id = project_assignments.project_id 
WHERE project_assignments.user_id = ? ORDER BY project_activities.timestamp DESC
 LIMIT ? OFFSET ?]
[parameters: (7, 10, 0)]
(Background on this error at: https://sqlalche.me/e/20/e3q8)
[2026-01-18 07:44:21,178] ERROR in app: Context processor error: (sqlite3.OperationalError) no such table: project_assignments
[SQL: SELECT project_activities.id AS project_activities_id, project_activities.project_id AS project_activities_project_id, project_activities.user_id AS project_activities_user_id, project_activities.action AS project_activities_action, project_activities.timestamp AS project_activities_timestamp 
FROM project_activities JOIN project_assignments ON project_activities.project_id = project_assignments.project_id 
WHERE project_assignments.user_id = ? ORDER BY project_activities.timestamp DESC
 LIMIT ? OFFSET ?]
[parameters: (7, 10, 0)]
(Background on this error at: https://sqlalche.me/e/20/e3q8)
[2026-01-18 07:52:44 +0000] [73274] [INFO] Handling signal: term
[2026-01-18 07:52:44 +0000] [73275] [INFO] Worker exiting (pid: 73275)
[2026-01-18 07:52:44 +0000] [73277] [INFO] Worker exiting (pid: 73277)
[2026-01-18 07:52:44 +0000] [73276] [INFO] Worker exiting (pid: 73276)
[2026-01-18 07:52:44 +0000] [73274] [ERROR] Worker (pid:73275) was sent SIGTERM!
[2026-01-18 07:52:44 +0000] [73274] [ERROR] Worker (pid:73277) was sent SIGTERM!
[2026-01-18 07:52:44 +0000] [73274] [ERROR] Worker (pid:73276) was sent SIGTERM!
[2026-01-18 07:52:44 +0000] [73274] [INFO] Shutting down: Master
[2026-01-18 07:52:44 +0000] [73302] [INFO] Starting gunicorn 23.0.0
[2026-01-18 07:52:44 +0000] [73302] [INFO] Listening at: unix:/home/ptahuser/ptah-studios/ptah-studios.sock (73302)
[2026-01-18 07:52:44 +0000] [73302] [INFO] Using worker: sync
[2026-01-18 07:52:44 +0000] [73305] [INFO] Booting worker with pid: 73305
[2026-01-18 07:52:44 +0000] [73306] [INFO] Booting worker with pid: 73306
[2026-01-18 07:52:45 +0000] [73307] [INFO] Booting worker with pid: 73307
[2026-01-18 08:02:40 +0000] [73302] [INFO] Handling signal: term
[2026-01-18 08:02:40 +0000] [73305] [INFO] Worker exiting (pid: 73305)
[2026-01-18 08:02:40 +0000] [73307] [INFO] Worker exiting (pid: 73307)
[2026-01-18 08:02:40 +0000] [73306] [INFO] Worker exiting (pid: 73306)
[2026-01-18 08:02:40 +0000] [73302] [ERROR] Worker (pid:73305) was sent SIGTERM!
[2026-01-18 08:02:40 +0000] [73302] [ERROR] Worker (pid:73306) was sent SIGTERM!
[2026-01-18 08:02:40 +0000] [73302] [ERROR] Worker (pid:73307) was sent SIGTERM!
[2026-01-18 08:02:40 +0000] [73302] [INFO] Shutting down: Master
[2026-01-18 08:02:40 +0000] [73332] [INFO] Starting gunicorn 23.0.0
[2026-01-18 08:02:40 +0000] [73332] [INFO] Listening at: unix:/home/ptahuser/ptah-studios/ptah-studios.sock (73332)
[2026-01-18 08:02:40 +0000] [73332] [INFO] Using worker: sync
[2026-01-18 08:02:40 +0000] [73334] [INFO] Booting worker with pid: 73334
[2026-01-18 08:02:40 +0000] [73335] [INFO] Booting worker with pid: 73335
[2026-01-18 08:02:40 +0000] [73336] [INFO] Booting worker with pid: 73336
[2026-01-18 08:05:22,526] ERROR in app: Context processor error: (sqlite3.OperationalError) no such table: project_assignments
[SQL: SELECT project_activities.id AS project_activities_id, project_activities.project_id AS project_activities_project_id, project_activities.user_id AS project_activities_user_id, project_activities.action AS project_activities_action, project_activities.timestamp AS project_activities_timestamp 
FROM project_activities JOIN project_assignments ON project_activities.project_id = project_assignments.project_id 
WHERE project_assignments.user_id = ? ORDER BY project_activities.timestamp DESC
 LIMIT ? OFFSET ?]
[parameters: (6, 10, 0)]
(Background on this error at: https://sqlalche.me/e/20/e3q8)
[2026-01-18 08:05:30,682] ERROR in app: Context processor error: (sqlite3.OperationalError) no such table: project_assignments
[SQL: SELECT project_activities.id AS project_activities_id, project_activities.project_id AS project_activities_project_id, project_activities.user_id AS project_activities_user_id, project_activities.action AS project_activities_action, project_activities.timestamp AS project_activities_timestamp 
FROM project_activities JOIN project_assignments ON project_activities.project_id = project_assignments.project_id 
WHERE project_assignments.user_id = ? ORDER BY project_activities.timestamp DESC
 LIMIT ? OFFSET ?]
[parameters: (6, 10, 0)]
(Background on this error at: https://sqlalche.me/e/20/e3q8)
[2026-01-18 08:05:32,994] ERROR in app: Context processor error: (sqlite3.OperationalError) no such table: project_assignments
[SQL: SELECT project_activities.id AS project_activities_id, project_activities.project_id AS project_activities_project_id, project_activities.user_id AS project_activities_user_id, project_activities.action AS project_activities_action, project_activities.timestamp AS project_activities_timestamp 
FROM project_activities JOIN project_assignments ON project_activities.project_id = project_assignments.project_id 
WHERE project_assignments.user_id = ? ORDER BY project_activities.timestamp DESC
 LIMIT ? OFFSET ?]
[parameters: (6, 10, 0)]
(Background on this error at: https://sqlalche.me/e/20/e3q8)
[2026-01-18 08:05:38,512] ERROR in app: Context processor error: (sqlite3.OperationalError) no such table: project_assignments
[SQL: SELECT project_activities.id AS project_activities_id, project_activities.project_id AS project_activities_project_id, project_activities.user_id AS project_activities_user_id, project_activities.action AS project_activities_action, project_activities.timestamp AS project_activities_timestamp 
FROM project_activities JOIN project_assignments ON project_activities.project_id = project_assignments.project_id 
WHERE project_assignments.user_id = ? ORDER BY project_activities.timestamp DESC
 LIMIT ? OFFSET ?]
[parameters: (6, 10, 0)]
(Background on this error at: https://sqlalche.me/e/20/e3q8)
[2026-01-18 08:05:45,527] ERROR in app: Context processor error: (sqlite3.OperationalError) no such table: project_assignments
[SQL: SELECT project_activities.id AS project_activities_id, project_activities.project_id AS project_activities_project_id, project_activities.user_id AS project_activities_user_id, project_activities.action AS project_activities_action, project_activities.timestamp AS project_activities_timestamp 
FROM project_activities JOIN project_assignments ON project_activities.project_id = project_assignments.project_id 
WHERE project_assignments.user_id = ? ORDER BY project_activities.timestamp DESC
 LIMIT ? OFFSET ?]
[parameters: (6, 10, 0)]
(Background on this error at: https://sqlalche.me/e/20/e3q8)
[2026-01-18 08:05:46,065] ERROR in app: Context processor error: (sqlite3.OperationalError) no such table: project_assignments
[SQL: SELECT project_activities.id AS project_activities_id, project_activities.project_id AS project_activities_project_id, project_activities.user_id AS project_activities_user_id, project_activities.action AS project_activities_action, project_activities.timestamp AS project_activities_timestamp 
FROM project_activities JOIN project_assignments ON project_activities.project_id = project_assignments.project_id 
WHERE project_assignments.user_id = ? ORDER BY project_activities.timestamp DESC
 LIMIT ? OFFSET ?]
[parameters: (6, 10, 0)]
(Background on this error at: https://sqlalche.me/e/20/e3q8)
[2026-01-18 08:10:44 +0000] [73332] [INFO] Handling signal: term
[2026-01-18 08:10:44 +0000] [73334] [INFO] Worker exiting (pid: 73334)
[2026-01-18 08:10:44 +0000] [73335] [INFO] Worker exiting (pid: 73335)
[2026-01-18 08:10:44 +0000] [73336] [INFO] Worker exiting (pid: 73336)
[2026-01-18 08:10:44 +0000] [73332] [ERROR] Worker (pid:73336) was sent SIGTERM!
[2026-01-18 08:10:44 +0000] [73332] [ERROR] Worker (pid:73334) was sent SIGTERM!
[2026-01-18 08:10:44 +0000] [73332] [ERROR] Worker (pid:73335) was sent SIGTERM!
[2026-01-18 08:10:44 +0000] [73332] [INFO] Shutting down: Master
[2026-01-18 08:10:44 +0000] [73359] [INFO] Starting gunicorn 23.0.0
[2026-01-18 08:10:44 +0000] [73359] [INFO] Listening at: unix:/home/ptahuser/ptah-studios/ptah-studios.sock (73359)
[2026-01-18 08:10:44 +0000] [73359] [INFO] Using worker: sync
[2026-01-18 08:10:44 +0000] [73361] [INFO] Booting worker with pid: 73361
[2026-01-18 08:10:44 +0000] [73362] [INFO] Booting worker with pid: 73362
[2026-01-18 08:10:44 +0000] [73363] [INFO] Booting worker with pid: 73363
[2026-01-18 08:10:51,889] ERROR in app: Context processor error: (sqlite3.OperationalError) no such table: project_assignments
[SQL: SELECT project_activities.id AS project_activities_id, project_activities.project_id AS project_activities_project_id, project_activities.user_id AS project_activities_user_id, project_activities.action AS project_activities_action, project_activities.timestamp AS project_activities_timestamp 
FROM project_activities JOIN project_assignments ON project_activities.project_id = project_assignments.project_id 
WHERE project_assignments.user_id = ? ORDER BY project_activities.timestamp DESC
 LIMIT ? OFFSET ?]
[parameters: (6, 10, 0)]
(Background on this error at: https://sqlalche.me/e/20/e3q8)
[2026-01-18 08:10:57,432] ERROR in app: Context processor error: (sqlite3.OperationalError) no such table: project_assignments
[SQL: SELECT project_activities.id AS project_activities_id, project_activities.project_id AS project_activities_project_id, project_activities.user_id AS project_activities_user_id, project_activities.action AS project_activities_action, project_activities.timestamp AS project_activities_timestamp 
FROM project_activities JOIN project_assignments ON project_activities.project_id = project_assignments.project_id 
WHERE project_assignments.user_id = ? ORDER BY project_activities.timestamp DESC
 LIMIT ? OFFSET ?]
[parameters: (6, 10, 0)]
(Background on this error at: https://sqlalche.me/e/20/e3q8)
[2026-01-18 08:11:38,743] ERROR in app: Context processor error: (sqlite3.OperationalError) no such table: project_assignments
[SQL: SELECT project_activities.id AS project_activities_id, project_activities.project_id AS project_activities_project_id, project_activities.user_id AS project_activities_user_id, project_activities.action AS project_activities_action, project_activities.timestamp AS project_activities_timestamp 
FROM project_activities JOIN project_assignments ON project_activities.project_id = project_assignments.project_id 
WHERE project_assignments.user_id = ? ORDER BY project_activities.timestamp DESC
 LIMIT ? OFFSET ?]
[parameters: (6, 10, 0)]
(Background on this error at: https://sqlalche.me/e/20/e3q8)
[2026-01-18 08:12:58 +0000] [73359] [INFO] Handling signal: term
[2026-01-18 08:12:58 +0000] [73361] [INFO] Worker exiting (pid: 73361)
[2026-01-18 08:12:58 +0000] [73362] [INFO] Worker exiting (pid: 73362)
[2026-01-18 08:12:58 +0000] [73363] [INFO] Worker exiting (pid: 73363)
[2026-01-18 08:12:58 +0000] [73359] [ERROR] Worker (pid:73361) was sent SIGTERM!
[2026-01-18 08:12:58 +0000] [73359] [ERROR] Worker (pid:73363) was sent SIGTERM!
[2026-01-18 08:12:58 +0000] [73359] [ERROR] Worker (pid:73362) was sent SIGTERM!
[2026-01-18 08:12:58 +0000] [73359] [INFO] Shutting down: Master
[2026-01-18 08:12:58 +0000] [73374] [INFO] Starting gunicorn 23.0.0
[2026-01-18 08:12:58 +0000] [73374] [INFO] Listening at: unix:/home/ptahuser/ptah-studios/ptah-studios.sock (73374)
[2026-01-18 08:12:58 +0000] [73374] [INFO] Using worker: sync
[2026-01-18 08:12:58 +0000] [73376] [INFO] Booting worker with pid: 73376
[2026-01-18 08:12:58 +0000] [73377] [INFO] Booting worker with pid: 73377
[2026-01-18 08:12:58 +0000] [73378] [INFO] Booting worker with pid: 73378
[2026-01-18 08:13:00,182] ERROR in app: Context processor error: (sqlite3.OperationalError) no such table: project_assignments
[SQL: SELECT project_activities.id AS project_activities_id, project_activities.project_id AS project_activities_project_id, project_activities.user_id AS project_activities_user_id, project_activities.action AS project_activities_action, project_activities.timestamp AS project_activities_timestamp 
FROM project_activities JOIN project_assignments ON project_activities.project_id = project_assignments.project_id 
WHERE project_assignments.user_id = ? ORDER BY project_activities.timestamp DESC
 LIMIT ? OFFSET ?]
[parameters: (6, 10, 0)]
(Background on this error at: https://sqlalche.me/e/20/e3q8)
[2026-01-18 08:13:17,677] ERROR in app: Context processor error: (sqlite3.OperationalError) no such table: project_assignments
[SQL: SELECT project_activities.id AS project_activities_id, project_activities.project_id AS project_activities_project_id, project_activities.user_id AS project_activities_user_id, project_activities.action AS project_activities_action, project_activities.timestamp AS project_activities_timestamp 
FROM project_activities JOIN project_assignments ON project_activities.project_id = project_assignments.project_id 
WHERE project_assignments.user_id = ? ORDER BY project_activities.timestamp DESC
 LIMIT ? OFFSET ?]
[parameters: (6, 10, 0)]
(Background on this error at: https://sqlalche.me/e/20/e3q8)
[2026-01-18 08:13:47,068] ERROR in app: Context processor error: (sqlite3.OperationalError) no such table: project_assignments
[SQL: SELECT project_activities.id AS project_activities_id, project_activities.project_id AS project_activities_project_id, project_activities.user_id AS project_activities_user_id, project_activities.action AS project_activities_action, project_activities.timestamp AS project_activities_timestamp 
FROM project_activities JOIN project_assignments ON project_activities.project_id = project_assignments.project_id 
WHERE project_assignments.user_id = ? ORDER BY project_activities.timestamp DESC
 LIMIT ? OFFSET ?]
[parameters: (7, 10, 0)]
(Background on this error at: https://sqlalche.me/e/20/e3q8)
[2026-01-18 08:13:54,276] ERROR in app: Context processor error: (sqlite3.OperationalError) no such table: project_assignments
[SQL: SELECT project_activities.id AS project_activities_id, project_activities.project_id AS project_activities_project_id, project_activities.user_id AS project_activities_user_id, project_activities.action AS project_activities_action, project_activities.timestamp AS project_activities_timestamp 
FROM project_activities JOIN project_assignments ON project_activities.project_id = project_assignments.project_id 
WHERE project_assignments.user_id = ? ORDER BY project_activities.timestamp DESC
 LIMIT ? OFFSET ?]
[parameters: (7, 10, 0)]
(Background on this error at: https://sqlalche.me/e/20/e3q8)
[2026-01-18 08:13:57,107] ERROR in app: Context processor error: (sqlite3.OperationalError) no such table: project_assignments
[SQL: SELECT project_activities.id AS project_activities_id, project_activities.project_id AS project_activities_project_id, project_activities.user_id AS project_activities_user_id, project_activities.action AS project_activities_action, project_activities.timestamp AS project_activities_timestamp 
FROM project_activities JOIN project_assignments ON project_activities.project_id = project_assignments.project_id 
WHERE project_assignments.user_id = ? ORDER BY project_activities.timestamp DESC
 LIMIT ? OFFSET ?]
[parameters: (7, 10, 0)]
(Background on this error at: https://sqlalche.me/e/20/e3q8)
[2026-01-18 08:14:20,241] ERROR in app: Context processor error: (sqlite3.OperationalError) no such table: project_assignments
[SQL: SELECT project_activities.id AS project_activities_id, project_activities.project_id AS project_activities_project_id, project_activities.user_id AS project_activities_user_id, project_activities.action AS project_activities_action, project_activities.timestamp AS project_activities_timestamp 
FROM project_activities JOIN project_assignments ON project_activities.project_id = project_assignments.project_id 
WHERE project_assignments.user_id = ? ORDER BY project_activities.timestamp DESC
 LIMIT ? OFFSET ?]
[parameters: (7, 10, 0)]
(Background on this error at: https://sqlalche.me/e/20/e3q8)
[2026-01-18 08:14:26,191] ERROR in app: Context processor error: (sqlite3.OperationalError) no such table: project_assignments
[SQL: SELECT project_activities.id AS project_activities_id, project_activities.project_id AS project_activities_project_id, project_activities.user_id AS project_activities_user_id, project_activities.action AS project_activities_action, project_activities.timestamp AS project_activities_timestamp 
FROM project_activities JOIN project_assignments ON project_activities.project_id = project_assignments.project_id 
WHERE project_assignments.user_id = ? ORDER BY project_activities.timestamp DESC
 LIMIT ? OFFSET ?]
[parameters: (7, 10, 0)]
(Background on this error at: https://sqlalche.me/e/20/e3q8)
[2026-01-18 08:25:07 +0000] [73374] [INFO] Handling signal: term
[2026-01-18 08:25:07 +0000] [73376] [INFO] Worker exiting (pid: 73376)
[2026-01-18 08:25:07 +0000] [73378] [INFO] Worker exiting (pid: 73378)
[2026-01-18 08:25:07 +0000] [73377] [INFO] Worker exiting (pid: 73377)
[2026-01-18 08:25:07 +0000] [73374] [ERROR] Worker (pid:73378) was sent SIGTERM!
[2026-01-18 08:25:07 +0000] [73374] [ERROR] Worker (pid:73376) was sent SIGTERM!
[2026-01-18 08:25:07 +0000] [73374] [ERROR] Worker (pid:73377) was sent SIGTERM!
[2026-01-18 08:25:07 +0000] [73374] [INFO] Shutting down: Master
[2026-01-18 08:25:07 +0000] [73411] [INFO] Starting gunicorn 23.0.0
[2026-01-18 08:25:07 +0000] [73411] [INFO] Listening at: unix:/home/ptahuser/ptah-studios/ptah-studios.sock (73411)
[2026-01-18 08:25:07 +0000] [73411] [INFO] Using worker: sync
[2026-01-18 08:25:07 +0000] [73413] [INFO] Booting worker with pid: 73413
[2026-01-18 08:25:07 +0000] [73414] [INFO] Booting worker with pid: 73414
[2026-01-18 08:25:07 +0000] [73415] [INFO] Booting worker with pid: 73415
[2026-01-18 08:29:44 +0000] [73411] [INFO] Handling signal: term
[2026-01-18 08:29:44 +0000] [73413] [INFO] Worker exiting (pid: 73413)
[2026-01-18 08:29:44 +0000] [73414] [INFO] Worker exiting (pid: 73414)
[2026-01-18 08:29:44 +0000] [73415] [INFO] Worker exiting (pid: 73415)
[2026-01-18 08:29:44 +0000] [73411] [ERROR] Worker (pid:73413) was sent SIGTERM!
[2026-01-18 08:29:44 +0000] [73411] [ERROR] Worker (pid:73414) was sent SIGTERM!
[2026-01-18 08:29:44 +0000] [73411] [ERROR] Worker (pid:73415) was sent SIGTERM!
[2026-01-18 08:29:44 +0000] [73411] [INFO] Shutting down: Master
[2026-01-18 08:29:45 +0000] [73424] [INFO] Starting gunicorn 23.0.0
[2026-01-18 08:29:45 +0000] [73424] [INFO] Listening at: unix:/home/ptahuser/ptah-studios/ptah-studios.sock (73424)
[2026-01-18 08:29:45 +0000] [73424] [INFO] Using worker: sync
[2026-01-18 08:29:45 +0000] [73426] [INFO] Booting worker with pid: 73426
[2026-01-18 08:29:45 +0000] [73427] [INFO] Booting worker with pid: 73427
[2026-01-18 08:29:45 +0000] [73428] [INFO] Booting worker with pid: 73428
[2026-01-18 08:32:05 +0000] [73424] [INFO] Handling signal: term
[2026-01-18 08:32:05 +0000] [73426] [INFO] Worker exiting (pid: 73426)
[2026-01-18 08:32:05 +0000] [73427] [INFO] Worker exiting (pid: 73427)
[2026-01-18 08:32:05 +0000] [73428] [INFO] Worker exiting (pid: 73428)
[2026-01-18 08:32:05 +0000] [73424] [ERROR] Worker (pid:73426) was sent SIGTERM!
[2026-01-18 08:32:05 +0000] [73424] [ERROR] Worker (pid:73427) was sent SIGTERM!
[2026-01-18 08:32:05 +0000] [73424] [ERROR] Worker (pid:73428) was sent SIGTERM!
[2026-01-18 08:32:05 +0000] [73424] [INFO] Shutting down: Master
[2026-01-18 08:32:05 +0000] [73435] [INFO] Starting gunicorn 23.0.0
[2026-01-18 08:32:05 +0000] [73435] [INFO] Listening at: unix:/home/ptahuser/ptah-studios/ptah-studios.sock (73435)
[2026-01-18 08:32:05 +0000] [73435] [INFO] Using worker: sync
[2026-01-18 08:32:05 +0000] [73437] [INFO] Booting worker with pid: 73437
[2026-01-18 08:32:05 +0000] [73438] [INFO] Booting worker with pid: 73438
[2026-01-18 08:32:05 +0000] [73439] [INFO] Booting worker with pid: 73439
[2026-01-18 08:33:43,910] ERROR in app: Context processor error: (sqlite3.OperationalError) no such table: project_assignments
[SQL: SELECT project_activities.id AS project_activities_id, project_activities.project_id AS project_activities_project_id, project_activities.user_id AS project_activities_user_id, project_activities.action AS project_activities_action, project_activities.timestamp AS project_activities_timestamp 
FROM project_activities JOIN project_assignments ON project_activities.project_id = project_assignments.project_id 
WHERE project_assignments.user_id = ? ORDER BY project_activities.timestamp DESC
 LIMIT ? OFFSET ?]
[parameters: (7, 10, 0)]
(Background on this error at: https://sqlalche.me/e/20/e3q8)
[2026-01-18 08:33:45,592] ERROR in app: Context processor error: (sqlite3.OperationalError) no such table: project_assignments
[SQL: SELECT project_activities.id AS project_activities_id, project_activities.project_id AS project_activities_project_id, project_activities.user_id AS project_activities_user_id, project_activities.action AS project_activities_action, project_activities.timestamp AS project_activities_timestamp 
FROM project_activities JOIN project_assignments ON project_activities.project_id = project_assignments.project_id 
WHERE project_assignments.user_id = ? ORDER BY project_activities.timestamp DESC
 LIMIT ? OFFSET ?]
[parameters: (7, 10, 0)]
(Background on this error at: https://sqlalche.me/e/20/e3q8)
[2026-01-18 12:22:14 +0000] [73437] [INFO] Worker exiting (pid: 73437)
[2026-01-18 12:22:14 +0000] [73438] [INFO] Worker exiting (pid: 73438)
[2026-01-18 12:22:14 +0000] [73439] [INFO] Worker exiting (pid: 73439)
[2026-01-18 12:22:14 +0000] [73435] [INFO] Handling signal: term
[2026-01-18 12:22:14 +0000] [73435] [ERROR] Worker (pid:73438) was sent SIGTERM!
[2026-01-18 12:22:14 +0000] [73435] [ERROR] Worker (pid:73439) was sent SIGTERM!
[2026-01-18 12:22:14 +0000] [73435] [ERROR] Worker (pid:73437) was sent SIGTERM!
[2026-01-18 12:22:14 +0000] [73435] [INFO] Shutting down: Master
[2026-01-18 12:22:15 +0000] [74234] [INFO] Starting gunicorn 23.0.0
[2026-01-18 12:22:15 +0000] [74234] [INFO] Listening at: unix:/home/ptahuser/ptah-studios/ptah-studios.sock (74234)
[2026-01-18 12:22:15 +0000] [74234] [INFO] Using worker: sync
[2026-01-18 12:22:15 +0000] [74236] [INFO] Booting worker with pid: 74236
[2026-01-18 12:22:15 +0000] [74237] [INFO] Booting worker with pid: 74237
[2026-01-18 12:22:15 +0000] [74238] [INFO] Booting worker with pid: 74238
[2026-01-18 12:23:49 +0000] [74234] [INFO] Handling signal: term
[2026-01-18 12:23:49 +0000] [74236] [INFO] Worker exiting (pid: 74236)
[2026-01-18 12:23:49 +0000] [74237] [INFO] Worker exiting (pid: 74237)
[2026-01-18 12:23:49 +0000] [74238] [INFO] Worker exiting (pid: 74238)
[2026-01-18 12:23:49 +0000] [74234] [ERROR] Worker (pid:74236) was sent SIGTERM!
[2026-01-18 12:23:49 +0000] [74234] [ERROR] Worker (pid:74238) was sent SIGTERM!
[2026-01-18 12:23:49 +0000] [74234] [ERROR] Worker (pid:74237) was sent SIGTERM!
[2026-01-18 12:23:49 +0000] [74234] [INFO] Shutting down: Master
[2026-01-18 12:23:49 +0000] [74303] [INFO] Starting gunicorn 23.0.0
[2026-01-18 12:23:49 +0000] [74303] [INFO] Listening at: unix:/home/ptahuser/ptah-studios/ptah-studios.sock (74303)
[2026-01-18 12:23:49 +0000] [74303] [INFO] Using worker: sync
[2026-01-18 12:23:49 +0000] [74304] [INFO] Booting worker with pid: 74304
[2026-01-18 12:23:49 +0000] [74305] [INFO] Booting worker with pid: 74305
[2026-01-18 12:23:49 +0000] [74306] [INFO] Booting worker with pid: 74306
[2026-01-18 12:26:20 +0000] [74303] [INFO] Handling signal: term
[2026-01-18 12:26:20 +0000] [74304] [INFO] Worker exiting (pid: 74304)
[2026-01-18 12:26:20 +0000] [74305] [INFO] Worker exiting (pid: 74305)
[2026-01-18 12:26:20 +0000] [74306] [INFO] Worker exiting (pid: 74306)
[2026-01-18 12:26:20 +0000] [74303] [ERROR] Worker (pid:74304) was sent SIGTERM!
[2026-01-18 12:26:20 +0000] [74303] [ERROR] Worker (pid:74306) was sent SIGTERM!
[2026-01-18 12:26:20 +0000] [74303] [ERROR] Worker (pid:74305) was sent SIGTERM!
[2026-01-18 12:26:20 +0000] [74303] [INFO] Shutting down: Master
[2026-01-18 12:26:21 +0000] [74542] [INFO] Starting gunicorn 23.0.0
[2026-01-18 12:26:21 +0000] [74542] [INFO] Listening at: unix:/home/ptahuser/ptah-studios/ptah-studios.sock (74542)
[2026-01-18 12:26:21 +0000] [74542] [INFO] Using worker: sync
[2026-01-18 12:26:21 +0000] [74543] [INFO] Booting worker with pid: 74543
[2026-01-18 12:26:21 +0000] [74544] [INFO] Booting worker with pid: 74544
[2026-01-18 12:26:21 +0000] [74545] [INFO] Booting worker with pid: 74545
[2026-01-18 12:27:20,321] ERROR in app: Context processor error: (sqlite3.OperationalError) no such table: project_assignments
[SQL: SELECT project_activities.id AS project_activities_id, project_activities.project_id AS project_activities_project_id, project_activities.user_id AS project_activities_user_id, project_activities.action AS project_activities_action, project_activities.timestamp AS project_activities_timestamp 
FROM project_activities JOIN project_assignments ON project_activities.project_id = project_assignments.project_id 
WHERE project_assignments.user_id = ? ORDER BY project_activities.timestamp DESC
 LIMIT ? OFFSET ?]
[parameters: (7, 10, 0)]
(Background on this error at: https://sqlalche.me/e/20/e3q8)
[2026-01-18 12:27:20,873] ERROR in app: Context processor error: (sqlite3.OperationalError) no such table: project_assignments
[SQL: SELECT project_activities.id AS project_activities_id, project_activities.project_id AS project_activities_project_id, project_activities.user_id AS project_activities_user_id, project_activities.action AS project_activities_action, project_activities.timestamp AS project_activities_timestamp 
FROM project_activities JOIN project_assignments ON project_activities.project_id = project_assignments.project_id 
WHERE project_assignments.user_id = ? ORDER BY project_activities.timestamp DESC
 LIMIT ? OFFSET ?]
[parameters: (7, 10, 0)]
(Background on this error at: https://sqlalche.me/e/20/e3q8)
[2026-01-18 12:27:28,960] ERROR in app: Context processor error: (sqlite3.OperationalError) no such table: project_assignments
[SQL: SELECT project_activities.id AS project_activities_id, project_activities.project_id AS project_activities_project_id, project_activities.user_id AS project_activities_user_id, project_activities.action AS project_activities_action, project_activities.timestamp AS project_activities_timestamp 
FROM project_activities JOIN project_assignments ON project_activities.project_id = project_assignments.project_id 
WHERE project_assignments.user_id = ? ORDER BY project_activities.timestamp DESC
 LIMIT ? OFFSET ?]
[parameters: (7, 10, 0)]
(Background on this error at: https://sqlalche.me/e/20/e3q8)
[2026-01-18 12:29:00,812] ERROR in app: Context processor error: (sqlite3.OperationalError) no such table: project_assignments
[SQL: SELECT project_activities.id AS project_activities_id, project_activities.project_id AS project_activities_project_id, project_activities.user_id AS project_activities_user_id, project_activities.action AS project_activities_action, project_activities.timestamp AS project_activities_timestamp 
FROM project_activities JOIN project_assignments ON project_activities.project_id = project_assignments.project_id 
WHERE project_assignments.user_id = ? ORDER BY project_activities.timestamp DESC
 LIMIT ? OFFSET ?]
[parameters: (7, 10, 0)]
(Background on this error at: https://sqlalche.me/e/20/e3q8)
[2026-01-18 12:29:07,641] ERROR in app: Context processor error: (sqlite3.OperationalError) no such table: project_assignments
[SQL: SELECT project_activities.id AS project_activities_id, project_activities.project_id AS project_activities_project_id, project_activities.user_id AS project_activities_user_id, project_activities.action AS project_activities_action, project_activities.timestamp AS project_activities_timestamp 
FROM project_activities JOIN project_assignments ON project_activities.project_id = project_assignments.project_id 
WHERE project_assignments.user_id = ? ORDER BY project_activities.timestamp DESC
 LIMIT ? OFFSET ?]
[parameters: (7, 10, 0)]
(Background on this error at: https://sqlalche.me/e/20/e3q8)
[2026-01-18 12:34:15 +0000] [74542] [INFO] Handling signal: term
[2026-01-18 12:34:15 +0000] [74544] [INFO] Worker exiting (pid: 74544)
[2026-01-18 12:34:15 +0000] [74545] [INFO] Worker exiting (pid: 74545)
[2026-01-18 12:34:15 +0000] [74543] [INFO] Worker exiting (pid: 74543)
[2026-01-18 12:34:15 +0000] [74542] [ERROR] Worker (pid:74544) was sent SIGTERM!
[2026-01-18 12:34:15 +0000] [74542] [ERROR] Worker (pid:74545) was sent SIGTERM!
[2026-01-18 12:34:15 +0000] [74542] [INFO] Shutting down: Master
[2026-01-18 12:34:15 +0000] [74556] [INFO] Starting gunicorn 23.0.0
[2026-01-18 12:34:15 +0000] [74556] [INFO] Listening at: unix:/home/ptahuser/ptah-studios/ptah-studios.sock (74556)
[2026-01-18 12:34:15 +0000] [74556] [INFO] Using worker: sync
[2026-01-18 12:34:15 +0000] [74557] [INFO] Booting worker with pid: 74557
[2026-01-18 12:34:15 +0000] [74558] [INFO] Booting worker with pid: 74558
[2026-01-18 12:34:15 +0000] [74559] [INFO] Booting worker with pid: 74559
[2026-01-18 12:34:28,086] ERROR in app: Context processor error: (sqlite3.OperationalError) no such table: project_assignments
[SQL: SELECT project_activities.id AS project_activities_id, project_activities.project_id AS project_activities_project_id, project_activities.user_id AS project_activities_user_id, project_activities.action AS project_activities_action, project_activities.timestamp AS project_activities_timestamp 
FROM project_activities JOIN project_assignments ON project_activities.project_id = project_assignments.project_id 
WHERE project_assignments.user_id = ? ORDER BY project_activities.timestamp DESC
 LIMIT ? OFFSET ?]
[parameters: (7, 10, 0)]
(Background on this error at: https://sqlalche.me/e/20/e3q8)
[2026-01-18 12:34:38,724] ERROR in app: Context processor error: (sqlite3.OperationalError) no such table: project_assignments
[SQL: SELECT project_activities.id AS project_activities_id, project_activities.project_id AS project_activities_project_id, project_activities.user_id AS project_activities_user_id, project_activities.action AS project_activities_action, project_activities.timestamp AS project_activities_timestamp 
FROM project_activities JOIN project_assignments ON project_activities.project_id = project_assignments.project_id 
WHERE project_assignments.user_id = ? ORDER BY project_activities.timestamp DESC
 LIMIT ? OFFSET ?]
[parameters: (7, 10, 0)]
(Background on this error at: https://sqlalche.me/e/20/e3q8)
[2026-01-18 12:37:21 +0000] [74556] [INFO] Handling signal: term
[2026-01-18 12:37:21 +0000] [74557] [INFO] Worker exiting (pid: 74557)
[2026-01-18 12:37:21 +0000] [74558] [INFO] Worker exiting (pid: 74558)
[2026-01-18 12:37:21 +0000] [74559] [INFO] Worker exiting (pid: 74559)
[2026-01-18 12:37:21 +0000] [74556] [ERROR] Worker (pid:74557) was sent SIGTERM!
[2026-01-18 12:37:21 +0000] [74556] [ERROR] Worker (pid:74559) was sent SIGTERM!
[2026-01-18 12:37:21 +0000] [74556] [ERROR] Worker (pid:74558) was sent SIGTERM!
[2026-01-18 12:37:21 +0000] [74556] [INFO] Shutting down: Master
[2026-01-18 12:37:21 +0000] [74570] [INFO] Starting gunicorn 23.0.0
[2026-01-18 12:37:21 +0000] [74570] [INFO] Listening at: unix:/home/ptahuser/ptah-studios/ptah-studios.sock (74570)
[2026-01-18 12:37:21 +0000] [74570] [INFO] Using worker: sync
[2026-01-18 12:37:21 +0000] [74572] [INFO] Booting worker with pid: 74572
[2026-01-18 12:37:21 +0000] [74573] [INFO] Booting worker with pid: 74573
[2026-01-18 12:37:21 +0000] [74574] [INFO] Booting worker with pid: 74574
[2026-01-18 12:37:39,512] ERROR in app: Context processor error: (sqlite3.OperationalError) no such table: project_assignments
[SQL: SELECT project_activities.id AS project_activities_id, project_activities.project_id AS project_activities_project_id, project_activities.user_id AS project_activities_user_id, project_activities.action AS project_activities_action, project_activities.timestamp AS project_activities_timestamp 
FROM project_activities JOIN project_assignments ON project_activities.project_id = project_assignments.project_id 
WHERE project_assignments.user_id = ? ORDER BY project_activities.timestamp DESC
 LIMIT ? OFFSET ?]
[parameters: (7, 10, 0)]
(Background on this error at: https://sqlalche.me/e/20/e3q8)
[2026-01-18 12:38:02,054] ERROR in app: Context processor error: (sqlite3.OperationalError) no such table: project_assignments
[SQL: SELECT project_activities.id AS project_activities_id, project_activities.project_id AS project_activities_project_id, project_activities.user_id AS project_activities_user_id, project_activities.action AS project_activities_action, project_activities.timestamp AS project_activities_timestamp 
FROM project_activities JOIN project_assignments ON project_activities.project_id = project_assignments.project_id 
WHERE project_assignments.user_id = ? ORDER BY project_activities.timestamp DESC
 LIMIT ? OFFSET ?]
[parameters: (7, 10, 0)]
(Background on this error at: https://sqlalche.me/e/20/e3q8)
[2026-01-18 12:38:12,498] ERROR in app: Context processor error: (sqlite3.OperationalError) no such table: project_assignments
[SQL: SELECT project_activities.id AS project_activities_id, project_activities.project_id AS project_activities_project_id, project_activities.user_id AS project_activities_user_id, project_activities.action AS project_activities_action, project_activities.timestamp AS project_activities_timestamp 
FROM project_activities JOIN project_assignments ON project_activities.project_id = project_assignments.project_id 
WHERE project_assignments.user_id = ? ORDER BY project_activities.timestamp DESC
 LIMIT ? OFFSET ?]
[parameters: (7, 10, 0)]
(Background on this error at: https://sqlalche.me/e/20/e3q8)
[2026-01-18 12:38:22,248] ERROR in app: Context processor error: (sqlite3.OperationalError) no such table: project_assignments
[SQL: SELECT project_activities.id AS project_activities_id, project_activities.project_id AS project_activities_project_id, project_activities.user_id AS project_activities_user_id, project_activities.action AS project_activities_action, project_activities.timestamp AS project_activities_timestamp 
FROM project_activities JOIN project_assignments ON project_activities.project_id = project_assignments.project_id 
WHERE project_assignments.user_id = ? ORDER BY project_activities.timestamp DESC
 LIMIT ? OFFSET ?]
[parameters: (7, 10, 0)]
(Background on this error at: https://sqlalche.me/e/20/e3q8)
[2026-01-18 12:38:29,257] ERROR in app: Context processor error: (sqlite3.OperationalError) no such table: project_assignments
[SQL: SELECT project_activities.id AS project_activities_id, project_activities.project_id AS project_activities_project_id, project_activities.user_id AS project_activities_user_id, project_activities.action AS project_activities_action, project_activities.timestamp AS project_activities_timestamp 
FROM project_activities JOIN project_assignments ON project_activities.project_id = project_assignments.project_id 
WHERE project_assignments.user_id = ? ORDER BY project_activities.timestamp DESC
 LIMIT ? OFFSET ?]
[parameters: (7, 10, 0)]
(Background on this error at: https://sqlalche.me/e/20/e3q8)
[2026-01-18 12:38:34,563] ERROR in app: Context processor error: (sqlite3.OperationalError) no such table: project_assignments
[SQL: SELECT project_activities.id AS project_activities_id, project_activities.project_id AS project_activities_project_id, project_activities.user_id AS project_activities_user_id, project_activities.action AS project_activities_action, project_activities.timestamp AS project_activities_timestamp 
FROM project_activities JOIN project_assignments ON project_activities.project_id = project_assignments.project_id 
WHERE project_assignments.user_id = ? ORDER BY project_activities.timestamp DESC
 LIMIT ? OFFSET ?]
[parameters: (7, 10, 0)]
(Background on this error at: https://sqlalche.me/e/20/e3q8)
[2026-01-18 12:39:22 +0000] [74570] [INFO] Handling signal: term
[2026-01-18 12:39:22 +0000] [74572] [INFO] Worker exiting (pid: 74572)
[2026-01-18 12:39:22 +0000] [74573] [INFO] Worker exiting (pid: 74573)
[2026-01-18 12:39:22 +0000] [74574] [INFO] Worker exiting (pid: 74574)
[2026-01-18 12:39:22 +0000] [74570] [ERROR] Worker (pid:74572) was sent SIGTERM!
[2026-01-18 12:39:22 +0000] [74570] [ERROR] Worker (pid:74574) was sent SIGTERM!
[2026-01-18 12:39:22 +0000] [74570] [ERROR] Worker (pid:74573) was sent SIGTERM!
[2026-01-18 12:39:22 +0000] [74570] [INFO] Shutting down: Master
[2026-01-18 12:39:22 +0000] [74581] [INFO] Starting gunicorn 23.0.0
[2026-01-18 12:39:22 +0000] [74581] [INFO] Listening at: unix:/home/ptahuser/ptah-studios/ptah-studios.sock (74581)
[2026-01-18 12:39:22 +0000] [74581] [INFO] Using worker: sync
[2026-01-18 12:39:22 +0000] [74583] [INFO] Booting worker with pid: 74583
[2026-01-18 12:39:22 +0000] [74584] [INFO] Booting worker with pid: 74584
[2026-01-18 12:39:22 +0000] [74585] [INFO] Booting worker with pid: 74585
[2026-01-18 12:39:24,021] ERROR in app: Context processor error: (sqlite3.OperationalError) no such table: project_assignments
[SQL: SELECT project_activities.id AS project_activities_id, project_activities.project_id AS project_activities_project_id, project_activities.user_id AS project_activities_user_id, project_activities.action AS project_activities_action, project_activities.timestamp AS project_activities_timestamp 
FROM project_activities JOIN project_assignments ON project_activities.project_id = project_assignments.project_id 
WHERE project_assignments.user_id = ? ORDER BY project_activities.timestamp DESC
 LIMIT ? OFFSET ?]
[parameters: (7, 10, 0)]
(Background on this error at: https://sqlalche.me/e/20/e3q8)
[2026-01-18 12:39:30,137] ERROR in app: Context processor error: (sqlite3.OperationalError) no such table: project_assignments
[SQL: SELECT project_activities.id AS project_activities_id, project_activities.project_id AS project_activities_project_id, project_activities.user_id AS project_activities_user_id, project_activities.action AS project_activities_action, project_activities.timestamp AS project_activities_timestamp 
FROM project_activities JOIN project_assignments ON project_activities.project_id = project_assignments.project_id 
WHERE project_assignments.user_id = ? ORDER BY project_activities.timestamp DESC
 LIMIT ? OFFSET ?]
[parameters: (7, 10, 0)]
(Background on this error at: https://sqlalche.me/e/20/e3q8)
[2026-01-18 12:39:45,683] ERROR in app: Context processor error: (sqlite3.OperationalError) no such table: project_assignments
[SQL: SELECT project_activities.id AS project_activities_id, project_activities.project_id AS project_activities_project_id, project_activities.user_id AS project_activities_user_id, project_activities.action AS project_activities_action, project_activities.timestamp AS project_activities_timestamp 
FROM project_activities JOIN project_assignments ON project_activities.project_id = project_assignments.project_id 
WHERE project_assignments.user_id = ? ORDER BY project_activities.timestamp DESC
 LIMIT ? OFFSET ?]
[parameters: (7, 10, 0)]
(Background on this error at: https://sqlalche.me/e/20/e3q8)
[2026-01-18 12:40:00,427] ERROR in app: Context processor error: (sqlite3.OperationalError) no such table: project_assignments
[SQL: SELECT project_activities.id AS project_activities_id, project_activities.project_id AS project_activities_project_id, project_activities.user_id AS project_activities_user_id, project_activities.action AS project_activities_action, project_activities.timestamp AS project_activities_timestamp 
FROM project_activities JOIN project_assignments ON project_activities.project_id = project_assignments.project_id 
WHERE project_assignments.user_id = ? ORDER BY project_activities.timestamp DESC
 LIMIT ? OFFSET ?]
[parameters: (7, 10, 0)]
(Background on this error at: https://sqlalche.me/e/20/e3q8)
[2026-01-18 12:40:18,883] ERROR in app: Context processor error: (sqlite3.OperationalError) no such table: project_assignments
[SQL: SELECT project_activities.id AS project_activities_id, project_activities.project_id AS project_activities_project_id, project_activities.user_id AS project_activities_user_id, project_activities.action AS project_activities_action, project_activities.timestamp AS project_activities_timestamp 
FROM project_activities JOIN project_assignments ON project_activities.project_id = project_assignments.project_id 
WHERE project_assignments.user_id = ? ORDER BY project_activities.timestamp DESC
 LIMIT ? OFFSET ?]
[parameters: (7, 10, 0)]
(Background on this error at: https://sqlalche.me/e/20/e3q8)
[2026-01-18 13:10:25,994] ERROR in app: Context processor error: (sqlite3.OperationalError) no such table: project_assignments
[SQL: SELECT project_activities.id AS project_activities_id, project_activities.project_id AS project_activities_project_id, project_activities.user_id AS project_activities_user_id, project_activities.action AS project_activities_action, project_activities.timestamp AS project_activities_timestamp 
FROM project_activities JOIN project_assignments ON project_activities.project_id = project_assignments.project_id 
WHERE project_assignments.user_id = ? ORDER BY project_activities.timestamp DESC
 LIMIT ? OFFSET ?]
[parameters: (8, 10, 0)]
(Background on this error at: https://sqlalche.me/e/20/e3q8)
[2026-01-18 13:10:35,937] ERROR in app: Context processor error: (sqlite3.OperationalError) no such table: project_assignments
[SQL: SELECT project_activities.id AS project_activities_id, project_activities.project_id AS project_activities_project_id, project_activities.user_id AS project_activities_user_id, project_activities.action AS project_activities_action, project_activities.timestamp AS project_activities_timestamp 
FROM project_activities JOIN project_assignments ON project_activities.project_id = project_assignments.project_id 
WHERE project_assignments.user_id = ? ORDER BY project_activities.timestamp DESC
 LIMIT ? OFFSET ?]
[parameters: (8, 10, 0)]
(Background on this error at: https://sqlalche.me/e/20/e3q8)
[2026-01-18 13:10:36,177] ERROR in app: Context processor error: (sqlite3.OperationalError) no such table: project_assignments
[SQL: SELECT project_activities.id AS project_activities_id, project_activities.project_id AS project_activities_project_id, project_activities.user_id AS project_activities_user_id, project_activities.action AS project_activities_action, project_activities.timestamp AS project_activities_timestamp 
FROM project_activities JOIN project_assignments ON project_activities.project_id = project_assignments.project_id 
WHERE project_assignments.user_id = ? ORDER BY project_activities.timestamp DESC
 LIMIT ? OFFSET ?]
[parameters: (8, 10, 0)]
(Background on this error at: https://sqlalche.me/e/20/e3q8)
[2026-01-18 13:10:53,328] ERROR in app: Context processor error: (sqlite3.OperationalError) no such table: project_assignments
[SQL: SELECT project_activities.id AS project_activities_id, project_activities.project_id AS project_activities_project_id, project_activities.user_id AS project_activities_user_id, project_activities.action AS project_activities_action, project_activities.timestamp AS project_activities_timestamp 
FROM project_activities JOIN project_assignments ON project_activities.project_id = project_assignments.project_id 
WHERE project_assignments.user_id = ? ORDER BY project_activities.timestamp DESC
 LIMIT ? OFFSET ?]
[parameters: (8, 10, 0)]
(Background on this error at: https://sqlalche.me/e/20/e3q8)
[2026-01-18 13:10:56,734] ERROR in app: Context processor error: (sqlite3.OperationalError) no such table: project_assignments
[SQL: SELECT project_activities.id AS project_activities_id, project_activities.project_id AS project_activities_project_id, project_activities.user_id AS project_activities_user_id, project_activities.action AS project_activities_action, project_activities.timestamp AS project_activities_timestamp 
FROM project_activities JOIN project_assignments ON project_activities.project_id = project_assignments.project_id 
WHERE project_assignments.user_id = ? ORDER BY project_activities.timestamp DESC
 LIMIT ? OFFSET ?]
[parameters: (8, 10, 0)]
(Background on this error at: https://sqlalche.me/e/20/e3q8)
[2026-01-18 13:11:00,655] ERROR in app: Context processor error: (sqlite3.OperationalError) no such table: project_assignments
[SQL: SELECT project_activities.id AS project_activities_id, project_activities.project_id AS project_activities_project_id, project_activities.user_id AS project_activities_user_id, project_activities.action AS project_activities_action, project_activities.timestamp AS project_activities_timestamp 
FROM project_activities JOIN project_assignments ON project_activities.project_id = project_assignments.project_id 
WHERE project_assignments.user_id = ? ORDER BY project_activities.timestamp DESC
 LIMIT ? OFFSET ?]
[parameters: (8, 10, 0)]
(Background on this error at: https://sqlalche.me/e/20/e3q8)
[2026-01-18 13:11:03,088] ERROR in app: Context processor error: (sqlite3.OperationalError) no such table: project_assignments
[SQL: SELECT project_activities.id AS project_activities_id, project_activities.project_id AS project_activities_project_id, project_activities.user_id AS project_activities_user_id, project_activities.action AS project_activities_action, project_activities.timestamp AS project_activities_timestamp 
FROM project_activities JOIN project_assignments ON project_activities.project_id = project_assignments.project_id 
WHERE project_assignments.user_id = ? ORDER BY project_activities.timestamp DESC
 LIMIT ? OFFSET ?]
[parameters: (8, 10, 0)]
(Background on this error at: https://sqlalche.me/e/20/e3q8)
[2026-01-18 13:11:04,398] ERROR in app: Context processor error: (sqlite3.OperationalError) no such table: project_assignments
[SQL: SELECT project_activities.id AS project_activities_id, project_activities.project_id AS project_activities_project_id, project_activities.user_id AS project_activities_user_id, project_activities.action AS project_activities_action, project_activities.timestamp AS project_activities_timestamp 
FROM project_activities JOIN project_assignments ON project_activities.project_id = project_assignments.project_id 
WHERE project_assignments.user_id = ? ORDER BY project_activities.timestamp DESC
 LIMIT ? OFFSET ?]
[parameters: (8, 10, 0)]
(Background on this error at: https://sqlalche.me/e/20/e3q8)
[2026-01-18 13:11:05,363] ERROR in app: Context processor error: (sqlite3.OperationalError) no such table: project_assignments
[SQL: SELECT project_activities.id AS project_activities_id, project_activities.project_id AS project_activities_project_id, project_activities.user_id AS project_activities_user_id, project_activities.action AS project_activities_action, project_activities.timestamp AS project_activities_timestamp 
FROM project_activities JOIN project_assignments ON project_activities.project_id = project_assignments.project_id 
WHERE project_assignments.user_id = ? ORDER BY project_activities.timestamp DESC
 LIMIT ? OFFSET ?]
[parameters: (8, 10, 0)]
(Background on this error at: https://sqlalche.me/e/20/e3q8)
[2026-01-18 13:11:07,918] ERROR in app: Context processor error: (sqlite3.OperationalError) no such table: project_assignments
[SQL: SELECT project_activities.id AS project_activities_id, project_activities.project_id AS project_activities_project_id, project_activities.user_id AS project_activities_user_id, project_activities.action AS project_activities_action, project_activities.timestamp AS project_activities_timestamp 
FROM project_activities JOIN project_assignments ON project_activities.project_id = project_assignments.project_id 
WHERE project_assignments.user_id = ? ORDER BY project_activities.timestamp DESC
 LIMIT ? OFFSET ?]
[parameters: (8, 10, 0)]
(Background on this error at: https://sqlalche.me/e/20/e3q8)
[2026-01-18 13:11:11,599] ERROR in app: Context processor error: (sqlite3.OperationalError) no such table: project_assignments
[SQL: SELECT project_activities.id AS project_activities_id, project_activities.project_id AS project_activities_project_id, project_activities.user_id AS project_activities_user_id, project_activities.action AS project_activities_action, project_activities.timestamp AS project_activities_timestamp 
FROM project_activities JOIN project_assignments ON project_activities.project_id = project_assignments.project_id 
WHERE project_assignments.user_id = ? ORDER BY project_activities.timestamp DESC
 LIMIT ? OFFSET ?]
[parameters: (8, 10, 0)]
(Background on this error at: https://sqlalche.me/e/20/e3q8)
[2026-01-18 13:11:32,401] ERROR in app: Context processor error: (sqlite3.OperationalError) no such table: project_assignments
[SQL: SELECT project_activities.id AS project_activities_id, project_activities.project_id AS project_activities_project_id, project_activities.user_id AS project_activities_user_id, project_activities.action AS project_activities_action, project_activities.timestamp AS project_activities_timestamp 
FROM project_activities JOIN project_assignments ON project_activities.project_id = project_assignments.project_id 
WHERE project_assignments.user_id = ? ORDER BY project_activities.timestamp DESC
 LIMIT ? OFFSET ?]
[parameters: (8, 10, 0)]
(Background on this error at: https://sqlalche.me/e/20/e3q8)
[2026-01-18 13:11:55,109] ERROR in app: Context processor error: (sqlite3.OperationalError) no such table: project_assignments
[SQL: SELECT project_activities.id AS project_activities_id, project_activities.project_id AS project_activities_project_id, project_activities.user_id AS project_activities_user_id, project_activities.action AS project_activities_action, project_activities.timestamp AS project_activities_timestamp 
FROM project_activities JOIN project_assignments ON project_activities.project_id = project_assignments.project_id 
WHERE project_assignments.user_id = ? ORDER BY project_activities.timestamp DESC
 LIMIT ? OFFSET ?]
[parameters: (8, 10, 0)]
(Background on this error at: https://sqlalche.me/e/20/e3q8)
[2026-01-18 13:13:54,044] ERROR in app: Context processor error: (sqlite3.OperationalError) no such table: project_assignments
[SQL: SELECT project_activities.id AS project_activities_id, project_activities.project_id AS project_activities_project_id, project_activities.user_id AS project_activities_user_id, project_activities.action AS project_activities_action, project_activities.timestamp AS project_activities_timestamp 
FROM project_activities JOIN project_assignments ON project_activities.project_id = project_assignments.project_id 
WHERE project_assignments.user_id = ? ORDER BY project_activities.timestamp DESC
 LIMIT ? OFFSET ?]
[parameters: (8, 10, 0)]
(Background on this error at: https://sqlalche.me/e/20/e3q8)
[2026-01-18 13:14:07,059] ERROR in app: Context processor error: (sqlite3.OperationalError) no such table: project_assignments
[SQL: SELECT project_activities.id AS project_activities_id, project_activities.project_id AS project_activities_project_id, project_activities.user_id AS project_activities_user_id, project_activities.action AS project_activities_action, project_activities.timestamp AS project_activities_timestamp 
FROM project_activities JOIN project_assignments ON project_activities.project_id = project_assignments.project_id 
WHERE project_assignments.user_id = ? ORDER BY project_activities.timestamp DESC
 LIMIT ? OFFSET ?]
[parameters: (8, 10, 0)]
(Background on this error at: https://sqlalche.me/e/20/e3q8)
[2026-01-18 13:14:12,707] ERROR in app: Context processor error: (sqlite3.OperationalError) no such table: project_assignments
[SQL: SELECT project_activities.id AS project_activities_id, project_activities.project_id AS project_activities_project_id, project_activities.user_id AS project_activities_user_id, project_activities.action AS project_activities_action, project_activities.timestamp AS project_activities_timestamp 
FROM project_activities JOIN project_assignments ON project_activities.project_id = project_assignments.project_id 
WHERE project_assignments.user_id = ? ORDER BY project_activities.timestamp DESC
 LIMIT ? OFFSET ?]
[parameters: (8, 10, 0)]
(Background on this error at: https://sqlalche.me/e/20/e3q8)
[2026-01-18 13:16:10,096] ERROR in app: Context processor error: (sqlite3.OperationalError) no such table: project_assignments
[SQL: SELECT project_activities.id AS project_activities_id, project_activities.project_id AS project_activities_project_id, project_activities.user_id AS project_activities_user_id, project_activities.action AS project_activities_action, project_activities.timestamp AS project_activities_timestamp 
FROM project_activities JOIN project_assignments ON project_activities.project_id = project_assignments.project_id 
WHERE project_assignments.user_id = ? ORDER BY project_activities.timestamp DESC
 LIMIT ? OFFSET ?]
[parameters: (8, 10, 0)]
(Background on this error at: https://sqlalche.me/e/20/e3q8)
[2026-01-18 13:18:28,244] ERROR in app: Context processor error: (sqlite3.OperationalError) no such table: project_assignments
[SQL: SELECT project_activities.id AS project_activities_id, project_activities.project_id AS project_activities_project_id, project_activities.user_id AS project_activities_user_id, project_activities.action AS project_activities_action, project_activities.timestamp AS project_activities_timestamp 
FROM project_activities JOIN project_assignments ON project_activities.project_id = project_assignments.project_id 
WHERE project_assignments.user_id = ? ORDER BY project_activities.timestamp DESC
 LIMIT ? OFFSET ?]
[parameters: (8, 10, 0)]
(Background on this error at: https://sqlalche.me/e/20/e3q8)
[2026-01-18 13:19:10,674] ERROR in app: Context processor error: (sqlite3.OperationalError) no such table: project_assignments
[SQL: SELECT project_activities.id AS project_activities_id, project_activities.project_id AS project_activities_project_id, project_activities.user_id AS project_activities_user_id, project_activities.action AS project_activities_action, project_activities.timestamp AS project_activities_timestamp 
FROM project_activities JOIN project_assignments ON project_activities.project_id = project_assignments.project_id 
WHERE project_assignments.user_id = ? ORDER BY project_activities.timestamp DESC
 LIMIT ? OFFSET ?]
[parameters: (8, 10, 0)]
(Background on this error at: https://sqlalche.me/e/20/e3q8)
[2026-01-18 13:20:55,047] ERROR in app: Context processor error: (sqlite3.OperationalError) no such table: project_assignments
[SQL: SELECT project_activities.id AS project_activities_id, project_activities.project_id AS project_activities_project_id, project_activities.user_id AS project_activities_user_id, project_activities.action AS project_activities_action, project_activities.timestamp AS project_activities_timestamp 
FROM project_activities JOIN project_assignments ON project_activities.project_id = project_assignments.project_id 
WHERE project_assignments.user_id = ? ORDER BY project_activities.timestamp DESC
 LIMIT ? OFFSET ?]
[parameters: (8, 10, 0)]
(Background on this error at: https://sqlalche.me/e/20/e3q8)
[2026-01-18 13:21:10,825] ERROR in app: Context processor error: (sqlite3.OperationalError) no such table: project_assignments
[SQL: SELECT project_activities.id AS project_activities_id, project_activities.project_id AS project_activities_project_id, project_activities.user_id AS project_activities_user_id, project_activities.action AS project_activities_action, project_activities.timestamp AS project_activities_timestamp 
FROM project_activities JOIN project_assignments ON project_activities.project_id = project_assignments.project_id 
WHERE project_assignments.user_id = ? ORDER BY project_activities.timestamp DESC
 LIMIT ? OFFSET ?]
[parameters: (8, 10, 0)]
(Background on this error at: https://sqlalche.me/e/20/e3q8)
[2026-01-18 13:21:13,375] ERROR in app: Context processor error: (sqlite3.OperationalError) no such table: project_assignments
[SQL: SELECT project_activities.id AS project_activities_id, project_activities.project_id AS project_activities_project_id, project_activities.user_id AS project_activities_user_id, project_activities.action AS project_activities_action, project_activities.timestamp AS project_activities_timestamp 
FROM project_activities JOIN project_assignments ON project_activities.project_id = project_assignments.project_id 
WHERE project_assignments.user_id = ? ORDER BY project_activities.timestamp DESC
 LIMIT ? OFFSET ?]
[parameters: (8, 10, 0)]
(Background on this error at: https://sqlalche.me/e/20/e3q8)
[2026-01-18 13:22:04,006] ERROR in app: Context processor error: (sqlite3.OperationalError) no such table: project_assignments
[SQL: SELECT project_activities.id AS project_activities_id, project_activities.project_id AS project_activities_project_id, project_activities.user_id AS project_activities_user_id, project_activities.action AS project_activities_action, project_activities.timestamp AS project_activities_timestamp 
FROM project_activities JOIN project_assignments ON project_activities.project_id = project_assignments.project_id 
WHERE project_assignments.user_id = ? ORDER BY project_activities.timestamp DESC
 LIMIT ? OFFSET ?]
[parameters: (8, 10, 0)]
(Background on this error at: https://sqlalche.me/e/20/e3q8)
[2026-01-18 13:22:12,091] ERROR in app: Context processor error: (sqlite3.OperationalError) no such table: project_assignments
[SQL: SELECT project_activities.id AS project_activities_id, project_activities.project_id AS project_activities_project_id, project_activities.user_id AS project_activities_user_id, project_activities.action AS project_activities_action, project_activities.timestamp AS project_activities_timestamp 
FROM project_activities JOIN project_assignments ON project_activities.project_id = project_assignments.project_id 
WHERE project_assignments.user_id = ? ORDER BY project_activities.timestamp DESC
 LIMIT ? OFFSET ?]
[parameters: (8, 10, 0)]
(Background on this error at: https://sqlalche.me/e/20/e3q8)
[2026-01-18 13:22:49,419] ERROR in app: Context processor error: (sqlite3.OperationalError) no such table: project_assignments
[SQL: SELECT project_activities.id AS project_activities_id, project_activities.project_id AS project_activities_project_id, project_activities.user_id AS project_activities_user_id, project_activities.action AS project_activities_action, project_activities.timestamp AS project_activities_timestamp 
FROM project_activities JOIN project_assignments ON project_activities.project_id = project_assignments.project_id 
WHERE project_assignments.user_id = ? ORDER BY project_activities.timestamp DESC
 LIMIT ? OFFSET ?]
[parameters: (8, 10, 0)]
(Background on this error at: https://sqlalche.me/e/20/e3q8)
[2026-01-18 13:22:55,565] ERROR in app: Context processor error: (sqlite3.OperationalError) no such table: project_assignments
[SQL: SELECT project_activities.id AS project_activities_id, project_activities.project_id AS project_activities_project_id, project_activities.user_id AS project_activities_user_id, project_activities.action AS project_activities_action, project_activities.timestamp AS project_activities_timestamp 
FROM project_activities JOIN project_assignments ON project_activities.project_id = project_assignments.project_id 
WHERE project_assignments.user_id = ? ORDER BY project_activities.timestamp DESC
 LIMIT ? OFFSET ?]
[parameters: (8, 10, 0)]
(Background on this error at: https://sqlalche.me/e/20/e3q8)
[2026-01-18 13:23:00,878] ERROR in app: Context processor error: (sqlite3.OperationalError) no such table: project_assignments
[SQL: SELECT project_activities.id AS project_activities_id, project_activities.project_id AS project_activities_project_id, project_activities.user_id AS project_activities_user_id, project_activities.action AS project_activities_action, project_activities.timestamp AS project_activities_timestamp 
FROM project_activities JOIN project_assignments ON project_activities.project_id = project_assignments.project_id 
WHERE project_assignments.user_id = ? ORDER BY project_activities.timestamp DESC
 LIMIT ? OFFSET ?]
[parameters: (8, 10, 0)]
(Background on this error at: https://sqlalche.me/e/20/e3q8)
[2026-01-18 13:23:28,432] ERROR in app: Context processor error: (sqlite3.OperationalError) no such table: project_assignments
[SQL: SELECT project_activities.id AS project_activities_id, project_activities.project_id AS project_activities_project_id, project_activities.user_id AS project_activities_user_id, project_activities.action AS project_activities_action, project_activities.timestamp AS project_activities_timestamp 
FROM project_activities JOIN project_assignments ON project_activities.project_id = project_assignments.project_id 
WHERE project_assignments.user_id = ? ORDER BY project_activities.timestamp DESC
 LIMIT ? OFFSET ?]
[parameters: (8, 10, 0)]
(Background on this error at: https://sqlalche.me/e/20/e3q8)
[2026-01-18 13:23:42,293] ERROR in app: Context processor error: (sqlite3.OperationalError) no such table: project_assignments
[SQL: SELECT project_activities.id AS project_activities_id, project_activities.project_id AS project_activities_project_id, project_activities.user_id AS project_activities_user_id, project_activities.action AS project_activities_action, project_activities.timestamp AS project_activities_timestamp 
FROM project_activities JOIN project_assignments ON project_activities.project_id = project_assignments.project_id 
WHERE project_assignments.user_id = ? ORDER BY project_activities.timestamp DESC
 LIMIT ? OFFSET ?]
[parameters: (8, 10, 0)]
(Background on this error at: https://sqlalche.me/e/20/e3q8)
[2026-01-18 13:24:37,165] ERROR in app: Context processor error: (sqlite3.OperationalError) no such table: project_assignments
[SQL: SELECT project_activities.id AS project_activities_id, project_activities.project_id AS project_activities_project_id, project_activities.user_id AS project_activities_user_id, project_activities.action AS project_activities_action, project_activities.timestamp AS project_activities_timestamp 
FROM project_activities JOIN project_assignments ON project_activities.project_id = project_assignments.project_id 
WHERE project_assignments.user_id = ? ORDER BY project_activities.timestamp DESC
 LIMIT ? OFFSET ?]
[parameters: (8, 10, 0)]
(Background on this error at: https://sqlalche.me/e/20/e3q8)
[2026-01-18 13:25:02,919] ERROR in app: Context processor error: (sqlite3.OperationalError) no such table: project_assignments
[SQL: SELECT project_activities.id AS project_activities_id, project_activities.project_id AS project_activities_project_id, project_activities.user_id AS project_activities_user_id, project_activities.action AS project_activities_action, project_activities.timestamp AS project_activities_timestamp 
FROM project_activities JOIN project_assignments ON project_activities.project_id = project_assignments.project_id 
WHERE project_assignments.user_id = ? ORDER BY project_activities.timestamp DESC
 LIMIT ? OFFSET ?]
[parameters: (8, 10, 0)]
(Background on this error at: https://sqlalche.me/e/20/e3q8)
[2026-01-18 13:38:52 +0000] [74581] [INFO] Handling signal: term
[2026-01-18 13:38:52 +0000] [74583] [INFO] Worker exiting (pid: 74583)
[2026-01-18 13:38:52 +0000] [74584] [INFO] Worker exiting (pid: 74584)
[2026-01-18 13:38:52 +0000] [74585] [INFO] Worker exiting (pid: 74585)
[2026-01-18 13:38:52 +0000] [74581] [ERROR] Worker (pid:74584) was sent SIGTERM!
[2026-01-18 13:38:52 +0000] [74581] [ERROR] Worker (pid:74585) was sent SIGTERM!
[2026-01-18 13:38:52 +0000] [74581] [ERROR] Worker (pid:74583) was sent SIGTERM!
[2026-01-18 13:38:52 +0000] [74581] [INFO] Shutting down: Master
[2026-01-18 13:38:52 +0000] [74924] [INFO] Starting gunicorn 23.0.0
[2026-01-18 13:38:52 +0000] [74924] [INFO] Listening at: unix:/home/ptahuser/ptah-studios/ptah-studios.sock (74924)
[2026-01-18 13:38:52 +0000] [74924] [INFO] Using worker: sync
[2026-01-18 13:38:52 +0000] [74925] [INFO] Booting worker with pid: 74925
[2026-01-18 13:38:52 +0000] [74926] [INFO] Booting worker with pid: 74926
[2026-01-18 13:38:52 +0000] [74927] [INFO] Booting worker with pid: 74927
[2026-01-18 13:39:42 +0000] [74924] [INFO] Handling signal: term
[2026-01-18 13:39:42 +0000] [74925] [INFO] Worker exiting (pid: 74925)
[2026-01-18 13:39:42 +0000] [74926] [INFO] Worker exiting (pid: 74926)
[2026-01-18 13:39:42 +0000] [74927] [INFO] Worker exiting (pid: 74927)
[2026-01-18 13:39:42 +0000] [74924] [ERROR] Worker (pid:74925) was sent SIGTERM!
[2026-01-18 13:39:42 +0000] [74924] [ERROR] Worker (pid:74927) was sent SIGTERM!
[2026-01-18 13:39:42 +0000] [74924] [ERROR] Worker (pid:74926) was sent SIGTERM!
[2026-01-18 13:39:42 +0000] [74924] [INFO] Shutting down: Master
[2026-01-18 13:39:42 +0000] [74933] [INFO] Starting gunicorn 23.0.0
[2026-01-18 13:39:42 +0000] [74933] [INFO] Listening at: unix:/home/ptahuser/ptah-studios/ptah-studios.sock (74933)
[2026-01-18 13:39:42 +0000] [74933] [INFO] Using worker: sync
[2026-01-18 13:39:42 +0000] [74934] [INFO] Booting worker with pid: 74934
[2026-01-18 13:39:43 +0000] [74935] [INFO] Booting worker with pid: 74935
[2026-01-18 13:39:43 +0000] [74936] [INFO] Booting worker with pid: 74936
[2026-01-18 13:43:47 +0000] [74933] [INFO] Handling signal: term
[2026-01-18 13:43:47 +0000] [74934] [INFO] Worker exiting (pid: 74934)
[2026-01-18 13:43:47 +0000] [74935] [INFO] Worker exiting (pid: 74935)
[2026-01-18 13:43:47 +0000] [74936] [INFO] Worker exiting (pid: 74936)
[2026-01-18 13:43:48 +0000] [74933] [ERROR] Worker (pid:74934) was sent SIGTERM!
[2026-01-18 13:43:48 +0000] [74933] [ERROR] Worker (pid:74936) was sent SIGTERM!
[2026-01-18 13:43:48 +0000] [74933] [ERROR] Worker (pid:74935) was sent SIGTERM!
[2026-01-18 13:43:48 +0000] [74933] [INFO] Shutting down: Master
[2026-01-18 13:43:48 +0000] [74944] [INFO] Starting gunicorn 23.0.0
[2026-01-18 13:43:48 +0000] [74944] [INFO] Listening at: unix:/home/ptahuser/ptah-studios/ptah-studios.sock (74944)
[2026-01-18 13:43:48 +0000] [74944] [INFO] Using worker: sync
[2026-01-18 13:43:48 +0000] [74947] [INFO] Booting worker with pid: 74947
[2026-01-18 13:43:48 +0000] [74948] [INFO] Booting worker with pid: 74948
[2026-01-18 13:43:48 +0000] [74949] [INFO] Booting worker with pid: 74949
[2026-01-18 13:46:55 +0000] [74944] [INFO] Handling signal: term
[2026-01-18 13:46:55 +0000] [74947] [INFO] Worker exiting (pid: 74947)
[2026-01-18 13:46:55 +0000] [74948] [INFO] Worker exiting (pid: 74948)
[2026-01-18 13:46:55 +0000] [74949] [INFO] Worker exiting (pid: 74949)
[2026-01-18 13:46:55 +0000] [74944] [ERROR] Worker (pid:74947) was sent SIGTERM!
[2026-01-18 13:46:55 +0000] [74944] [ERROR] Worker (pid:74948) was sent SIGTERM!
[2026-01-18 13:46:55 +0000] [74944] [ERROR] Worker (pid:74949) was sent SIGTERM!
[2026-01-18 13:46:56 +0000] [74944] [INFO] Shutting down: Master
[2026-01-18 13:46:56 +0000] [74955] [INFO] Starting gunicorn 23.0.0
[2026-01-18 13:46:56 +0000] [74955] [INFO] Listening at: unix:/home/ptahuser/ptah-studios/ptah-studios.sock (74955)
[2026-01-18 13:46:56 +0000] [74955] [INFO] Using worker: sync
[2026-01-18 13:46:56 +0000] [74956] [INFO] Booting worker with pid: 74956
[2026-01-18 13:46:56 +0000] [74957] [INFO] Booting worker with pid: 74957
[2026-01-18 13:46:56 +0000] [74958] [INFO] Booting worker with pid: 74958
[2026-01-18 13:49:43 +0000] [74955] [INFO] Handling signal: term
[2026-01-18 13:49:43 +0000] [74956] [INFO] Worker exiting (pid: 74956)
[2026-01-18 13:49:43 +0000] [74957] [INFO] Worker exiting (pid: 74957)
[2026-01-18 13:49:43 +0000] [74958] [INFO] Worker exiting (pid: 74958)
[2026-01-18 13:49:43 +0000] [74955] [ERROR] Worker (pid:74956) was sent SIGTERM!
[2026-01-18 13:49:43 +0000] [74955] [ERROR] Worker (pid:74957) was sent SIGTERM!
[2026-01-18 13:49:43 +0000] [74955] [ERROR] Worker (pid:74958) was sent SIGTERM!
[2026-01-18 13:49:43 +0000] [74955] [INFO] Shutting down: Master
[2026-01-18 13:49:43 +0000] [74966] [INFO] Starting gunicorn 23.0.0
[2026-01-18 13:49:43 +0000] [74966] [INFO] Listening at: unix:/home/ptahuser/ptah-studios/ptah-studios.sock (74966)
[2026-01-18 13:49:43 +0000] [74966] [INFO] Using worker: sync
[2026-01-18 13:49:43 +0000] [74969] [INFO] Booting worker with pid: 74969
[2026-01-18 13:49:43 +0000] [74970] [INFO] Booting worker with pid: 74970
[2026-01-18 13:49:43 +0000] [74971] [INFO] Booting worker with pid: 74971
[2026-01-18 13:56:17 +0000] [74966] [INFO] Handling signal: term
[2026-01-18 13:56:17 +0000] [74969] [INFO] Worker exiting (pid: 74969)
[2026-01-18 13:56:17 +0000] [74970] [INFO] Worker exiting (pid: 74970)
[2026-01-18 13:56:17 +0000] [74971] [INFO] Worker exiting (pid: 74971)
[2026-01-18 13:56:17 +0000] [74966] [ERROR] Worker (pid:74969) was sent SIGTERM!
[2026-01-18 13:56:17 +0000] [74966] [ERROR] Worker (pid:74971) was sent SIGTERM!
[2026-01-18 13:56:17 +0000] [74966] [ERROR] Worker (pid:74970) was sent SIGTERM!
[2026-01-18 13:56:18 +0000] [74966] [INFO] Shutting down: Master
[2026-01-18 13:56:18 +0000] [74981] [INFO] Starting gunicorn 23.0.0
[2026-01-18 13:56:18 +0000] [74981] [INFO] Listening at: unix:/home/ptahuser/ptah-studios/ptah-studios.sock (74981)
[2026-01-18 13:56:18 +0000] [74981] [INFO] Using worker: sync
[2026-01-18 13:56:18 +0000] [74984] [INFO] Booting worker with pid: 74984
[2026-01-18 13:56:18 +0000] [74985] [INFO] Booting worker with pid: 74985
[2026-01-18 13:56:18 +0000] [74986] [INFO] Booting worker with pid: 74986
[2026-01-18 13:56:20,634] ERROR in app: Exception on /booking [GET]
Traceback (most recent call last):
  File "/home/ptahuser/ptah-studios/venv/lib/python3.10/site-packages/flask/app.py", line 1511, in wsgi_app
    response = self.full_dispatch_request()
  File "/home/ptahuser/ptah-studios/venv/lib/python3.10/site-packages/flask/app.py", line 919, in full_dispatch_request
    rv = self.handle_user_exception(e)
  File "/home/ptahuser/ptah-studios/venv/lib/python3.10/site-packages/flask/app.py", line 917, in full_dispatch_request
    rv = self.dispatch_request()
  File "/home/ptahuser/ptah-studios/venv/lib/python3.10/site-packages/flask/app.py", line 902, in dispatch_request
    return self.ensure_sync(self.view_functions[rule.endpoint])(**view_args)  # type: ignore[no-any-return]
  File "/home/ptahuser/ptah-studios/app.py", line 1421, in booking
    return render_template('public/booking.html',
  File "/home/ptahuser/ptah-studios/venv/lib/python3.10/site-packages/flask/templating.py", line 149, in render_template
    template = app.jinja_env.get_or_select_template(template_name_or_list)
  File "/home/ptahuser/ptah-studios/venv/lib/python3.10/site-packages/jinja2/environment.py", line 1087, in get_or_select_template
    return self.get_template(template_name_or_list, parent, globals)
  File "/home/ptahuser/ptah-studios/venv/lib/python3.10/site-packages/jinja2/environment.py", line 1016, in get_template
    return self._load_template(name, globals)
  File "/home/ptahuser/ptah-studios/venv/lib/python3.10/site-packages/jinja2/environment.py", line 975, in _load_template
    template = self.loader.load(self, name, self.make_globals(globals))
  File "/home/ptahuser/ptah-studios/venv/lib/python3.10/site-packages/jinja2/loaders.py", line 138, in load
    code = environment.compile(source, name, filename)
  File "/home/ptahuser/ptah-studios/venv/lib/python3.10/site-packages/jinja2/environment.py", line 771, in compile
    self.handle_exception(source=source_hint)
  File "/home/ptahuser/ptah-studios/venv/lib/python3.10/site-packages/jinja2/environment.py", line 942, in handle_exception
    raise rewrite_traceback_stack(source=source)
  File "/home/ptahuser/ptah-studios/templates/public/booking.html", line 1523, in template
    {{ form.email(class="form-input", placeholder="<a href="/cdn-cgi/l/email-protection" class="__cf_email__" data-cfemail="badfc2dbd7cad6dffadfd7dbd3d694d9d5d7">[email&#160;protected]</a>", oninput="clearFieldError('email')") }}
jinja2.exceptions.TemplateSyntaxError: expected token ',', got 'string'
[2026-01-18 13:57:00 +0000] [74981] [INFO] Handling signal: term
[2026-01-18 13:57:00 +0000] [74985] [INFO] Worker exiting (pid: 74985)
[2026-01-18 13:57:00 +0000] [74986] [INFO] Worker exiting (pid: 74986)
[2026-01-18 13:57:00 +0000] [74984] [INFO] Worker exiting (pid: 74984)
[2026-01-18 13:57:00 +0000] [74981] [ERROR] Worker (pid:74986) was sent SIGTERM!
[2026-01-18 13:57:00 +0000] [74981] [ERROR] Worker (pid:74985) was sent SIGTERM!
[2026-01-18 13:57:00 +0000] [74981] [INFO] Shutting down: Master
[2026-01-18 13:57:00 +0000] [74991] [INFO] Starting gunicorn 23.0.0
[2026-01-18 13:57:00 +0000] [74991] [INFO] Listening at: unix:/home/ptahuser/ptah-studios/ptah-studios.sock (74991)
[2026-01-18 13:57:00 +0000] [74991] [INFO] Using worker: sync
[2026-01-18 13:57:00 +0000] [74992] [INFO] Booting worker with pid: 74992
[2026-01-18 13:57:00 +0000] [74993] [INFO] Booting worker with pid: 74993
[2026-01-18 13:57:00 +0000] [74994] [INFO] Booting worker with pid: 74994
[2026-01-18 13:58:51 +0000] [74992] [INFO] Worker exiting (pid: 74992)
[2026-01-18 13:58:51 +0000] [74993] [INFO] Worker exiting (pid: 74993)
[2026-01-18 13:58:51 +0000] [74994] [INFO] Worker exiting (pid: 74994)
[2026-01-18 13:58:51 +0000] [74991] [INFO] Handling signal: term
[2026-01-18 13:58:51 +0000] [74991] [ERROR] Worker (pid:74992) was sent SIGTERM!
[2026-01-18 13:58:51 +0000] [74991] [ERROR] Worker (pid:74993) was sent SIGTERM!
[2026-01-18 13:58:51 +0000] [74991] [ERROR] Worker (pid:74994) was sent SIGTERM!
[2026-01-18 13:58:51 +0000] [74991] [INFO] Shutting down: Master
[2026-01-18 13:58:51 +0000] [75003] [INFO] Starting gunicorn 23.0.0
[2026-01-18 13:58:51 +0000] [75003] [INFO] Listening at: unix:/home/ptahuser/ptah-studios/ptah-studios.sock (75003)
[2026-01-18 13:58:51 +0000] [75003] [INFO] Using worker: sync
[2026-01-18 13:58:51 +0000] [75004] [INFO] Booting worker with pid: 75004
[2026-01-18 13:58:51 +0000] [75005] [INFO] Booting worker with pid: 75005
[2026-01-18 13:58:51 +0000] [75006] [INFO] Booting worker with pid: 75006
[2026-01-18 14:01:46 +0000] [75003] [INFO] Handling signal: term
[2026-01-18 14:01:46 +0000] [75004] [INFO] Worker exiting (pid: 75004)
[2026-01-18 14:01:46 +0000] [75005] [INFO] Worker exiting (pid: 75005)
[2026-01-18 14:01:46 +0000] [75006] [INFO] Worker exiting (pid: 75006)
[2026-01-18 14:01:46 +0000] [75003] [ERROR] Worker (pid:75006) was sent SIGTERM!
[2026-01-18 14:01:46 +0000] [75003] [ERROR] Worker (pid:75004) was sent SIGTERM!
[2026-01-18 14:01:46 +0000] [75003] [ERROR] Worker (pid:75005) was sent SIGTERM!
[2026-01-18 14:01:46 +0000] [75003] [INFO] Shutting down: Master
[2026-01-18 14:01:46 +0000] [75013] [INFO] Starting gunicorn 23.0.0
[2026-01-18 14:01:46 +0000] [75013] [INFO] Listening at: unix:/home/ptahuser/ptah-studios/ptah-studios.sock (75013)
[2026-01-18 14:01:46 +0000] [75013] [INFO] Using worker: sync
[2026-01-18 14:01:46 +0000] [75016] [INFO] Booting worker with pid: 75016
[2026-01-18 14:01:46 +0000] [75017] [INFO] Booting worker with pid: 75017
[2026-01-18 14:01:46 +0000] [75018] [INFO] Booting worker with pid: 75018
[2026-01-18 14:05:49 +0000] [75016] [INFO] Worker exiting (pid: 75016)
[2026-01-18 14:05:49 +0000] [75017] [INFO] Worker exiting (pid: 75017)
[2026-01-18 14:05:49 +0000] [75018] [INFO] Worker exiting (pid: 75018)
[2026-01-18 14:05:49 +0000] [75013] [INFO] Handling signal: term
[2026-01-18 14:05:49 +0000] [75013] [ERROR] Worker (pid:75017) was sent SIGTERM!
[2026-01-18 14:05:49 +0000] [75013] [ERROR] Worker (pid:75016) was sent SIGTERM!
[2026-01-18 14:05:49 +0000] [75013] [ERROR] Worker (pid:75018) was sent SIGTERM!
[2026-01-18 14:05:49 +0000] [75013] [INFO] Shutting down: Master
[2026-01-18 14:05:49 +0000] [75027] [INFO] Starting gunicorn 23.0.0
[2026-01-18 14:05:49 +0000] [75027] [INFO] Listening at: unix:/home/ptahuser/ptah-studios/ptah-studios.sock (75027)
[2026-01-18 14:05:49 +0000] [75027] [INFO] Using worker: sync
[2026-01-18 14:05:49 +0000] [75028] [INFO] Booting worker with pid: 75028
[2026-01-18 14:05:49 +0000] [75029] [INFO] Booting worker with pid: 75029
[2026-01-18 14:05:49 +0000] [75030] [INFO] Booting worker with pid: 75030
[2026-01-18 14:10:24 +0000] [75027] [INFO] Handling signal: term
[2026-01-18 14:10:24 +0000] [75028] [INFO] Worker exiting (pid: 75028)
[2026-01-18 14:10:24 +0000] [75029] [INFO] Worker exiting (pid: 75029)
[2026-01-18 14:10:24 +0000] [75030] [INFO] Worker exiting (pid: 75030)
[2026-01-18 14:10:24 +0000] [75027] [ERROR] Worker (pid:75029) was sent SIGTERM!
[2026-01-18 14:10:24 +0000] [75027] [ERROR] Worker (pid:75028) was sent SIGTERM!
[2026-01-18 14:10:24 +0000] [75027] [ERROR] Worker (pid:75030) was sent SIGTERM!
[2026-01-18 14:10:24 +0000] [75027] [INFO] Shutting down: Master
[2026-01-18 14:10:25 +0000] [75067] [INFO] Starting gunicorn 23.0.0
[2026-01-18 14:10:25 +0000] [75067] [INFO] Listening at: unix:/home/ptahuser/ptah-studios/ptah-studios.sock (75067)
[2026-01-18 14:10:25 +0000] [75067] [INFO] Using worker: sync
[2026-01-18 14:10:25 +0000] [75070] [INFO] Booting worker with pid: 75070
[2026-01-18 14:10:25 +0000] [75071] [INFO] Booting worker with pid: 75071
[2026-01-18 14:10:25 +0000] [75072] [INFO] Booting worker with pid: 75072
[2026-01-18 14:10:45 +0000] [75067] [INFO] Handling signal: term
[2026-01-18 14:10:45 +0000] [75070] [INFO] Worker exiting (pid: 75070)
[2026-01-18 14:10:45 +0000] [75071] [INFO] Worker exiting (pid: 75071)
[2026-01-18 14:10:45 +0000] [75072] [INFO] Worker exiting (pid: 75072)
[2026-01-18 14:10:45 +0000] [75067] [ERROR] Worker (pid:75071) was sent SIGTERM!
[2026-01-18 14:10:45 +0000] [75067] [ERROR] Worker (pid:75070) was sent SIGTERM!
[2026-01-18 14:10:45 +0000] [75067] [ERROR] Worker (pid:75072) was sent SIGTERM!
[2026-01-18 14:10:45 +0000] [75067] [INFO] Shutting down: Master
[2026-01-18 14:10:45 +0000] [75077] [INFO] Starting gunicorn 23.0.0
[2026-01-18 14:10:45 +0000] [75077] [INFO] Listening at: unix:/home/ptahuser/ptah-studios/ptah-studios.sock (75077)
[2026-01-18 14:10:45 +0000] [75077] [INFO] Using worker: sync
[2026-01-18 14:10:45 +0000] [75078] [INFO] Booting worker with pid: 75078
[2026-01-18 14:10:45 +0000] [75079] [INFO] Booting worker with pid: 75079
[2026-01-18 14:10:46 +0000] [75080] [INFO] Booting worker with pid: 75080
[2026-01-18 14:15:26 +0000] [75077] [INFO] Handling signal: term
[2026-01-18 14:15:26 +0000] [75078] [INFO] Worker exiting (pid: 75078)
[2026-01-18 14:15:26 +0000] [75079] [INFO] Worker exiting (pid: 75079)
[2026-01-18 14:15:26 +0000] [75080] [INFO] Worker exiting (pid: 75080)
[2026-01-18 14:15:26 +0000] [75077] [ERROR] Worker (pid:75078) was sent SIGTERM!
[2026-01-18 14:15:26 +0000] [75077] [ERROR] Worker (pid:75079) was sent SIGTERM!
[2026-01-18 14:15:26 +0000] [75077] [ERROR] Worker (pid:75080) was sent SIGTERM!
[2026-01-18 14:15:26 +0000] [75077] [INFO] Shutting down: Master
[2026-01-18 14:15:27 +0000] [75090] [INFO] Starting gunicorn 23.0.0
[2026-01-18 14:15:27 +0000] [75090] [INFO] Listening at: unix:/home/ptahuser/ptah-studios/ptah-studios.sock (75090)
[2026-01-18 14:15:27 +0000] [75090] [INFO] Using worker: sync
[2026-01-18 14:15:27 +0000] [75091] [INFO] Booting worker with pid: 75091
[2026-01-18 14:15:27 +0000] [75092] [INFO] Booting worker with pid: 75092
[2026-01-18 14:15:27 +0000] [75093] [INFO] Booting worker with pid: 75093
[2026-01-18 14:18:47 +0000] [75090] [INFO] Handling signal: term
[2026-01-18 14:18:47 +0000] [75091] [INFO] Worker exiting (pid: 75091)
[2026-01-18 14:18:47 +0000] [75092] [INFO] Worker exiting (pid: 75092)
[2026-01-18 14:18:47 +0000] [75093] [INFO] Worker exiting (pid: 75093)
[2026-01-18 14:18:47 +0000] [75090] [ERROR] Worker (pid:75091) was sent SIGTERM!
[2026-01-18 14:18:47 +0000] [75090] [ERROR] Worker (pid:75092) was sent SIGTERM!
[2026-01-18 14:18:47 +0000] [75090] [ERROR] Worker (pid:75093) was sent SIGTERM!
[2026-01-18 14:18:47 +0000] [75090] [INFO] Shutting down: Master
[2026-01-18 14:18:47 +0000] [75103] [INFO] Starting gunicorn 23.0.0
[2026-01-18 14:18:47 +0000] [75103] [INFO] Listening at: unix:/home/ptahuser/ptah-studios/ptah-studios.sock (75103)
[2026-01-18 14:18:47 +0000] [75103] [INFO] Using worker: sync
[2026-01-18 14:18:47 +0000] [75105] [INFO] Booting worker with pid: 75105
[2026-01-18 14:18:47 +0000] [75106] [INFO] Booting worker with pid: 75106
[2026-01-18 14:18:47 +0000] [75107] [INFO] Booting worker with pid: 75107
[2026-01-18 14:19:05,674] ERROR in app: Exception on /booking [GET]
Traceback (most recent call last):
  File "/home/ptahuser/ptah-studios/venv/lib/python3.10/site-packages/flask/app.py", line 1511, in wsgi_app
    response = self.full_dispatch_request()
  File "/home/ptahuser/ptah-studios/venv/lib/python3.10/site-packages/flask/app.py", line 919, in full_dispatch_request
    rv = self.handle_user_exception(e)
  File "/home/ptahuser/ptah-studios/venv/lib/python3.10/site-packages/flask/app.py", line 917, in full_dispatch_request
    rv = self.dispatch_request()
  File "/home/ptahuser/ptah-studios/venv/lib/python3.10/site-packages/flask/app.py", line 902, in dispatch_request
    return self.ensure_sync(self.view_functions[rule.endpoint])(**view_args)  # type: ignore[no-any-return]
  File "/home/ptahuser/ptah-studios/app.py", line 1421, in booking
    return render_template('public/booking.html',
  File "/home/ptahuser/ptah-studios/venv/lib/python3.10/site-packages/flask/templating.py", line 149, in render_template
    template = app.jinja_env.get_or_select_template(template_name_or_list)
  File "/home/ptahuser/ptah-studios/venv/lib/python3.10/site-packages/jinja2/environment.py", line 1087, in get_or_select_template
    return self.get_template(template_name_or_list, parent, globals)
  File "/home/ptahuser/ptah-studios/venv/lib/python3.10/site-packages/jinja2/environment.py", line 1016, in get_template
    return self._load_template(name, globals)
  File "/home/ptahuser/ptah-studios/venv/lib/python3.10/site-packages/jinja2/environment.py", line 975, in _load_template
    template = self.loader.load(self, name, self.make_globals(globals))
  File "/home/ptahuser/ptah-studios/venv/lib/python3.10/site-packages/jinja2/loaders.py", line 138, in load
    code = environment.compile(source, name, filename)
  File "/home/ptahuser/ptah-studios/venv/lib/python3.10/site-packages/jinja2/environment.py", line 771, in compile
    self.handle_exception(source=source_hint)
  File "/home/ptahuser/ptah-studios/venv/lib/python3.10/site-packages/jinja2/environment.py", line 942, in handle_exception
    raise rewrite_traceback_stack(source=source)
  File "/home/ptahuser/ptah-studios/templates/public/booking.html", line 1593, in template
    {{ form.email(class="form-input", placeholder="<a href="/cdn-cgi/l/email-protection" class="__cf_email__" data-cfemail="9cf9e4fdf1ecf0f9dcf9f1fdf5f0b2fff3f1">[email&#160;protected]</a>", oninput="clearFieldError('email')") }}
jinja2.exceptions.TemplateSyntaxError: expected token ',', got 'string'
[2026-01-18 14:19:13 +0000] [75103] [INFO] Handling signal: term
[2026-01-18 14:19:13 +0000] [75105] [INFO] Worker exiting (pid: 75105)
[2026-01-18 14:19:13 +0000] [75107] [INFO] Worker exiting (pid: 75107)
[2026-01-18 14:19:13 +0000] [75106] [INFO] Worker exiting (pid: 75106)
[2026-01-18 14:19:13 +0000] [75103] [ERROR] Worker (pid:75105) was sent SIGTERM!
[2026-01-18 14:19:13 +0000] [75103] [ERROR] Worker (pid:75107) was sent SIGTERM!
[2026-01-18 14:19:13 +0000] [75103] [INFO] Shutting down: Master
[2026-01-18 14:19:13 +0000] [75112] [INFO] Starting gunicorn 23.0.0
[2026-01-18 14:19:13 +0000] [75112] [INFO] Listening at: unix:/home/ptahuser/ptah-studios/ptah-studios.sock (75112)
[2026-01-18 14:19:13 +0000] [75112] [INFO] Using worker: sync
[2026-01-18 14:19:13 +0000] [75113] [INFO] Booting worker with pid: 75113
[2026-01-18 14:19:13 +0000] [75114] [INFO] Booting worker with pid: 75114
[2026-01-18 14:19:13 +0000] [75115] [INFO] Booting worker with pid: 75115
[2026-01-18 14:20:17 +0000] [75112] [INFO] Handling signal: term
[2026-01-18 14:20:17 +0000] [75113] [INFO] Worker exiting (pid: 75113)
[2026-01-18 14:20:17 +0000] [75114] [INFO] Worker exiting (pid: 75114)
[2026-01-18 14:20:17 +0000] [75115] [INFO] Worker exiting (pid: 75115)
[2026-01-18 14:20:17 +0000] [75112] [ERROR] Worker (pid:75113) was sent SIGTERM!
[2026-01-18 14:20:17 +0000] [75112] [ERROR] Worker (pid:75115) was sent SIGTERM!
[2026-01-18 14:20:17 +0000] [75112] [ERROR] Worker (pid:75114) was sent SIGTERM!
[2026-01-18 14:20:17 +0000] [75112] [INFO] Shutting down: Master
[2026-01-18 14:20:17 +0000] [75123] [INFO] Starting gunicorn 23.0.0
[2026-01-18 14:20:17 +0000] [75123] [INFO] Listening at: unix:/home/ptahuser/ptah-studios/ptah-studios.sock (75123)
[2026-01-18 14:20:17 +0000] [75123] [INFO] Using worker: sync
[2026-01-18 14:20:17 +0000] [75125] [INFO] Booting worker with pid: 75125
[2026-01-18 14:20:17 +0000] [75126] [INFO] Booting worker with pid: 75126
[2026-01-18 14:20:17 +0000] [75127] [INFO] Booting worker with pid: 75127
[2026-01-18 14:21:08 +0000] [75123] [INFO] Handling signal: term
[2026-01-18 14:21:08 +0000] [75125] [INFO] Worker exiting (pid: 75125)
[2026-01-18 14:21:08 +0000] [75126] [INFO] Worker exiting (pid: 75126)
[2026-01-18 14:21:08 +0000] [75127] [INFO] Worker exiting (pid: 75127)
[2026-01-18 14:21:08 +0000] [75123] [ERROR] Worker (pid:75125) was sent SIGTERM!
[2026-01-18 14:21:08 +0000] [75123] [ERROR] Worker (pid:75126) was sent SIGTERM!
[2026-01-18 14:21:08 +0000] [75123] [ERROR] Worker (pid:75127) was sent SIGTERM!
[2026-01-18 14:21:08 +0000] [75123] [INFO] Shutting down: Master
[2026-01-18 14:21:08 +0000] [75133] [INFO] Starting gunicorn 23.0.0
[2026-01-18 14:21:08 +0000] [75133] [INFO] Listening at: unix:/home/ptahuser/ptah-studios/ptah-studios.sock (75133)
[2026-01-18 14:21:08 +0000] [75133] [INFO] Using worker: sync
[2026-01-18 14:21:08 +0000] [75134] [INFO] Booting worker with pid: 75134
[2026-01-18 14:21:08 +0000] [75135] [INFO] Booting worker with pid: 75135
[2026-01-18 14:21:09 +0000] [75136] [INFO] Booting worker with pid: 75136
[2026-01-18 14:22:50 +0000] [75133] [INFO] Handling signal: term
[2026-01-18 14:22:50 +0000] [75134] [INFO] Worker exiting (pid: 75134)
[2026-01-18 14:22:50 +0000] [75135] [INFO] Worker exiting (pid: 75135)
[2026-01-18 14:22:50 +0000] [75136] [INFO] Worker exiting (pid: 75136)
[2026-01-18 14:22:50 +0000] [75133] [ERROR] Worker (pid:75134) was sent SIGTERM!
[2026-01-18 14:22:50 +0000] [75133] [ERROR] Worker (pid:75135) was sent SIGTERM!
[2026-01-18 14:22:50 +0000] [75133] [ERROR] Worker (pid:75136) was sent SIGTERM!
[2026-01-18 14:22:50 +0000] [75133] [INFO] Shutting down: Master
[2026-01-18 14:22:50 +0000] [75143] [INFO] Starting gunicorn 23.0.0
[2026-01-18 14:22:50 +0000] [75143] [INFO] Listening at: unix:/home/ptahuser/ptah-studios/ptah-studios.sock (75143)
[2026-01-18 14:22:50 +0000] [75143] [INFO] Using worker: sync
[2026-01-18 14:22:50 +0000] [75144] [INFO] Booting worker with pid: 75144
[2026-01-18 14:22:50 +0000] [75145] [INFO] Booting worker with pid: 75145
[2026-01-18 14:22:50 +0000] [75146] [INFO] Booting worker with pid: 75146
[2026-01-18 14:22:54,164] ERROR in app: Exception on /booking [GET]
Traceback (most recent call last):
  File "/home/ptahuser/ptah-studios/venv/lib/python3.10/site-packages/flask/app.py", line 1511, in wsgi_app
    response = self.full_dispatch_request()
  File "/home/ptahuser/ptah-studios/venv/lib/python3.10/site-packages/flask/app.py", line 919, in full_dispatch_request
    rv = self.handle_user_exception(e)
  File "/home/ptahuser/ptah-studios/venv/lib/python3.10/site-packages/flask/app.py", line 917, in full_dispatch_request
    rv = self.dispatch_request()
  File "/home/ptahuser/ptah-studios/venv/lib/python3.10/site-packages/flask/app.py", line 902, in dispatch_request
    return self.ensure_sync(self.view_functions[rule.endpoint])(**view_args)  # type: ignore[no-any-return]
  File "/home/ptahuser/ptah-studios/app.py", line 1421, in booking
    return render_template('public/booking.html',
  File "/home/ptahuser/ptah-studios/venv/lib/python3.10/site-packages/flask/templating.py", line 149, in render_template
    template = app.jinja_env.get_or_select_template(template_name_or_list)
  File "/home/ptahuser/ptah-studios/venv/lib/python3.10/site-packages/jinja2/environment.py", line 1087, in get_or_select_template
    return self.get_template(template_name_or_list, parent, globals)
  File "/home/ptahuser/ptah-studios/venv/lib/python3.10/site-packages/jinja2/environment.py", line 1016, in get_template
    return self._load_template(name, globals)
  File "/home/ptahuser/ptah-studios/venv/lib/python3.10/site-packages/jinja2/environment.py", line 975, in _load_template
    template = self.loader.load(self, name, self.make_globals(globals))
  File "/home/ptahuser/ptah-studios/venv/lib/python3.10/site-packages/jinja2/loaders.py", line 138, in load
    code = environment.compile(source, name, filename)
  File "/home/ptahuser/ptah-studios/venv/lib/python3.10/site-packages/jinja2/environment.py", line 771, in compile
    self.handle_exception(source=source_hint)
  File "/home/ptahuser/ptah-studios/venv/lib/python3.10/site-packages/jinja2/environment.py", line 942, in handle_exception
    raise rewrite_traceback_stack(source=source)
  File "/home/ptahuser/ptah-studios/templates/public/booking.html", line 1605, in template
    {{ form.email(class="form-input", placeholder="<a href="/cdn-cgi/l/email-protection" class="__cf_email__" data-cfemail="9cf9e4fdf1ecf0f9dcf9f1fdf5f0b2fff3f1">[email&#160;protected]</a>", oninput="clearFieldError('email')") }}
jinja2.exceptions.TemplateSyntaxError: expected token ',', got 'string'
[2026-01-18 14:28:52 +0000] [75143] [INFO] Handling signal: term
[2026-01-18 14:28:52 +0000] [75144] [INFO] Worker exiting (pid: 75144)
[2026-01-18 14:28:52 +0000] [75145] [INFO] Worker exiting (pid: 75145)
[2026-01-18 14:28:52 +0000] [75146] [INFO] Worker exiting (pid: 75146)
[2026-01-18 14:28:52 +0000] [75143] [ERROR] Worker (pid:75144) was sent SIGTERM!
[2026-01-18 14:28:52 +0000] [75143] [ERROR] Worker (pid:75146) was sent SIGTERM!
[2026-01-18 14:28:52 +0000] [75143] [ERROR] Worker (pid:75145) was sent SIGTERM!
[2026-01-18 14:28:52 +0000] [75143] [INFO] Shutting down: Master
[2026-01-18 14:28:53 +0000] [75156] [INFO] Starting gunicorn 23.0.0
[2026-01-18 14:28:53 +0000] [75156] [INFO] Listening at: unix:/home/ptahuser/ptah-studios/ptah-studios.sock (75156)
[2026-01-18 14:28:53 +0000] [75156] [INFO] Using worker: sync
[2026-01-18 14:28:53 +0000] [75158] [INFO] Booting worker with pid: 75158
[2026-01-18 14:28:53 +0000] [75159] [INFO] Booting worker with pid: 75159
[2026-01-18 14:28:53 +0000] [75160] [INFO] Booting worker with pid: 75160
[2026-01-18 14:41:39 +0000] [75156] [INFO] Handling signal: term
[2026-01-18 14:41:39 +0000] [75158] [INFO] Worker exiting (pid: 75158)
[2026-01-18 14:41:39 +0000] [75159] [INFO] Worker exiting (pid: 75159)
[2026-01-18 14:41:39 +0000] [75160] [INFO] Worker exiting (pid: 75160)
[2026-01-18 14:41:39 +0000] [75156] [ERROR] Worker (pid:75159) was sent SIGTERM!
[2026-01-18 14:41:39 +0000] [75156] [ERROR] Worker (pid:75158) was sent SIGTERM!
[2026-01-18 14:41:39 +0000] [75156] [ERROR] Worker (pid:75160) was sent SIGTERM!
[2026-01-18 14:41:39 +0000] [75156] [INFO] Shutting down: Master
[2026-01-18 14:41:39 +0000] [75177] [INFO] Starting gunicorn 23.0.0
[2026-01-18 14:41:39 +0000] [75177] [INFO] Listening at: unix:/home/ptahuser/ptah-studios/ptah-studios.sock (75177)
[2026-01-18 14:41:39 +0000] [75177] [INFO] Using worker: sync
[2026-01-18 14:41:39 +0000] [75179] [INFO] Booting worker with pid: 75179
[2026-01-18 14:41:39 +0000] [75180] [INFO] Booting worker with pid: 75180
[2026-01-18 14:41:39 +0000] [75181] [INFO] Booting worker with pid: 75181
[2026-01-18 14:48:30 +0000] [75177] [INFO] Handling signal: term
[2026-01-18 14:48:30 +0000] [75179] [INFO] Worker exiting (pid: 75179)
[2026-01-18 14:48:30 +0000] [75180] [INFO] Worker exiting (pid: 75180)
[2026-01-18 14:48:30 +0000] [75181] [INFO] Worker exiting (pid: 75181)
[2026-01-18 14:48:30 +0000] [75177] [ERROR] Worker (pid:75179) was sent SIGTERM!
[2026-01-18 14:48:30 +0000] [75177] [ERROR] Worker (pid:75180) was sent SIGTERM!
[2026-01-18 14:48:30 +0000] [75177] [ERROR] Worker (pid:75181) was sent SIGTERM!
[2026-01-18 14:48:30 +0000] [75177] [INFO] Shutting down: Master
[2026-01-18 14:48:30 +0000] [75192] [INFO] Starting gunicorn 23.0.0
[2026-01-18 14:48:30 +0000] [75192] [INFO] Listening at: unix:/home/ptahuser/ptah-studios/ptah-studios.sock (75192)
[2026-01-18 14:48:30 +0000] [75192] [INFO] Using worker: sync
[2026-01-18 14:48:30 +0000] [75195] [INFO] Booting worker with pid: 75195
[2026-01-18 14:48:30 +0000] [75196] [INFO] Booting worker with pid: 75196
[2026-01-18 14:48:30 +0000] [75197] [INFO] Booting worker with pid: 75197
[2026-01-18 14:48:34,143] ERROR in app: Exception on /about-us [GET]
Traceback (most recent call last):
  File "/home/ptahuser/ptah-studios/venv/lib/python3.10/site-packages/flask/app.py", line 1511, in wsgi_app
    response = self.full_dispatch_request()
  File "/home/ptahuser/ptah-studios/venv/lib/python3.10/site-packages/flask/app.py", line 919, in full_dispatch_request
    rv = self.handle_user_exception(e)
  File "/home/ptahuser/ptah-studios/venv/lib/python3.10/site-packages/flask/app.py", line 917, in full_dispatch_request
    rv = self.dispatch_request()
  File "/home/ptahuser/ptah-studios/venv/lib/python3.10/site-packages/flask/app.py", line 902, in dispatch_request
    return self.ensure_sync(self.view_functions[rule.endpoint])(**view_args)  # type: ignore[no-any-return]
  File "/home/ptahuser/ptah-studios/app.py", line 1512, in about_us
    return render_template('public/about-us.html')
  File "/home/ptahuser/ptah-studios/venv/lib/python3.10/site-packages/flask/templating.py", line 150, in render_template
    return _render(app, template, context)
  File "/home/ptahuser/ptah-studios/venv/lib/python3.10/site-packages/flask/templating.py", line 131, in _render
    rv = template.render(context)
  File "/home/ptahuser/ptah-studios/venv/lib/python3.10/site-packages/jinja2/environment.py", line 1295, in render
    self.environment.handle_exception()
  File "/home/ptahuser/ptah-studios/venv/lib/python3.10/site-packages/jinja2/environment.py", line 942, in handle_exception
    raise rewrite_traceback_stack(source=source)
  File "/home/ptahuser/ptah-studios/templates/public/about-us.html", line 7, in top-level template code
    {% extends "base.html" %}
  File "/home/ptahuser/ptah-studios/templates/base.html", line 83, in top-level template code
    {% block content %}{% endblock %}
  File "/home/ptahuser/ptah-studios/templates/public/about-us.html", line 1735, in block 'content'
    <a href="{{ url_for('about') }}" class="mobile-nav-link">About Us</a>
  File "/home/ptahuser/ptah-studios/venv/lib/python3.10/site-packages/flask/app.py", line 1121, in url_for
    return self.handle_url_build_error(error, endpoint, values)
  File "/home/ptahuser/ptah-studios/venv/lib/python3.10/site-packages/flask/app.py", line 1110, in url_for
    rv = url_adapter.build(  # type: ignore[union-attr]
  File "/home/ptahuser/ptah-studios/venv/lib/python3.10/site-packages/werkzeug/routing/map.py", line 924, in build
    raise BuildError(endpoint, values, method, self)
werkzeug.routing.exceptions.BuildError: Could not build url for endpoint 'about'. Did you mean 'about_us' instead?
[2026-01-18 14:48:52,819] ERROR in app: Exception on /about-us [GET]
Traceback (most recent call last):
  File "/home/ptahuser/ptah-studios/venv/lib/python3.10/site-packages/flask/app.py", line 1511, in wsgi_app
    response = self.full_dispatch_request()
  File "/home/ptahuser/ptah-studios/venv/lib/python3.10/site-packages/flask/app.py", line 919, in full_dispatch_request
    rv = self.handle_user_exception(e)
  File "/home/ptahuser/ptah-studios/venv/lib/python3.10/site-packages/flask/app.py", line 917, in full_dispatch_request
    rv = self.dispatch_request()
  File "/home/ptahuser/ptah-studios/venv/lib/python3.10/site-packages/flask/app.py", line 902, in dispatch_request
    return self.ensure_sync(self.view_functions[rule.endpoint])(**view_args)  # type: ignore[no-any-return]
  File "/home/ptahuser/ptah-studios/app.py", line 1512, in about_us
    return render_template('public/about-us.html')
  File "/home/ptahuser/ptah-studios/venv/lib/python3.10/site-packages/flask/templating.py", line 150, in render_template
    return _render(app, template, context)
  File "/home/ptahuser/ptah-studios/venv/lib/python3.10/site-packages/flask/templating.py", line 131, in _render
    rv = template.render(context)
  File "/home/ptahuser/ptah-studios/venv/lib/python3.10/site-packages/jinja2/environment.py", line 1295, in render
    self.environment.handle_exception()
  File "/home/ptahuser/ptah-studios/venv/lib/python3.10/site-packages/jinja2/environment.py", line 942, in handle_exception
    raise rewrite_traceback_stack(source=source)
  File "/home/ptahuser/ptah-studios/templates/public/about-us.html", line 7, in top-level template code
    {% extends "base.html" %}
  File "/home/ptahuser/ptah-studios/templates/base.html", line 83, in top-level template code
    {% block content %}{% endblock %}
  File "/home/ptahuser/ptah-studios/templates/public/about-us.html", line 1735, in block 'content'
    <a href="{{ url_for('about') }}" class="mobile-nav-link">About Us</a>
  File "/home/ptahuser/ptah-studios/venv/lib/python3.10/site-packages/flask/app.py", line 1121, in url_for
    return self.handle_url_build_error(error, endpoint, values)
  File "/home/ptahuser/ptah-studios/venv/lib/python3.10/site-packages/flask/app.py", line 1110, in url_for
    rv = url_adapter.build(  # type: ignore[union-attr]
  File "/home/ptahuser/ptah-studios/venv/lib/python3.10/site-packages/werkzeug/routing/map.py", line 924, in build
    raise BuildError(endpoint, values, method, self)
werkzeug.routing.exceptions.BuildError: Could not build url for endpoint 'about'. Did you mean 'about_us' instead?
[2026-01-18 14:49:55 +0000] [75192] [INFO] Handling signal: term
[2026-01-18 14:49:55 +0000] [75195] [INFO] Worker exiting (pid: 75195)
[2026-01-18 14:49:55 +0000] [75196] [INFO] Worker exiting (pid: 75196)
[2026-01-18 14:49:55 +0000] [75197] [INFO] Worker exiting (pid: 75197)
[2026-01-18 14:49:55 +0000] [75192] [ERROR] Worker (pid:75195) was sent SIGTERM!
[2026-01-18 14:49:55 +0000] [75192] [ERROR] Worker (pid:75197) was sent SIGTERM!
[2026-01-18 14:49:55 +0000] [75192] [ERROR] Worker (pid:75196) was sent SIGTERM!
[2026-01-18 14:49:55 +0000] [75192] [INFO] Shutting down: Master
[2026-01-18 14:49:55 +0000] [75202] [INFO] Starting gunicorn 23.0.0
[2026-01-18 14:49:55 +0000] [75202] [INFO] Listening at: unix:/home/ptahuser/ptah-studios/ptah-studios.sock (75202)
[2026-01-18 14:49:55 +0000] [75202] [INFO] Using worker: sync
[2026-01-18 14:49:55 +0000] [75203] [INFO] Booting worker with pid: 75203
[2026-01-18 14:49:55 +0000] [75204] [INFO] Booting worker with pid: 75204
[2026-01-18 14:49:55 +0000] [75205] [INFO] Booting worker with pid: 75205
[2026-01-18 14:50:26,947] ERROR in app: Exception on /about-us [GET]
Traceback (most recent call last):
  File "/home/ptahuser/ptah-studios/venv/lib/python3.10/site-packages/flask/app.py", line 1511, in wsgi_app
    response = self.full_dispatch_request()
  File "/home/ptahuser/ptah-studios/venv/lib/python3.10/site-packages/flask/app.py", line 919, in full_dispatch_request
    rv = self.handle_user_exception(e)
  File "/home/ptahuser/ptah-studios/venv/lib/python3.10/site-packages/flask/app.py", line 917, in full_dispatch_request
    rv = self.dispatch_request()
  File "/home/ptahuser/ptah-studios/venv/lib/python3.10/site-packages/flask/app.py", line 902, in dispatch_request
    return self.ensure_sync(self.view_functions[rule.endpoint])(**view_args)  # type: ignore[no-any-return]
  File "/home/ptahuser/ptah-studios/app.py", line 1512, in about_us
    return render_template('public/about-us.html')
  File "/home/ptahuser/ptah-studios/venv/lib/python3.10/site-packages/flask/templating.py", line 150, in render_template
    return _render(app, template, context)
  File "/home/ptahuser/ptah-studios/venv/lib/python3.10/site-packages/flask/templating.py", line 131, in _render
    rv = template.render(context)
  File "/home/ptahuser/ptah-studios/venv/lib/python3.10/site-packages/jinja2/environment.py", line 1295, in render
    self.environment.handle_exception()
  File "/home/ptahuser/ptah-studios/venv/lib/python3.10/site-packages/jinja2/environment.py", line 942, in handle_exception
    raise rewrite_traceback_stack(source=source)
  File "/home/ptahuser/ptah-studios/templates/public/about-us.html", line 7, in top-level template code
    {% extends "base.html" %}
  File "/home/ptahuser/ptah-studios/templates/base.html", line 83, in top-level template code
    {% block content %}{% endblock %}
  File "/home/ptahuser/ptah-studios/templates/public/about-us.html", line 1735, in block 'content'
    <a href="{{ url_for('about') }}" class="mobile-nav-link">About Us</a>
  File "/home/ptahuser/ptah-studios/venv/lib/python3.10/site-packages/flask/app.py", line 1121, in url_for
    return self.handle_url_build_error(error, endpoint, values)
  File "/home/ptahuser/ptah-studios/venv/lib/python3.10/site-packages/flask/app.py", line 1110, in url_for
    rv = url_adapter.build(  # type: ignore[union-attr]
  File "/home/ptahuser/ptah-studios/venv/lib/python3.10/site-packages/werkzeug/routing/map.py", line 924, in build
    raise BuildError(endpoint, values, method, self)
werkzeug.routing.exceptions.BuildError: Could not build url for endpoint 'about'. Did you mean 'about_us' instead?
[2026-01-18 15:14:19 +0000] [75202] [INFO] Handling signal: term
[2026-01-18 15:14:19 +0000] [75203] [INFO] Worker exiting (pid: 75203)
[2026-01-18 15:14:19 +0000] [75204] [INFO] Worker exiting (pid: 75204)
[2026-01-18 15:14:19 +0000] [75205] [INFO] Worker exiting (pid: 75205)
[2026-01-18 15:14:19 +0000] [75202] [ERROR] Worker (pid:75203) was sent SIGTERM!
[2026-01-18 15:14:19 +0000] [75202] [ERROR] Worker (pid:75205) was sent SIGTERM!
[2026-01-18 15:14:19 +0000] [75202] [ERROR] Worker (pid:75204) was sent SIGTERM!
[2026-01-18 15:14:20 +0000] [75202] [INFO] Shutting down: Master
[2026-01-18 15:14:20 +0000] [75720] [INFO] Starting gunicorn 23.0.0
[2026-01-18 15:14:20 +0000] [75720] [INFO] Listening at: unix:/home/ptahuser/ptah-studios/ptah-studios.sock (75720)
[2026-01-18 15:14:20 +0000] [75720] [INFO] Using worker: sync
[2026-01-18 15:14:20 +0000] [75722] [INFO] Booting worker with pid: 75722
[2026-01-18 15:14:20 +0000] [75723] [INFO] Booting worker with pid: 75723
[2026-01-18 15:14:20 +0000] [75724] [INFO] Booting worker with pid: 75724
[2026-01-18 15:20:06 +0000] [75720] [INFO] Handling signal: term
[2026-01-18 15:20:06 +0000] [75722] [INFO] Worker exiting (pid: 75722)
[2026-01-18 15:20:06 +0000] [75723] [INFO] Worker exiting (pid: 75723)
[2026-01-18 15:20:06 +0000] [75724] [INFO] Worker exiting (pid: 75724)
[2026-01-18 15:20:06 +0000] [75720] [ERROR] Worker (pid:75722) was sent SIGTERM!
[2026-01-18 15:20:06 +0000] [75720] [ERROR] Worker (pid:75723) was sent SIGTERM!
[2026-01-18 15:20:06 +0000] [75720] [ERROR] Worker (pid:75724) was sent SIGTERM!
[2026-01-18 15:20:06 +0000] [75720] [INFO] Shutting down: Master
[2026-01-18 15:20:06 +0000] [75736] [INFO] Starting gunicorn 23.0.0
[2026-01-18 15:20:06 +0000] [75736] [INFO] Listening at: unix:/home/ptahuser/ptah-studios/ptah-studios.sock (75736)
[2026-01-18 15:20:06 +0000] [75736] [INFO] Using worker: sync
[2026-01-18 15:20:06 +0000] [75738] [INFO] Booting worker with pid: 75738
[2026-01-18 15:20:06 +0000] [75739] [INFO] Booting worker with pid: 75739
[2026-01-18 15:20:06 +0000] [75740] [INFO] Booting worker with pid: 75740
[2026-01-18 15:25:08 +0000] [75736] [INFO] Handling signal: term
[2026-01-18 15:25:08 +0000] [75738] [INFO] Worker exiting (pid: 75738)
[2026-01-18 15:25:08 +0000] [75739] [INFO] Worker exiting (pid: 75739)
[2026-01-18 15:25:08 +0000] [75740] [INFO] Worker exiting (pid: 75740)
[2026-01-18 15:25:08 +0000] [75736] [ERROR] Worker (pid:75738) was sent SIGTERM!
[2026-01-18 15:25:08 +0000] [75736] [ERROR] Worker (pid:75739) was sent SIGTERM!
[2026-01-18 15:25:08 +0000] [75736] [ERROR] Worker (pid:75740) was sent SIGTERM!
[2026-01-18 15:25:08 +0000] [75736] [INFO] Shutting down: Master
[2026-01-18 15:25:08 +0000] [75750] [INFO] Starting gunicorn 23.0.0
[2026-01-18 15:25:08 +0000] [75750] [INFO] Listening at: unix:/home/ptahuser/ptah-studios/ptah-studios.sock (75750)
[2026-01-18 15:25:08 +0000] [75750] [INFO] Using worker: sync
[2026-01-18 15:25:08 +0000] [75751] [INFO] Booting worker with pid: 75751
[2026-01-18 15:25:08 +0000] [75752] [INFO] Booting worker with pid: 75752
[2026-01-18 15:25:08 +0000] [75753] [INFO] Booting worker with pid: 75753
[2026-01-18 15:26:54 +0000] [75750] [INFO] Handling signal: term
[2026-01-18 15:26:54 +0000] [75751] [INFO] Worker exiting (pid: 75751)
[2026-01-18 15:26:54 +0000] [75752] [INFO] Worker exiting (pid: 75752)
[2026-01-18 15:26:54 +0000] [75753] [INFO] Worker exiting (pid: 75753)
[2026-01-18 15:26:54 +0000] [75750] [ERROR] Worker (pid:75752) was sent SIGTERM!
[2026-01-18 15:26:54 +0000] [75750] [ERROR] Worker (pid:75751) was sent SIGTERM!
[2026-01-18 15:26:54 +0000] [75750] [ERROR] Worker (pid:75753) was sent SIGTERM!
[2026-01-18 15:26:54 +0000] [75750] [INFO] Shutting down: Master
[2026-01-18 15:26:54 +0000] [75759] [INFO] Starting gunicorn 23.0.0
[2026-01-18 15:26:54 +0000] [75759] [INFO] Listening at: unix:/home/ptahuser/ptah-studios/ptah-studios.sock (75759)
[2026-01-18 15:26:54 +0000] [75759] [INFO] Using worker: sync
[2026-01-18 15:26:54 +0000] [75762] [INFO] Booting worker with pid: 75762
[2026-01-18 15:26:54 +0000] [75763] [INFO] Booting worker with pid: 75763
[2026-01-18 15:26:54 +0000] [75764] [INFO] Booting worker with pid: 75764
[2026-01-18 15:28:21 +0000] [75759] [INFO] Handling signal: term
[2026-01-18 15:28:21 +0000] [75762] [INFO] Worker exiting (pid: 75762)
[2026-01-18 15:28:21 +0000] [75763] [INFO] Worker exiting (pid: 75763)
[2026-01-18 15:28:21 +0000] [75764] [INFO] Worker exiting (pid: 75764)
[2026-01-18 15:28:21 +0000] [75759] [ERROR] Worker (pid:75762) was sent SIGTERM!
[2026-01-18 15:28:21 +0000] [75759] [ERROR] Worker (pid:75763) was sent SIGTERM!
[2026-01-18 15:28:21 +0000] [75759] [ERROR] Worker (pid:75764) was sent SIGTERM!
[2026-01-18 15:28:21 +0000] [75759] [INFO] Shutting down: Master
[2026-01-18 15:28:21 +0000] [75769] [INFO] Starting gunicorn 23.0.0
[2026-01-18 15:28:21 +0000] [75769] [INFO] Listening at: unix:/home/ptahuser/ptah-studios/ptah-studios.sock (75769)
[2026-01-18 15:28:21 +0000] [75769] [INFO] Using worker: sync
[2026-01-18 15:28:21 +0000] [75770] [INFO] Booting worker with pid: 75770
[2026-01-18 15:28:21 +0000] [75771] [INFO] Booting worker with pid: 75771
[2026-01-18 15:28:21 +0000] [75772] [INFO] Booting worker with pid: 75772
[2026-01-18 15:30:52 +0000] [75769] [INFO] Handling signal: term
[2026-01-18 15:30:52 +0000] [75770] [INFO] Worker exiting (pid: 75770)
[2026-01-18 15:30:52 +0000] [75771] [INFO] Worker exiting (pid: 75771)
[2026-01-18 15:30:52 +0000] [75772] [INFO] Worker exiting (pid: 75772)
[2026-01-18 15:30:52 +0000] [75769] [ERROR] Worker (pid:75770) was sent SIGTERM!
[2026-01-18 15:30:52 +0000] [75769] [ERROR] Worker (pid:75771) was sent SIGTERM!
[2026-01-18 15:30:52 +0000] [75769] [ERROR] Worker (pid:75772) was sent SIGTERM!
[2026-01-18 15:30:52 +0000] [75769] [INFO] Shutting down: Master
[2026-01-18 15:30:53 +0000] [75780] [INFO] Starting gunicorn 23.0.0
[2026-01-18 15:30:53 +0000] [75780] [INFO] Listening at: unix:/home/ptahuser/ptah-studios/ptah-studios.sock (75780)
[2026-01-18 15:30:53 +0000] [75780] [INFO] Using worker: sync
[2026-01-18 15:30:53 +0000] [75781] [INFO] Booting worker with pid: 75781
[2026-01-18 15:30:53 +0000] [75782] [INFO] Booting worker with pid: 75782
[2026-01-18 15:30:53 +0000] [75783] [INFO] Booting worker with pid: 75783
[2026-01-18 15:33:43 +0000] [75780] [INFO] Handling signal: term
[2026-01-18 15:33:43 +0000] [75782] [INFO] Worker exiting (pid: 75782)
[2026-01-18 15:33:43 +0000] [75783] [INFO] Worker exiting (pid: 75783)
[2026-01-18 15:33:43 +0000] [75781] [INFO] Worker exiting (pid: 75781)
[2026-01-18 15:33:43 +0000] [75780] [ERROR] Worker (pid:75782) was sent SIGTERM!
[2026-01-18 15:33:43 +0000] [75780] [ERROR] Worker (pid:75781) was sent SIGTERM!
[2026-01-18 15:33:43 +0000] [75780] [ERROR] Worker (pid:75783) was sent SIGTERM!
[2026-01-18 15:33:44 +0000] [75780] [INFO] Shutting down: Master
[2026-01-18 15:33:44 +0000] [75790] [INFO] Starting gunicorn 23.0.0
[2026-01-18 15:33:44 +0000] [75790] [INFO] Listening at: unix:/home/ptahuser/ptah-studios/ptah-studios.sock (75790)
[2026-01-18 15:33:44 +0000] [75790] [INFO] Using worker: sync
[2026-01-18 15:33:44 +0000] [75793] [INFO] Booting worker with pid: 75793
[2026-01-18 15:33:44 +0000] [75794] [INFO] Booting worker with pid: 75794
[2026-01-18 15:33:44 +0000] [75795] [INFO] Booting worker with pid: 75795
[2026-01-18 15:35:29 +0000] [75793] [INFO] Worker exiting (pid: 75793)
[2026-01-18 15:35:29 +0000] [75795] [INFO] Worker exiting (pid: 75795)
[2026-01-18 15:35:29 +0000] [75794] [INFO] Worker exiting (pid: 75794)
[2026-01-18 15:35:29 +0000] [75790] [INFO] Handling signal: term
[2026-01-18 15:35:29 +0000] [75790] [ERROR] Worker (pid:75793) was sent SIGTERM!
[2026-01-18 15:35:29 +0000] [75790] [ERROR] Worker (pid:75794) was sent SIGTERM!
[2026-01-18 15:35:29 +0000] [75790] [ERROR] Worker (pid:75795) was sent SIGTERM!
[2026-01-18 15:35:29 +0000] [75790] [INFO] Shutting down: Master
[2026-01-18 15:35:29 +0000] [75806] [INFO] Starting gunicorn 23.0.0
[2026-01-18 15:35:29 +0000] [75806] [INFO] Listening at: unix:/home/ptahuser/ptah-studios/ptah-studios.sock (75806)
[2026-01-18 15:35:29 +0000] [75806] [INFO] Using worker: sync
[2026-01-18 15:35:29 +0000] [75807] [INFO] Booting worker with pid: 75807
[2026-01-18 15:35:29 +0000] [75808] [INFO] Booting worker with pid: 75808
[2026-01-18 15:35:29 +0000] [75809] [INFO] Booting worker with pid: 75809
[2026-01-18 15:39:30 +0000] [75806] [INFO] Handling signal: term
[2026-01-18 15:39:30 +0000] [75808] [INFO] Worker exiting (pid: 75808)
[2026-01-18 15:39:30 +0000] [75809] [INFO] Worker exiting (pid: 75809)
[2026-01-18 15:39:30 +0000] [75807] [INFO] Worker exiting (pid: 75807)
[2026-01-18 15:39:30 +0000] [75806] [ERROR] Worker (pid:75808) was sent SIGTERM!
[2026-01-18 15:39:30 +0000] [75806] [ERROR] Worker (pid:75809) was sent SIGTERM!
[2026-01-18 15:39:30 +0000] [75806] [INFO] Shutting down: Master
[2026-01-18 15:39:30 +0000] [75826] [INFO] Starting gunicorn 23.0.0
[2026-01-18 15:39:30 +0000] [75826] [INFO] Listening at: unix:/home/ptahuser/ptah-studios/ptah-studios.sock (75826)
[2026-01-18 15:39:30 +0000] [75826] [INFO] Using worker: sync
[2026-01-18 15:39:30 +0000] [75829] [INFO] Booting worker with pid: 75829
[2026-01-18 15:39:31 +0000] [75830] [INFO] Booting worker with pid: 75830
[2026-01-18 15:39:31 +0000] [75831] [INFO] Booting worker with pid: 75831
[2026-01-18 15:45:27 +0000] [75826] [INFO] Handling signal: term
[2026-01-18 15:45:27 +0000] [75829] [INFO] Worker exiting (pid: 75829)
[2026-01-18 15:45:27 +0000] [75830] [INFO] Worker exiting (pid: 75830)
[2026-01-18 15:45:27 +0000] [75831] [INFO] Worker exiting (pid: 75831)
[2026-01-18 15:45:27 +0000] [75826] [ERROR] Worker (pid:75829) was sent SIGTERM!
[2026-01-18 15:45:27 +0000] [75826] [ERROR] Worker (pid:75831) was sent SIGTERM!
[2026-01-18 15:45:27 +0000] [75826] [ERROR] Worker (pid:75830) was sent SIGTERM!
[2026-01-18 15:45:27 +0000] [75826] [INFO] Shutting down: Master
[2026-01-18 15:45:27 +0000] [75846] [INFO] Starting gunicorn 23.0.0
[2026-01-18 15:45:27 +0000] [75846] [INFO] Listening at: unix:/home/ptahuser/ptah-studios/ptah-studios.sock (75846)
[2026-01-18 15:45:27 +0000] [75846] [INFO] Using worker: sync
[2026-01-18 15:45:27 +0000] [75849] [INFO] Booting worker with pid: 75849
[2026-01-18 15:45:27 +0000] [75850] [INFO] Booting worker with pid: 75850
[2026-01-18 15:45:27 +0000] [75851] [INFO] Booting worker with pid: 75851
[2026-01-18 15:48:52 +0000] [75846] [INFO] Handling signal: term
[2026-01-18 15:48:52 +0000] [75849] [INFO] Worker exiting (pid: 75849)
[2026-01-18 15:48:52 +0000] [75851] [INFO] Worker exiting (pid: 75851)
[2026-01-18 15:48:52 +0000] [75850] [INFO] Worker exiting (pid: 75850)
[2026-01-18 15:48:52 +0000] [75846] [ERROR] Worker (pid:75851) was sent SIGTERM!
[2026-01-18 15:48:52 +0000] [75846] [ERROR] Worker (pid:75850) was sent SIGTERM!
[2026-01-18 15:48:52 +0000] [75846] [ERROR] Worker (pid:75849) was sent SIGTERM!
[2026-01-18 15:48:52 +0000] [75846] [INFO] Shutting down: Master
[2026-01-18 15:48:52 +0000] [75876] [INFO] Starting gunicorn 23.0.0
[2026-01-18 15:48:52 +0000] [75876] [INFO] Listening at: unix:/home/ptahuser/ptah-studios/ptah-studios.sock (75876)
[2026-01-18 15:48:52 +0000] [75876] [INFO] Using worker: sync
[2026-01-18 15:48:52 +0000] [75877] [INFO] Booting worker with pid: 75877
[2026-01-18 15:48:52 +0000] [75878] [INFO] Booting worker with pid: 75878
[2026-01-18 15:48:52 +0000] [75879] [INFO] Booting worker with pid: 75879
[2026-01-18 15:53:50 +0000] [75876] [INFO] Handling signal: term
[2026-01-18 15:53:50 +0000] [75877] [INFO] Worker exiting (pid: 75877)
[2026-01-18 15:53:50 +0000] [75879] [INFO] Worker exiting (pid: 75879)
[2026-01-18 15:53:50 +0000] [75878] [INFO] Worker exiting (pid: 75878)
[2026-01-18 15:53:50 +0000] [75876] [ERROR] Worker (pid:75879) was sent SIGTERM!
[2026-01-18 15:53:50 +0000] [75876] [ERROR] Worker (pid:75877) was sent SIGTERM!
[2026-01-18 15:53:50 +0000] [75876] [ERROR] Worker (pid:75878) was sent SIGTERM!
[2026-01-18 15:53:50 +0000] [75876] [INFO] Shutting down: Master
[2026-01-18 15:53:50 +0000] [75889] [INFO] Starting gunicorn 23.0.0
[2026-01-18 15:53:50 +0000] [75889] [INFO] Listening at: unix:/home/ptahuser/ptah-studios/ptah-studios.sock (75889)
[2026-01-18 15:53:50 +0000] [75889] [INFO] Using worker: sync
[2026-01-18 15:53:50 +0000] [75891] [INFO] Booting worker with pid: 75891
[2026-01-18 15:53:50 +0000] [75892] [INFO] Booting worker with pid: 75892
[2026-01-18 15:53:50 +0000] [75893] [INFO] Booting worker with pid: 75893
[2026-01-18 16:16:57 +0000] [75889] [INFO] Handling signal: term
[2026-01-18 16:16:57 +0000] [75891] [INFO] Worker exiting (pid: 75891)
[2026-01-18 16:16:57 +0000] [75892] [INFO] Worker exiting (pid: 75892)
[2026-01-18 16:16:57 +0000] [75893] [INFO] Worker exiting (pid: 75893)
[2026-01-18 16:16:57 +0000] [75889] [ERROR] Worker (pid:75891) was sent SIGTERM!
[2026-01-18 16:16:57 +0000] [75889] [ERROR] Worker (pid:75892) was sent SIGTERM!
[2026-01-18 16:16:57 +0000] [75889] [ERROR] Worker (pid:75893) was sent SIGTERM!
[2026-01-18 16:16:57 +0000] [75889] [INFO] Shutting down: Master
[2026-01-18 16:16:57 +0000] [75914] [INFO] Starting gunicorn 23.0.0
[2026-01-18 16:16:57 +0000] [75914] [INFO] Listening at: unix:/home/ptahuser/ptah-studios/ptah-studios.sock (75914)
[2026-01-18 16:16:57 +0000] [75914] [INFO] Using worker: sync
[2026-01-18 16:16:57 +0000] [75917] [INFO] Booting worker with pid: 75917
[2026-01-18 16:16:57 +0000] [75918] [INFO] Booting worker with pid: 75918
[2026-01-18 16:16:57 +0000] [75919] [INFO] Booting worker with pid: 75919
[2026-01-18 16:17:44 +0000] [75914] [INFO] Handling signal: term
[2026-01-18 16:17:44 +0000] [75917] [INFO] Worker exiting (pid: 75917)
[2026-01-18 16:17:44 +0000] [75918] [INFO] Worker exiting (pid: 75918)
[2026-01-18 16:17:44 +0000] [75919] [INFO] Worker exiting (pid: 75919)
[2026-01-18 16:17:44 +0000] [75914] [ERROR] Worker (pid:75918) was sent SIGTERM!
[2026-01-18 16:17:44 +0000] [75914] [ERROR] Worker (pid:75919) was sent SIGTERM!
[2026-01-18 16:17:44 +0000] [75914] [ERROR] Worker (pid:75917) was sent SIGTERM!
[2026-01-18 16:17:44 +0000] [75914] [INFO] Shutting down: Master
[2026-01-18 16:17:44 +0000] [75928] [INFO] Starting gunicorn 23.0.0
[2026-01-18 16:17:44 +0000] [75928] [INFO] Listening at: unix:/home/ptahuser/ptah-studios/ptah-studios.sock (75928)
[2026-01-18 16:17:44 +0000] [75928] [INFO] Using worker: sync
[2026-01-18 16:17:44 +0000] [75929] [INFO] Booting worker with pid: 75929
[2026-01-18 16:17:44 +0000] [75930] [INFO] Booting worker with pid: 75930
[2026-01-18 16:17:44 +0000] [75931] [INFO] Booting worker with pid: 75931
[2026-01-18 17:01:58 +0000] [75928] [INFO] Handling signal: term
[2026-01-18 17:01:58 +0000] [75929] [INFO] Worker exiting (pid: 75929)
[2026-01-18 17:01:58 +0000] [75931] [INFO] Worker exiting (pid: 75931)
[2026-01-18 17:01:58 +0000] [75930] [INFO] Worker exiting (pid: 75930)
[2026-01-18 17:01:58 +0000] [75928] [ERROR] Worker (pid:75930) was sent SIGTERM!
[2026-01-18 17:01:58 +0000] [75928] [ERROR] Worker (pid:75929) was sent SIGTERM!
[2026-01-18 17:01:58 +0000] [75928] [ERROR] Worker (pid:75931) was sent SIGTERM!
[2026-01-18 17:01:58 +0000] [75928] [INFO] Shutting down: Master
[2026-01-18 17:01:58 +0000] [76005] [INFO] Starting gunicorn 23.0.0
[2026-01-18 17:01:58 +0000] [76005] [INFO] Listening at: unix:/home/ptahuser/ptah-studios/ptah-studios.sock (76005)
[2026-01-18 17:01:58 +0000] [76005] [INFO] Using worker: sync
[2026-01-18 17:01:58 +0000] [76007] [INFO] Booting worker with pid: 76007
[2026-01-18 17:01:59 +0000] [76008] [INFO] Booting worker with pid: 76008
[2026-01-18 17:01:59 +0000] [76009] [INFO] Booting worker with pid: 76009
